Old_Path,New_Path,Status,Reason,Time
E:\football_v\.pytest_cache,E:\football_v\TEMP_.pytest_cache,RENAMED,Temporary asset,2026-07-25 14:11:05.263399
E:\football_v\106_REAL_ODDS_HISTORY_ENGINE,E:\football_v\ARCHIVE_106_REAL_ODDS_HISTORY_ENGINE,RENAMED,Historical asset,2026-07-25 14:11:05.263399
E:\football_v\146_HISTORY_CONVERSATION_STORE,E:\football_v\ARCHIVE_146_HISTORY_CONVERSATION_STORE,RENAMED,Historical asset,2026-07-25 14:11:05.263399
E:\football_v\__pycache__,E:\football_v\TEMP___pycache__,RENAMED,Temporary asset,2026-07-25 14:11:05.263399
E:\football_v\legacy_delete_check.py,E:\football_v\ARCHIVE_legacy_delete_check.py,RENAMED,Historical asset,2026-07-25 14:11:05.263399
E:\football_v\.venv\Lib\site-packages\pip\__pycache__,E:\football_v\.venv\Lib\site-packages\pip\TEMP___pycache__,RENAMED,Temporary asset,2026-07-25 14:11:05.263399
E:\football_v\.venv\Lib\site-packages\pip\_internal\__pycache__,E:\football_v\.venv\Lib\site-packages\pip\_internal\TEMP___pycache__,RENAMED,Temporary asset,2026-07-25 14:11:05.279186
E:\football_v\.venv\Lib\site-packages\pip\_internal\cache.py,E:\football_v\.venv\Lib\site-packages\pip\_internal\TEMP_cache.py,RENAMED,Temporary asset,2026-07-25 14:11:05.316013
E:\football_v\.venv\Lib\site-packages\pip\_internal\cli\__pycache__,E:\football_v\.venv\Lib\site-packages\pip\_internal\cli\TEMP___pycache__,RENAMED,Temporary asset,2026-07-25 14:11:05.316013
E:\football_v\.venv\Lib\site-packages\pip\_internal\commands\__pycache__,E:\football_v\.venv\Lib\site-packages\pip\_internal\commands\TEMP___pycache__,RENAMED,Temporary asset,2026-07-25 14:11:05.316013
E:\football_v\.venv\Lib\site-packages\pip\_internal\commands\cache.py,E:\football_v\.venv\Lib\site-packages\pip\_internal\commands\TEMP_cache.py,RENAMED,Temporary asset,2026-07-25 14:11:05.316013
E:\football_v\.venv\Lib\site-packages\pip\_internal\commands\debug.py,E:\football_v\.venv\Lib\site-packages\pip\_internal\commands\TEMP_debug.py,RENAMED,Temporary asset,2026-07-25 14:11:05.316013
E:\football_v\.venv\Lib\site-packages\pip\_internal\distributions\__pycache__,E:\football_v\.venv\Lib\site-packages\pip\_internal\distributions\TEMP___pycache__,RENAMED,Temporary asset,2026-07-25 14:11:05.316013
E:\football_v\.venv\Lib\site-packages\pip\_internal\index\__pycache__,E:\football_v\.venv\Lib\site-packages\pip\_internal\index\TEMP___pycache__,RENAMED,Temporary asset,2026-07-25 14:11:05.316013
E:\football_v\.venv\Lib\site-packages\pip\_internal\locations\__pycache__,E:\football_v\.venv\Lib\site-packages\pip\_internal\locations\TEMP___pycache__,RENAMED,Temporary asset,2026-07-25 14:11:05.316013
E:\football_v\.venv\Lib\site-packages\pip\_internal\metadata\__pycache__,E:\football_v\.venv\Lib\site-packages\pip\_internal\metadata\TEMP___pycache__,RENAMED,Temporary asset,2026-07-25 14:11:05.316013
E:\football_v\.venv\Lib\site-packages\pip\_internal\metadata\importlib\__pycache__,E:\football_v\.venv\Lib\site-packages\pip\_internal\metadata\importlib\TEMP___pycache__,RENAMED,Temporary asset,2026-07-25 14:11:05.316013
E:\football_v\.venv\Lib\site-packages\pip\_internal\models\__pycache__,E:\football_v\.venv\Lib\site-packages\pip\_internal\models\TEMP___pycache__,RENAMED,Temporary asset,2026-07-25 14:11:05.316013
E:\football_v\.venv\Lib\site-packages\pip\_internal\network\__pycache__,E:\football_v\.venv\Lib\site-packages\pip\_internal\network\TEMP___pycache__,RENAMED,Temporary asset,2026-07-25 14:11:05.331574
E:\football_v\.venv\Lib\site-packages\pip\_internal\network\cache.py,E:\football_v\.venv\Lib\site-packages\pip\_internal\network\TEMP_cache.py,RENAMED,Temporary asset,2026-07-25 14:11:05.332227
E:\football_v\.venv\Lib\site-packages\pip\_internal\operations\__pycache__,E:\football_v\.venv\Lib\site-packages\pip\_internal\operations\TEMP___pycache__,RENAMED,Temporary asset,2026-07-25 14:11:05.332227
E:\football_v\.venv\Lib\site-packages\pip\_internal\operations\build\__pycache__,E:\football_v\.venv\Lib\site-packages\pip\_internal\operations\build\TEMP___pycache__,RENAMED,Temporary asset,2026-07-25 14:11:05.332227
E:\football_v\.venv\Lib\site-packages\pip\_internal\operations\build\metadata_legacy.py,E:\football_v\.venv\Lib\site-packages\pip\_internal\operations\build\ARCHIVE_metadata_legacy.py,RENAMED,Historical asset,2026-07-25 14:11:05.332227
E:\football_v\.venv\Lib\site-packages\pip\_internal\operations\build\wheel_legacy.py,E:\football_v\.venv\Lib\site-packages\pip\_internal\operations\build\ARCHIVE_wheel_legacy.py,RENAMED,Historical asset,2026-07-25 14:11:05.332227
E:\football_v\.venv\Lib\site-packages\pip\_internal\operations\install\__pycache__,E:\football_v\.venv\Lib\site-packages\pip\_internal\operations\install\TEMP___pycache__,RENAMED,Temporary asset,2026-07-25 14:11:05.332227
E:\football_v\.venv\Lib\site-packages\pip\_internal\operations\install\editable_legacy.py,E:\football_v\.venv\Lib\site-packages\pip\_internal\operations\install\ARCHIVE_editable_legacy.py,RENAMED,Historical asset,2026-07-25 14:11:05.332227
E:\football_v\.venv\Lib\site-packages\pip\_internal\req\__pycache__,E:\football_v\.venv\Lib\site-packages\pip\_internal\req\TEMP___pycache__,RENAMED,Temporary asset,2026-07-25 14:11:05.332227
E:\football_v\.venv\Lib\site-packages\pip\_internal\resolution\legacy,E:\football_v\.venv\Lib\site-packages\pip\_internal\resolution\ARCHIVE_legacy,RENAMED,Historical asset,2026-07-25 14:11:05.332227
E:\football_v\.venv\Lib\site-packages\pip\_internal\resolution\__pycache__,E:\football_v\.venv\Lib\site-packages\pip\_internal\resolution\TEMP___pycache__,RENAMED,Temporary asset,2026-07-25 14:11:05.332227
E:\football_v\.venv\Lib\site-packages\pip\_internal\resolution\resolvelib\__pycache__,E:\football_v\.venv\Lib\site-packages\pip\_internal\resolution\resolvelib\TEMP___pycache__,RENAMED,Temporary asset,2026-07-25 14:11:05.332227
E:\football_v\.venv\Lib\site-packages\pip\_internal\utils\__pycache__,E:\football_v\.venv\Lib\site-packages\pip\_internal\utils\TEMP___pycache__,RENAMED,Temporary asset,2026-07-25 14:11:05.332227
E:\football_v\.venv\Lib\site-packages\pip\_internal\utils\temp_dir.py,E:\football_v\.venv\Lib\site-packages\pip\_internal\utils\TEMP_temp_dir.py,RENAMED,Temporary asset,2026-07-25 14:11:05.332227
E:\football_v\.venv\Lib\site-packages\pip\_internal\vcs\__pycache__,E:\football_v\.venv\Lib\site-packages\pip\_internal\vcs\TEMP___pycache__,RENAMED,Temporary asset,2026-07-25 14:11:05.332227
E:\football_v\.venv\Lib\site-packages\pip\_vendor\cachecontrol,E:\football_v\.venv\Lib\site-packages\pip\_vendor\TEMP_cachecontrol,RENAMED,Temporary asset,2026-07-25 14:11:05.332227
E:\football_v\.venv\Lib\site-packages\pip\_vendor\__pycache__,E:\football_v\.venv\Lib\site-packages\pip\_vendor\TEMP___pycache__,RENAMED,Temporary asset,2026-07-25 14:11:05.332227
E:\football_v\.venv\Lib\site-packages\pip\_vendor\certifi\__pycache__,E:\football_v\.venv\Lib\site-packages\pip\_vendor\certifi\TEMP___pycache__,RENAMED,Temporary asset,2026-07-25 14:11:05.332227
E:\football_v\.venv\Lib\site-packages\pip\_vendor\distlib\__pycache__,E:\football_v\.venv\Lib\site-packages\pip\_vendor\distlib\TEMP___pycache__,RENAMED,Temporary asset,2026-07-25 14:11:05.332227
E:\football_v\.venv\Lib\site-packages\pip\_vendor\distro\__pycache__,E:\football_v\.venv\Lib\site-packages\pip\_vendor\distro\TEMP___pycache__,RENAMED,Temporary asset,2026-07-25 14:11:05.332227
E:\football_v\.venv\Lib\site-packages\pip\_vendor\idna\__pycache__,E:\football_v\.venv\Lib\site-packages\pip\_vendor\idna\TEMP___pycache__,RENAMED,Temporary asset,2026-07-25 14:11:05.332227
E:\football_v\.venv\Lib\site-packages\pip\_vendor\msgpack\__pycache__,E:\football_v\.venv\Lib\site-packages\pip\_vendor\msgpack\TEMP___pycache__,RENAMED,Temporary asset,2026-07-25 14:11:05.332227
E:\football_v\.venv\Lib\site-packages\pip\_vendor\packaging\__pycache__,E:\football_v\.venv\Lib\site-packages\pip\_vendor\packaging\TEMP___pycache__,RENAMED,Temporary asset,2026-07-25 14:11:05.332227
E:\football_v\.venv\Lib\site-packages\pip\_vendor\packaging\licenses\__pycache__,E:\football_v\.venv\Lib\site-packages\pip\_vendor\packaging\licenses\TEMP___pycache__,RENAMED,Temporary asset,2026-07-25 14:11:05.332227
E:\football_v\.venv\Lib\site-packages\pip\_vendor\pkg_resources\__pycache__,E:\football_v\.venv\Lib\site-packages\pip\_vendor\pkg_resources\TEMP___pycache__,RENAMED,Temporary asset,2026-07-25 14:11:05.332227
E:\football_v\.venv\Lib\site-packages\pip\_vendor\platformdirs\__pycache__,E:\football_v\.venv\Lib\site-packages\pip\_vendor\platformdirs\TEMP___pycache__,RENAMED,Temporary asset,2026-07-25 14:11:05.347848
E:\football_v\.venv\Lib\site-packages\pip\_vendor\pygments\__pycache__,E:\football_v\.venv\Lib\site-packages\pip\_vendor\pygments\TEMP___pycache__,RENAMED,Temporary asset,2026-07-25 14:11:05.347848
E:\football_v\.venv\Lib\site-packages\pip\_vendor\pygments\filters\__pycache__,E:\football_v\.venv\Lib\site-packages\pip\_vendor\pygments\filters\TEMP___pycache__,RENAMED,Temporary asset,2026-07-25 14:11:05.347848
E:\football_v\.venv\Lib\site-packages\pip\_vendor\pygments\formatters\__pycache__,E:\football_v\.venv\Lib\site-packages\pip\_vendor\pygments\formatters\TEMP___pycache__,RENAMED,Temporary asset,2026-07-25 14:11:05.347848
E:\football_v\.venv\Lib\site-packages\pip\_vendor\pygments\lexers\__pycache__,E:\football_v\.venv\Lib\site-packages\pip\_vendor\pygments\lexers\TEMP___pycache__,RENAMED,Temporary asset,2026-07-25 14:11:05.347848
E:\football_v\.venv\Lib\site-packages\pip\_vendor\pygments\styles\__pycache__,E:\football_v\.venv\Lib\site-packages\pip\_vendor\pygments\styles\TEMP___pycache__,RENAMED,Temporary asset,2026-07-25 14:11:05.347848
E:\football_v\.venv\Lib\site-packages\pip\_vendor\pyproject_hooks\__pycache__,E:\football_v\.venv\Lib\site-packages\pip\_vendor\pyproject_hooks\TEMP___pycache__,RENAMED,Temporary asset,2026-07-25 14:11:05.347848
E:\football_v\.venv\Lib\site-packages\pip\_vendor\pyproject_hooks\_in_process\__pycache__,E:\football_v\.venv\Lib\site-packages\pip\_vendor\pyproject_hooks\_in_process\TEMP___pycache__,RENAMED,Temporary asset,2026-07-25 14:11:05.347848
E:\football_v\.venv\Lib\site-packages\pip\_vendor\requests\__pycache__,E:\football_v\.venv\Lib\site-packages\pip\_vendor\requests\TEMP___pycache__,RENAMED,Temporary asset,2026-07-25 14:11:05.347848
E:\football_v\.venv\Lib\site-packages\pip\_vendor\resolvelib\__pycache__,E:\football_v\.venv\Lib\site-packages\pip\_vendor\resolvelib\TEMP___pycache__,RENAMED,Temporary asset,2026-07-25 14:11:05.347848
E:\football_v\.venv\Lib\site-packages\pip\_vendor\resolvelib\compat\__pycache__,E:\football_v\.venv\Lib\site-packages\pip\_vendor\resolvelib\compat\TEMP___pycache__,RENAMED,Temporary asset,2026-07-25 14:11:05.347848
E:\football_v\.venv\Lib\site-packages\pip\_vendor\rich\__pycache__,E:\football_v\.venv\Lib\site-packages\pip\_vendor\rich\TEMP___pycache__,RENAMED,Temporary asset,2026-07-25 14:11:05.347848
E:\football_v\.venv\Lib\site-packages\pip\_vendor\tomli\__pycache__,E:\football_v\.venv\Lib\site-packages\pip\_vendor\tomli\TEMP___pycache__,RENAMED,Temporary asset,2026-07-25 14:11:05.347848
E:\football_v\.venv\Lib\site-packages\pip\_vendor\truststore\__pycache__,E:\football_v\.venv\Lib\site-packages\pip\_vendor\truststore\TEMP___pycache__,RENAMED,Temporary asset,2026-07-25 14:11:05.347848
E:\football_v\.venv\Lib\site-packages\pip\_vendor\urllib3\__pycache__,E:\football_v\.venv\Lib\site-packages\pip\_vendor\urllib3\TEMP___pycache__,RENAMED,Temporary asset,2026-07-25 14:11:05.347848
E:\football_v\.venv\Lib\site-packages\pip\_vendor\urllib3\contrib\__pycache__,E:\football_v\.venv\Lib\site-packages\pip\_vendor\urllib3\contrib\TEMP___pycache__,RENAMED,Temporary asset,2026-07-25 14:11:05.347848
E:\football_v\.venv\Lib\site-packages\pip\_vendor\urllib3\contrib\_securetransport\__pycache__,E:\football_v\.venv\Lib\site-packages\pip\_vendor\urllib3\contrib\_securetransport\TEMP___pycache__,RENAMED,Temporary asset,2026-07-25 14:11:05.347848
E:\football_v\.venv\Lib\site-packages\pip\_vendor\urllib3\packages\__pycache__,E:\football_v\.venv\Lib\site-packages\pip\_vendor\urllib3\packages\TEMP___pycache__,RENAMED,Temporary asset,2026-07-25 14:11:05.347848
E:\football_v\.venv\Lib\site-packages\pip\_vendor\urllib3\packages\backports\__pycache__,E:\football_v\.venv\Lib\site-packages\pip\_vendor\urllib3\packages\backports\TEMP___pycache__,RENAMED,Temporary asset,2026-07-25 14:11:05.347848
E:\football_v\.venv\Lib\site-packages\pip\_vendor\urllib3\util\__pycache__,E:\football_v\.venv\Lib\site-packages\pip\_vendor\urllib3\util\TEMP___pycache__,RENAMED,Temporary asset,2026-07-25 14:11:05.347848
E:\football_v\00_System_OS\ARCHITECTURE_CLEANUP\architecture_classifier\__pycache__,E:\football_v\00_System_OS\ARCHITECTURE_CLEANUP\architecture_classifier\TEMP___pycache__,RENAMED,Temporary asset,2026-07-25 14:11:05.347848
E:\football_v\00_System_OS\ARCHITECTURE_CLEANUP\architecture_scanner\__pycache__,E:\football_v\00_System_OS\ARCHITECTURE_CLEANUP\architecture_scanner\TEMP___pycache__,RENAMED,Temporary asset,2026-07-25 14:11:05.347848
E:\football_v\00_System_OS\ARCHITECTURE_CLEANUP\config\__pycache__,E:\football_v\00_System_OS\ARCHITECTURE_CLEANUP\config\TEMP___pycache__,RENAMED,Temporary asset,2026-07-25 14:11:05.347848
E:\football_v\00_System_OS\ARCHITECTURE_CLEANUP\registry_manager\__pycache__,E:\football_v\00_System_OS\ARCHITECTURE_CLEANUP\registry_manager\TEMP___pycache__,RENAMED,Temporary asset,2026-07-25 14:11:05.363469
E:\football_v\00_System_OS\Automation\task_manager\task_history.json,E:\football_v\00_System_OS\Automation\task_manager\ARCHIVE_task_history.json,RENAMED,Historical asset,2026-07-25 14:11:05.363469
E:\football_v\00_System_OS\documentation\checkpoint\FOOTBALL_AI_OS_DEVELOPMENT_TASK_TEMPLATE.txt,E:\football_v\00_System_OS\documentation\checkpoint\TEMP_FOOTBALL_AI_OS_DEVELOPMENT_TASK_TEMPLATE.txt,RENAMED,Temporary asset,2026-07-25 14:11:05.363469
E:\football_v\00_System_OS\documentation\checkpoint\FOOTBALL_AI_OS_VERSION_INFO_TEMPLATE.txt,E:\football_v\00_System_OS\documentation\checkpoint\TEMP_FOOTBALL_AI_OS_VERSION_INFO_TEMPLATE.txt,RENAMED,Temporary asset,2026-07-25 14:11:05.363469
E:\football_v\00_System_OS\File_Manager\lifecycle\lifecycle_history.json,E:\football_v\00_System_OS\File_Manager\lifecycle\ARCHIVE_lifecycle_history.json,RENAMED,Historical asset,2026-07-25 14:11:05.363469
E:\football_v\00_System_OS\project_management\archive\version_history,E:\football_v\00_System_OS\project_management\archive\ARCHIVE_version_history,RENAMED,Historical asset,2026-07-25 14:11:05.363469
E:\football_v\00_System_OS\registry\module_template.json,E:\football_v\00_System_OS\registry\TEMP_module_template.json,RENAMED,Temporary asset,2026-07-25 14:11:05.363469
E:\football_v\00_System_OS\scripts\legacy_archive_finalize_v12.ps1,E:\football_v\00_System_OS\scripts\ARCHIVE_legacy_archive_finalize_v12.ps1,RENAMED,Historical asset,2026-07-25 14:11:05.363469
E:\football_v\00_System_OS\scripts\legacy_cleanup_v10.ps1,E:\football_v\00_System_OS\scripts\ARCHIVE_legacy_cleanup_v10.ps1,RENAMED,Historical asset,2026-07-25 14:11:05.363469
E:\football_v\00_SYSTEM_TOOLS\Module_Deployment_Tool\templates,E:\football_v\00_SYSTEM_TOOLS\Module_Deployment_Tool\TEMP_templates,RENAMED,Temporary asset,2026-07-25 14:11:05.363469
E:\football_v\00_SYSTEM_TOOLS\Module_Deployment_Tool\core\__pycache__,E:\football_v\00_SYSTEM_TOOLS\Module_Deployment_Tool\core\TEMP___pycache__,RENAMED,Temporary asset,2026-07-25 14:11:05.363469
E:\football_v\00_SYSTEM_TOOLS\Module_Deployment_Tool\modules\__pycache__,E:\football_v\00_SYSTEM_TOOLS\Module_Deployment_Tool\modules\TEMP___pycache__,RENAMED,Temporary asset,2026-07-25 14:11:05.363469
E:\football_v\01_Data_Archive\history,E:\football_v\01_Data_Archive\ARCHIVE_history,RENAMED,Historical asset,2026-07-25 14:11:05.363469
E:\football_v\01_Data_Source\download\download_history.json,E:\football_v\01_Data_Source\download\ARCHIVE_download_history.json,RENAMED,Historical asset,2026-07-25 14:11:05.363469
E:\football_v\01_Data_Source\pipeline\__pycache__,E:\football_v\01_Data_Source\pipeline\TEMP___pycache__,RENAMED,Temporary asset,2026-07-25 14:11:05.363469
E:\football_v\02_Data_Platform\data_manager\__pycache__,E:\football_v\02_Data_Platform\data_manager\TEMP___pycache__,RENAMED,Temporary asset,2026-07-25 14:11:05.363469
E:\football_v\02_Data_Platform\raw\__pycache__,E:\football_v\02_Data_Platform\raw\TEMP___pycache__,RENAMED,Temporary asset,2026-07-25 14:11:05.363469
E:\football_v\03_Data_Governance\Football_AI_OS_Legacy_Asset_Index_V1.0.zip,E:\football_v\03_Data_Governance\ARCHIVE_Football_AI_OS_Legacy_Asset_Index_V1.0.zip,RENAMED,Historical asset,2026-07-25 14:11:05.363469
E:\football_v\04_Data_Processing_AI\data_intelligence_engine\__pycache__,E:\football_v\04_Data_Processing_AI\data_intelligence_engine\TEMP___pycache__,RENAMED,Temporary asset,2026-07-25 14:11:05.363469
E:\football_v\04_Data_Processing_AI\dynamic_feature_weight_engine\__pycache__,E:\football_v\04_Data_Processing_AI\dynamic_feature_weight_engine\TEMP___pycache__,RENAMED,Temporary asset,2026-07-25 14:11:05.363469
E:\football_v\04_Data_Processing_AI\feature_store\elo_history_feature_engine.py,E:\football_v\04_Data_Processing_AI\feature_store\ARCHIVE_elo_history_feature_engine.py,RENAMED,Historical asset,2026-07-25 14:11:05.363469
E:\football_v\04_Data_Processing_AI\feature_store\feature_cache_manager.py,E:\football_v\04_Data_Processing_AI\feature_store\TEMP_feature_cache_manager.py,RENAMED,Temporary asset,2026-07-25 14:11:05.363469
E:\football_v\04_Data_Processing_AI\feature_store\adapters\__pycache__,E:\football_v\04_Data_Processing_AI\feature_store\adapters\TEMP___pycache__,RENAMED,Temporary asset,2026-07-25 14:11:05.363469
E:\football_v\05_AI_Intelligence_Layer\FUSION_DECISION_ENGINE\__pycache__,E:\football_v\05_AI_Intelligence_Layer\FUSION_DECISION_ENGINE\TEMP___pycache__,RENAMED,Temporary asset,2026-07-25 14:11:05.363469
E:\football_v\05_AI_Intelligence_Layer\MODEL_ADAPTER_FRAMEWORK\__pycache__,E:\football_v\05_AI_Intelligence_Layer\MODEL_ADAPTER_FRAMEWORK\TEMP___pycache__,RENAMED,Temporary asset,2026-07-25 14:11:05.379092
E:\football_v\05_AI_Intelligence_Layer\MODEL_EVALUATION_ENGINE\__pycache__,E:\football_v\05_AI_Intelligence_Layer\MODEL_EVALUATION_ENGINE\TEMP___pycache__,RENAMED,Temporary asset,2026-07-25 14:11:05.379092
E:\football_v\05_AI_Intelligence_Layer\MODEL_REGISTRY\__pycache__,E:\football_v\05_AI_Intelligence_Layer\MODEL_REGISTRY\TEMP___pycache__,RENAMED,Temporary asset,2026-07-25 14:11:05.379092
E:\football_v\05_AI_Intelligence_Layer\SELF_REFLECTION_ENGINE\__pycache__,E:\football_v\05_AI_Intelligence_Layer\SELF_REFLECTION_ENGINE\TEMP___pycache__,RENAMED,Temporary asset,2026-07-25 14:11:05.379092
E:\football_v\06_PREDICTION_INTELLIGENCE_ENGINE\advanced_model_connector\__pycache__,E:\football_v\06_PREDICTION_INTELLIGENCE_ENGINE\advanced_model_connector\TEMP___pycache__,RENAMED,Temporary asset,2026-07-25 14:11:05.382017
E:\football_v\06_PREDICTION_INTELLIGENCE_ENGINE\confidence_calibration\__pycache__,E:\football_v\06_PREDICTION_INTELLIGENCE_ENGINE\confidence_calibration\TEMP___pycache__,RENAMED,Temporary asset,2026-07-25 14:11:05.382017
E:\football_v\06_PREDICTION_INTELLIGENCE_ENGINE\confidence_engine\__pycache__,E:\football_v\06_PREDICTION_INTELLIGENCE_ENGINE\confidence_engine\TEMP___pycache__,RENAMED,Temporary asset,2026-07-25 14:11:05.382017
E:\football_v\06_PREDICTION_INTELLIGENCE_ENGINE\knockout_extension\__pycache__,E:\football_v\06_PREDICTION_INTELLIGENCE_ENGINE\knockout_extension\TEMP___pycache__,RENAMED,Temporary asset,2026-07-25 14:11:05.382017
E:\football_v\06_PREDICTION_INTELLIGENCE_ENGINE\model_connector\__pycache__,E:\football_v\06_PREDICTION_INTELLIGENCE_ENGINE\model_connector\TEMP___pycache__,RENAMED,Temporary asset,2026-07-25 14:11:05.382017
E:\football_v\06_PREDICTION_INTELLIGENCE_ENGINE\prediction_api\__pycache__,E:\football_v\06_PREDICTION_INTELLIGENCE_ENGINE\prediction_api\TEMP___pycache__,RENAMED,Temporary asset,2026-07-25 14:11:05.382017
E:\football_v\06_PREDICTION_INTELLIGENCE_ENGINE\probability_engine\__pycache__,E:\football_v\06_PREDICTION_INTELLIGENCE_ENGINE\probability_engine\TEMP___pycache__,RENAMED,Temporary asset,2026-07-25 14:11:05.382017
E:\football_v\06_PREDICTION_INTELLIGENCE_ENGINE\real_probability_engine\__pycache__,E:\football_v\06_PREDICTION_INTELLIGENCE_ENGINE\real_probability_engine\TEMP___pycache__,RENAMED,Temporary asset,2026-07-25 14:11:05.382017
E:\football_v\06_PREDICTION_INTELLIGENCE_ENGINE\regular_time_prediction\__pycache__,E:\football_v\06_PREDICTION_INTELLIGENCE_ENGINE\regular_time_prediction\TEMP___pycache__,RENAMED,Temporary asset,2026-07-25 14:11:05.382017
E:\football_v\06_PREDICTION_INTELLIGENCE_ENGINE\risk_engine\__pycache__,E:\football_v\06_PREDICTION_INTELLIGENCE_ENGINE\risk_engine\TEMP___pycache__,RENAMED,Temporary asset,2026-07-25 14:11:05.382017
E:\football_v\06_PREDICTION_INTELLIGENCE_ENGINE\risk_intelligence_engine\__pycache__,E:\football_v\06_PREDICTION_INTELLIGENCE_ENGINE\risk_intelligence_engine\TEMP___pycache__,RENAMED,Temporary asset,2026-07-25 14:11:05.382017
E:\football_v\06_PREDICTION_INTELLIGENCE_ENGINE\score_prediction\__pycache__,E:\football_v\06_PREDICTION_INTELLIGENCE_ENGINE\score_prediction\TEMP___pycache__,RENAMED,Temporary asset,2026-07-25 14:11:05.382017
E:\football_v\06_PREDICTION_INTELLIGENCE_ENGINE\score_probability_engine\__pycache__,E:\football_v\06_PREDICTION_INTELLIGENCE_ENGINE\score_probability_engine\TEMP___pycache__,RENAMED,Temporary asset,2026-07-25 14:11:05.382017
E:\football_v\07_AI_ORCHESTRATION_LAYER\data_pipeline\__pycache__,E:\football_v\07_AI_ORCHESTRATION_LAYER\data_pipeline\TEMP___pycache__,RENAMED,Temporary asset,2026-07-25 14:11:05.382017
E:\football_v\07_AI_ORCHESTRATION_LAYER\decision_interface\__pycache__,E:\football_v\07_AI_ORCHESTRATION_LAYER\decision_interface\TEMP___pycache__,RENAMED,Temporary asset,2026-07-25 14:11:05.382017
E:\football_v\07_AI_ORCHESTRATION_LAYER\learning_hook\__pycache__,E:\football_v\07_AI_ORCHESTRATION_LAYER\learning_hook\TEMP___pycache__,RENAMED,Temporary asset,2026-07-25 14:11:05.382017
E:\football_v\07_AI_ORCHESTRATION_LAYER\learning_hook\backup_feedback_receiver_V1.0.py,E:\football_v\07_AI_ORCHESTRATION_LAYER\learning_hook\ARCHIVE_backup_feedback_receiver_V1.0.py,RENAMED,Historical asset,2026-07-25 14:11:05.382017
E:\football_v\07_AI_ORCHESTRATION_LAYER\model_router\__pycache__,E:\football_v\07_AI_ORCHESTRATION_LAYER\model_router\TEMP___pycache__,RENAMED,Temporary asset,2026-07-25 14:11:05.382017
E:\football_v\07_AI_ORCHESTRATION_LAYER\orchestration_core\__pycache__,E:\football_v\07_AI_ORCHESTRATION_LAYER\orchestration_core\TEMP___pycache__,RENAMED,Temporary asset,2026-07-25 14:11:05.382017
E:\football_v\07_AI_ORCHESTRATION_LAYER\report_engine\__pycache__,E:\football_v\07_AI_ORCHESTRATION_LAYER\report_engine\TEMP___pycache__,RENAMED,Temporary asset,2026-07-25 14:11:05.382017
E:\football_v\07_AI_ORCHESTRATION_LAYER\workflow_monitor\__pycache__,E:\football_v\07_AI_ORCHESTRATION_LAYER\workflow_monitor\TEMP___pycache__,RENAMED,Temporary asset,2026-07-25 14:11:05.382017
E:\football_v\08_DECISION_INTELLIGENCE_LAYER\feedback_interface\backup,E:\football_v\08_DECISION_INTELLIGENCE_LAYER\feedback_interface\ARCHIVE_backup,RENAMED,Historical asset,2026-07-25 14:11:05.382017
E:\football_v\08_DECISION_INTELLIGENCE_LAYER\feedback_interface\__pycache__,E:\football_v\08_DECISION_INTELLIGENCE_LAYER\feedback_interface\TEMP___pycache__,RENAMED,Temporary asset,2026-07-25 14:11:05.382017
E:\football_v\09_Prediction_System\__pycache__,E:\football_v\09_Prediction_System\TEMP___pycache__,RENAMED,Temporary asset,2026-07-25 14:11:05.382017
E:\football_v\09_Prediction_System\prediction_history.py,E:\football_v\09_Prediction_System\ARCHIVE_prediction_history.py,RENAMED,Historical asset,2026-07-25 14:11:05.382017
E:\football_v\09_Prediction_System\tests\__pycache__,E:\football_v\09_Prediction_System\tests\TEMP___pycache__,RENAMED,Temporary asset,2026-07-25 14:11:05.397643
E:\football_v\10_AI_AUTONOMOUS_ENGINE\__pycache__,E:\football_v\10_AI_AUTONOMOUS_ENGINE\TEMP___pycache__,RENAMED,Temporary asset,2026-07-25 14:11:05.398913
E:\football_v\10_AI_AUTONOMOUS_ENGINE\optimization_history.py,E:\football_v\10_AI_AUTONOMOUS_ENGINE\ARCHIVE_optimization_history.py,RENAMED,Historical asset,2026-07-25 14:11:05.398913
E:\football_v\10_AI_AUTONOMOUS_ENGINE\upgrade_history_repository.py,E:\football_v\10_AI_AUTONOMOUS_ENGINE\ARCHIVE_upgrade_history_repository.py,RENAMED,Historical asset,2026-07-25 14:11:05.398913
E:\football_v\10_AI_AUTONOMOUS_ENGINE\tests\.pytest_cache,E:\football_v\10_AI_AUTONOMOUS_ENGINE\tests\TEMP_.pytest_cache,RENAMED,Temporary asset,2026-07-25 14:11:05.398913
E:\football_v\10_AI_AUTONOMOUS_ENGINE\tests\__pycache__,E:\football_v\10_AI_AUTONOMOUS_ENGINE\tests\TEMP___pycache__,RENAMED,Temporary asset,2026-07-25 14:11:05.398913
E:\football_v\11_System_Intelligence\__pycache__,E:\football_v\11_System_Intelligence\TEMP___pycache__,RENAMED,Temporary asset,2026-07-25 14:11:05.398913
E:\football_v\11_System_Intelligence\tests\__pycache__,E:\football_v\11_System_Intelligence\tests\TEMP___pycache__,RENAMED,Temporary asset,2026-07-25 14:11:05.398913
E:\football_v\16_DATABASE_GOVERNANCE_LAYER\backup_engine,E:\football_v\16_DATABASE_GOVERNANCE_LAYER\ARCHIVE_backup_engine,RENAMED,Historical asset,2026-07-25 14:11:05.398913
E:\football_v\16_DATABASE_GOVERNANCE_LAYER\database_backup_scheduler,E:\football_v\16_DATABASE_GOVERNANCE_LAYER\ARCHIVE_database_backup_scheduler,RENAMED,Historical asset,2026-07-25 14:11:05.398913
E:\football_v\16_DATABASE_GOVERNANCE_LAYER\batch_modules\create_backup_engine.py,E:\football_v\16_DATABASE_GOVERNANCE_LAYER\batch_modules\ARCHIVE_create_backup_engine.py,RENAMED,Historical asset,2026-07-25 14:11:05.398913
E:\football_v\17_MODEL_STORE_LAYER\model_cache_manager,E:\football_v\17_MODEL_STORE_LAYER\TEMP_model_cache_manager,RENAMED,Temporary asset,2026-07-25 14:11:05.398913
E:\football_v\AI_RUNTIME\__pycache__,E:\football_v\AI_RUNTIME\TEMP___pycache__,RENAMED,Temporary asset,2026-07-25 14:11:05.398913
E:\football_v\archive\framework_scan_history,E:\football_v\archive\ARCHIVE_framework_scan_history,RENAMED,Historical asset,2026-07-25 14:11:05.398913
E:\football_v\deployment_scripts\application_layer_db_test_tmp.py,E:\football_v\deployment_scripts\TEMP_application_layer_db_test_tmp.py,RENAMED,Temporary asset,2026-07-25 14:11:05.398913
E:\football_v\deployment_scripts\db_check_tmp.py,E:\football_v\deployment_scripts\TEMP_db_check_tmp.py,RENAMED,Temporary asset,2026-07-25 14:11:05.398913
E:\football_v\deployment_scripts\decision_layer_db_test_tmp.py,E:\football_v\deployment_scripts\TEMP_decision_layer_db_test_tmp.py,RENAMED,Temporary asset,2026-07-25 14:11:05.398913
E:\football_v\deployment_scripts\deploy_feature_engine_history_V1.0.1.py,E:\football_v\deployment_scripts\ARCHIVE_deploy_feature_engine_history_V1.0.1.py,RENAMED,Historical asset,2026-07-25 14:11:05.398913
E:\football_v\deployment_scripts\deploy_feature_engine_history_V1.0.py,E:\football_v\deployment_scripts\ARCHIVE_deploy_feature_engine_history_V1.0.py,RENAMED,Historical asset,2026-07-25 14:11:05.398913
E:\football_v\FINAL_RELEASE_REPORT\legacy_delete_check.json,E:\football_v\FINAL_RELEASE_REPORT\ARCHIVE_legacy_delete_check.json,RENAMED,Historical asset,2026-07-25 14:11:05.398913
