file,keyword
E:\football_v\deploy_frozen_v15_completion.py,model
E:\football_v\deploy_frozen_v15_completion.py,predict
E:\football_v\deploy_frozen_v15_completion.py,registry
E:\football_v\deploy_phase11.py,predict
E:\football_v\deploy_phase11.py,registry
E:\football_v\deploy_phase12.py,model
E:\football_v\deploy_phase12.py,predict
E:\football_v\deploy_phase13.py,model
E:\football_v\deploy_phase13.py,predict
E:\football_v\deploy_phase14.py,model
E:\football_v\deploy_phase14.py,predict
E:\football_v\deploy_phase15.py,model
E:\football_v\deploy_phase15.py,predict
E:\football_v\deploy_phase16.py,predict
E:\football_v\deploy_phase17.py,predict
E:\football_v\deploy_phase18_20.py,predict
E:\football_v\deploy_phase21_25.py,elo
E:\football_v\deploy_phase21_25.py,dixon
E:\football_v\deploy_phase21_25.py,dixon_coles
E:\football_v\deploy_phase21_25.py,poisson
E:\football_v\deploy_phase21_25.py,xgboost
E:\football_v\deploy_phase21_25.py,XGB
E:\football_v\deploy_phase21_25.py,model
E:\football_v\deploy_phase21_25.py,predict
E:\football_v\deploy_phase26_30.py,model
E:\football_v\deploy_phase26_30.py,predict
E:\football_v\deploy_remaining_modules_V1.5_FINAL.py,model
E:\football_v\deploy_remaining_modules_V1.5_FINAL.py,predict
E:\football_v\deploy_remaining_modules_V1.5_FINAL.py,registry
E:\football_v\final_acceptance_test.py,elo
E:\football_v\final_acceptance_test.py,dixon
E:\football_v\final_acceptance_test.py,dixon_coles
E:\football_v\final_acceptance_test.py,poisson
E:\football_v\final_acceptance_test.py,xgboost
E:\football_v\final_acceptance_test.py,XGB
E:\football_v\final_acceptance_test.py,model
E:\football_v\final_acceptance_test.py,predict
E:\football_v\phase12_test.py,model
E:\football_v\phase12_test.py,predict
E:\football_v\phase13_test.py,model
E:\football_v\phase13_test.py,predict
E:\football_v\phase14_test.py,model
E:\football_v\phase14_test.py,predict
E:\football_v\phase15_test.py,model
E:\football_v\phase15_test.py,predict
E:\football_v\phase16_test.py,predict
E:\football_v\phase17_test.py,predict
E:\football_v\phase21_25_test.py,elo
E:\football_v\phase21_25_test.py,dixon
E:\football_v\phase21_25_test.py,dixon_coles
E:\football_v\phase21_25_test.py,poisson
E:\football_v\phase21_25_test.py,xgboost
E:\football_v\phase21_25_test.py,XGB
E:\football_v\phase21_25_test.py,model
E:\football_v\phase21_25_test.py,predict
E:\football_v\phase26_30_test.py,model
E:\football_v\phase26_30_test.py,predict
E:\football_v\phase41_45_deploy_test.py,model
E:\football_v\phase41_45_deploy_test.py,predict
E:\football_v\phase46_50_deploy_test.py,model
E:\football_v\phase51_55_final_validation.py,elo
E:\football_v\phase51_55_final_validation.py,dixon
E:\football_v\phase51_55_final_validation.py,dixon_coles
E:\football_v\phase51_55_final_validation.py,poisson
E:\football_v\phase51_55_final_validation.py,xgboost
E:\football_v\phase51_55_final_validation.py,XGB
E:\football_v\phase51_55_final_validation.py,model
E:\football_v\phase51_55_final_validation.py,predict
E:\football_v\phase51_55_final_validation.py,registry
E:\football_v\phase51_validation.py,elo
E:\football_v\phase51_validation.py,dixon
E:\football_v\phase51_validation.py,dixon_coles
E:\football_v\phase51_validation.py,poisson
E:\football_v\phase51_validation.py,xgboost
E:\football_v\phase51_validation.py,XGB
E:\football_v\phase51_validation.py,model
E:\football_v\phase51_validation.py,predict
E:\football_v\phase52_backtest.py,elo
E:\football_v\phase52_backtest.py,dixon
E:\football_v\phase52_backtest.py,dixon_coles
E:\football_v\phase52_backtest.py,poisson
E:\football_v\phase52_backtest.py,xgboost
E:\football_v\phase52_backtest.py,XGB
E:\football_v\phase52_backtest.py,model
E:\football_v\phase52_backtest.py,predict
E:\football_v\.venv\Lib\site-packages\pip\_internal\build_env.py,evaluate
E:\football_v\.venv\Lib\site-packages\pip\_internal\cache.py,model
E:\football_v\.venv\Lib\site-packages\pip\_internal\configuration.py,elo
E:\football_v\.venv\Lib\site-packages\pip\_internal\exceptions.py,elo
E:\football_v\.venv\Lib\site-packages\pip\_internal\exceptions.py,model
E:\football_v\.venv\Lib\site-packages\pip\_internal\exceptions.py,evaluate
E:\football_v\.venv\Lib\site-packages\pip\_internal\self_outdated_check.py,model
E:\football_v\.venv\Lib\site-packages\pip\_internal\wheel_builder.py,model
E:\football_v\.venv\Lib\site-packages\pip\_internal\wheel_builder.py,train
E:\football_v\.venv\Lib\site-packages\pip\_internal\cli\base_command.py,registry
E:\football_v\.venv\Lib\site-packages\pip\_internal\cli\cmdoptions.py,elo
E:\football_v\.venv\Lib\site-packages\pip\_internal\cli\cmdoptions.py,model
E:\football_v\.venv\Lib\site-packages\pip\_internal\cli\cmdoptions.py,train
E:\football_v\.venv\Lib\site-packages\pip\_internal\cli\index_command.py,elo
E:\football_v\.venv\Lib\site-packages\pip\_internal\cli\req_command.py,model
E:\football_v\.venv\Lib\site-packages\pip\_internal\cli\req_command.py,train
E:\football_v\.venv\Lib\site-packages\pip\_internal\cli\req_command.py,registry
E:\football_v\.venv\Lib\site-packages\pip\_internal\commands\download.py,train
E:\football_v\.venv\Lib\site-packages\pip\_internal\commands\index.py,model
E:\football_v\.venv\Lib\site-packages\pip\_internal\commands\install.py,model
E:\football_v\.venv\Lib\site-packages\pip\_internal\commands\install.py,train
E:\football_v\.venv\Lib\site-packages\pip\_internal\commands\list.py,elo
E:\football_v\.venv\Lib\site-packages\pip\_internal\commands\list.py,model
E:\football_v\.venv\Lib\site-packages\pip\_internal\commands\search.py,model
E:\football_v\.venv\Lib\site-packages\pip\_internal\commands\search.py,fit
E:\football_v\.venv\Lib\site-packages\pip\_internal\commands\uninstall.py,elo
E:\football_v\.venv\Lib\site-packages\pip\_internal\commands\wheel.py,elo
E:\football_v\.venv\Lib\site-packages\pip\_internal\commands\wheel.py,train
E:\football_v\.venv\Lib\site-packages\pip\_internal\index\collector.py,model
E:\football_v\.venv\Lib\site-packages\pip\_internal\index\collector.py,fit
E:\football_v\.venv\Lib\site-packages\pip\_internal\index\package_finder.py,elo
E:\football_v\.venv\Lib\site-packages\pip\_internal\index\package_finder.py,model
E:\football_v\.venv\Lib\site-packages\pip\_internal\index\package_finder.py,evaluate
E:\football_v\.venv\Lib\site-packages\pip\_internal\index\sources.py,model
E:\football_v\.venv\Lib\site-packages\pip\_internal\locations\_distutils.py,model
E:\football_v\.venv\Lib\site-packages\pip\_internal\locations\_sysconfig.py,model
E:\football_v\.venv\Lib\site-packages\pip\_internal\locations\__init__.py,model
E:\football_v\.venv\Lib\site-packages\pip\_internal\metadata\base.py,elo
E:\football_v\.venv\Lib\site-packages\pip\_internal\metadata\base.py,model
E:\football_v\.venv\Lib\site-packages\pip\_internal\metadata\pkg_resources.py,elo
E:\football_v\.venv\Lib\site-packages\pip\_internal\metadata\importlib\_dists.py,evaluate
E:\football_v\.venv\Lib\site-packages\pip\_internal\metadata\importlib\_envs.py,model
E:\football_v\.venv\Lib\site-packages\pip\_internal\models\candidate.py,model
E:\football_v\.venv\Lib\site-packages\pip\_internal\models\installation_report.py,evaluate
E:\football_v\.venv\Lib\site-packages\pip\_internal\models\search_scope.py,model
E:\football_v\.venv\Lib\site-packages\pip\_internal\models\selection_prefs.py,model
E:\football_v\.venv\Lib\site-packages\pip\_internal\models\__init__.py,model
E:\football_v\.venv\Lib\site-packages\pip\_internal\network\auth.py,model
E:\football_v\.venv\Lib\site-packages\pip\_internal\network\cache.py,model
E:\football_v\.venv\Lib\site-packages\pip\_internal\network\download.py,model
E:\football_v\.venv\Lib\site-packages\pip\_internal\network\lazy_wheel.py,model
E:\football_v\.venv\Lib\site-packages\pip\_internal\network\session.py,model
E:\football_v\.venv\Lib\site-packages\pip\_internal\network\utils.py,model
E:\football_v\.venv\Lib\site-packages\pip\_internal\operations\check.py,evaluate
E:\football_v\.venv\Lib\site-packages\pip\_internal\operations\prepare.py,model
E:\football_v\.venv\Lib\site-packages\pip\_internal\operations\install\editable_legacy.py,elo
E:\football_v\.venv\Lib\site-packages\pip\_internal\operations\install\wheel.py,elo
E:\football_v\.venv\Lib\site-packages\pip\_internal\operations\install\wheel.py,model
E:\football_v\.venv\Lib\site-packages\pip\_internal\operations\install\wheel.py,predict
E:\football_v\.venv\Lib\site-packages\pip\_internal\req\constructors.py,model
E:\football_v\.venv\Lib\site-packages\pip\_internal\req\constructors.py,train
E:\football_v\.venv\Lib\site-packages\pip\_internal\req\req_file.py,model
E:\football_v\.venv\Lib\site-packages\pip\_internal\req\req_file.py,train
E:\football_v\.venv\Lib\site-packages\pip\_internal\req\req_install.py,elo
E:\football_v\.venv\Lib\site-packages\pip\_internal\req\req_install.py,model
E:\football_v\.venv\Lib\site-packages\pip\_internal\req\req_install.py,train
E:\football_v\.venv\Lib\site-packages\pip\_internal\req\req_install.py,evaluate
E:\football_v\.venv\Lib\site-packages\pip\_internal\req\req_set.py,train
E:\football_v\.venv\Lib\site-packages\pip\_internal\req\req_uninstall.py,elo
E:\football_v\.venv\Lib\site-packages\pip\_internal\resolution\legacy\resolver.py,model
E:\football_v\.venv\Lib\site-packages\pip\_internal\resolution\legacy\resolver.py,train
E:\football_v\.venv\Lib\site-packages\pip\_internal\resolution\legacy\resolver.py,evaluate
E:\football_v\.venv\Lib\site-packages\pip\_internal\resolution\resolvelib\base.py,elo
E:\football_v\.venv\Lib\site-packages\pip\_internal\resolution\resolvelib\base.py,model
E:\football_v\.venv\Lib\site-packages\pip\_internal\resolution\resolvelib\base.py,train
E:\football_v\.venv\Lib\site-packages\pip\_internal\resolution\resolvelib\candidates.py,elo
E:\football_v\.venv\Lib\site-packages\pip\_internal\resolution\resolvelib\candidates.py,model
E:\football_v\.venv\Lib\site-packages\pip\_internal\resolution\resolvelib\candidates.py,train
E:\football_v\.venv\Lib\site-packages\pip\_internal\resolution\resolvelib\factory.py,model
E:\football_v\.venv\Lib\site-packages\pip\_internal\resolution\resolvelib\factory.py,train
E:\football_v\.venv\Lib\site-packages\pip\_internal\resolution\resolvelib\factory.py,fit
E:\football_v\.venv\Lib\site-packages\pip\_internal\resolution\resolvelib\provider.py,train
E:\football_v\.venv\Lib\site-packages\pip\_internal\resolution\resolvelib\reporter.py,train
E:\football_v\.venv\Lib\site-packages\pip\_internal\resolution\resolvelib\requirements.py,elo
E:\football_v\.venv\Lib\site-packages\pip\_internal\resolution\resolvelib\resolver.py,train
E:\football_v\.venv\Lib\site-packages\pip\_internal\resolution\resolvelib\resolver.py,predict
E:\football_v\.venv\Lib\site-packages\pip\_internal\utils\compat.py,elo
E:\football_v\.venv\Lib\site-packages\pip\_internal\utils\direct_url_helpers.py,model
E:\football_v\.venv\Lib\site-packages\pip\_internal\utils\logging.py,elo
E:\football_v\.venv\Lib\site-packages\pip\_internal\utils\setuptools_build.py,elo
E:\football_v\.venv\Lib\site-packages\pip\_internal\utils\temp_dir.py,registry
E:\football_v\.venv\Lib\site-packages\pip\_internal\utils\unpacking.py,elo
E:\football_v\.venv\Lib\site-packages\pip\_internal\utils\_jaraco_text.py,elo
E:\football_v\.venv\Lib\site-packages\pip\_internal\utils\_jaraco_text.py,fit
E:\football_v\.venv\Lib\site-packages\pip\_internal\utils\_log.py,elo
E:\football_v\.venv\Lib\site-packages\pip\_internal\vcs\subversion.py,evaluate
E:\football_v\.venv\Lib\site-packages\pip\_internal\vcs\versioncontrol.py,registry
E:\football_v\.venv\Lib\site-packages\pip\_vendor\typing_extensions.py,elo
E:\football_v\.venv\Lib\site-packages\pip\_vendor\typing_extensions.py,model
E:\football_v\.venv\Lib\site-packages\pip\_vendor\typing_extensions.py,train
E:\football_v\.venv\Lib\site-packages\pip\_vendor\typing_extensions.py,fit
E:\football_v\.venv\Lib\site-packages\pip\_vendor\typing_extensions.py,evaluate
E:\football_v\.venv\Lib\site-packages\pip\_vendor\typing_extensions.py,pickle
E:\football_v\.venv\Lib\site-packages\pip\_vendor\typing_extensions.py,registry
E:\football_v\.venv\Lib\site-packages\pip\_vendor\cachecontrol\heuristics.py,elo
E:\football_v\.venv\Lib\site-packages\pip\_vendor\cachecontrol\serialize.py,elo
E:\football_v\.venv\Lib\site-packages\pip\_vendor\cachecontrol\serialize.py,pickle
E:\football_v\.venv\Lib\site-packages\pip\_vendor\cachecontrol\caches\file_cache.py,elo
E:\football_v\.venv\Lib\site-packages\pip\_vendor\distlib\database.py,elo
E:\football_v\.venv\Lib\site-packages\pip\_vendor\distlib\database.py,model
E:\football_v\.venv\Lib\site-packages\pip\_vendor\distlib\database.py,train
E:\football_v\.venv\Lib\site-packages\pip\_vendor\distlib\locators.py,train
E:\football_v\.venv\Lib\site-packages\pip\_vendor\distlib\locators.py,fit
E:\football_v\.venv\Lib\site-packages\pip\_vendor\distlib\markers.py,evaluate
E:\football_v\.venv\Lib\site-packages\pip\_vendor\distlib\metadata.py,elo
E:\football_v\.venv\Lib\site-packages\pip\_vendor\distlib\metadata.py,train
E:\football_v\.venv\Lib\site-packages\pip\_vendor\distlib\resources.py,elo
E:\football_v\.venv\Lib\site-packages\pip\_vendor\distlib\resources.py,registry
E:\football_v\.venv\Lib\site-packages\pip\_vendor\distlib\util.py,train
E:\football_v\.venv\Lib\site-packages\pip\_vendor\distlib\version.py,model
E:\football_v\.venv\Lib\site-packages\pip\_vendor\distlib\version.py,train
E:\football_v\.venv\Lib\site-packages\pip\_vendor\distlib\__init__.py,elo
E:\football_v\.venv\Lib\site-packages\pip\_vendor\msgpack\ext.py,fit
E:\football_v\.venv\Lib\site-packages\pip\_vendor\msgpack\__init__.py,pickle
E:\football_v\.venv\Lib\site-packages\pip\_vendor\packaging\markers.py,evaluate
E:\football_v\.venv\Lib\site-packages\pip\_vendor\packaging\metadata.py,elo
E:\football_v\.venv\Lib\site-packages\pip\_vendor\packaging\tags.py,evaluate
E:\football_v\.venv\Lib\site-packages\pip\_vendor\packaging\version.py,elo
E:\football_v\.venv\Lib\site-packages\pip\_vendor\packaging\licenses\_spdx.py,fit
E:\football_v\.venv\Lib\site-packages\pip\_vendor\packaging\licenses\__init__.py,fit
E:\football_v\.venv\Lib\site-packages\pip\_vendor\packaging\licenses\__init__.py,evaluate
E:\football_v\.venv\Lib\site-packages\pip\_vendor\pkg_resources\__init__.py,elo
E:\football_v\.venv\Lib\site-packages\pip\_vendor\pkg_resources\__init__.py,evaluate
E:\football_v\.venv\Lib\site-packages\pip\_vendor\pkg_resources\__init__.py,registry
E:\football_v\.venv\Lib\site-packages\pip\_vendor\platformdirs\macos.py,elo
E:\football_v\.venv\Lib\site-packages\pip\_vendor\platformdirs\windows.py,registry
E:\football_v\.venv\Lib\site-packages\pip\_vendor\pygments\lexer.py,elo
E:\football_v\.venv\Lib\site-packages\pip\_vendor\pygments\modeline.py,model
E:\football_v\.venv\Lib\site-packages\pip\_vendor\pygments\token.py,elo
E:\football_v\.venv\Lib\site-packages\pip\_vendor\pygments\filters\__init__.py,model
E:\football_v\.venv\Lib\site-packages\pip\_vendor\pygments\formatters\img.py,registry
E:\football_v\.venv\Lib\site-packages\pip\_vendor\pygments\formatters\latex.py,elo
E:\football_v\.venv\Lib\site-packages\pip\_vendor\pygments\lexers\python.py,elo
E:\football_v\.venv\Lib\site-packages\pip\_vendor\pygments\lexers\python.py,poisson
E:\football_v\.venv\Lib\site-packages\pip\_vendor\pygments\lexers\python.py,fit
E:\football_v\.venv\Lib\site-packages\pip\_vendor\pygments\lexers\_mapping.py,elo
E:\football_v\.venv\Lib\site-packages\pip\_vendor\pygments\lexers\_mapping.py,model
E:\football_v\.venv\Lib\site-packages\pip\_vendor\pygments\lexers\_mapping.py,registry
E:\football_v\.venv\Lib\site-packages\pip\_vendor\pygments\lexers\__init__.py,model
E:\football_v\.venv\Lib\site-packages\pip\_vendor\requests\adapters.py,elo
E:\football_v\.venv\Lib\site-packages\pip\_vendor\requests\adapters.py,model
E:\football_v\.venv\Lib\site-packages\pip\_vendor\requests\adapters.py,pickle
E:\football_v\.venv\Lib\site-packages\pip\_vendor\requests\cookies.py,elo
E:\football_v\.venv\Lib\site-packages\pip\_vendor\requests\cookies.py,pickle
E:\football_v\.venv\Lib\site-packages\pip\_vendor\requests\models.py,model
E:\football_v\.venv\Lib\site-packages\pip\_vendor\requests\models.py,pickle
E:\football_v\.venv\Lib\site-packages\pip\_vendor\requests\sessions.py,elo
E:\football_v\.venv\Lib\site-packages\pip\_vendor\requests\sessions.py,model
E:\football_v\.venv\Lib\site-packages\pip\_vendor\requests\sessions.py,evaluate
E:\football_v\.venv\Lib\site-packages\pip\_vendor\requests\utils.py,elo
E:\football_v\.venv\Lib\site-packages\pip\_vendor\requests\utils.py,registry
E:\football_v\.venv\Lib\site-packages\pip\_vendor\requests\__init__.py,model
E:\football_v\.venv\Lib\site-packages\pip\_vendor\resolvelib\providers.py,train
E:\football_v\.venv\Lib\site-packages\pip\_vendor\resolvelib\resolvers.py,train
E:\football_v\.venv\Lib\site-packages\pip\_vendor\rich\align.py,train
E:\football_v\.venv\Lib\site-packages\pip\_vendor\rich\align.py,fit
E:\football_v\.venv\Lib\site-packages\pip\_vendor\rich\cells.py,fit
E:\football_v\.venv\Lib\site-packages\pip\_vendor\rich\columns.py,train
E:\football_v\.venv\Lib\site-packages\pip\_vendor\rich\console.py,elo
E:\football_v\.venv\Lib\site-packages\pip\_vendor\rich\console.py,fit
E:\football_v\.venv\Lib\site-packages\pip\_vendor\rich\constrain.py,train
E:\football_v\.venv\Lib\site-packages\pip\_vendor\rich\diagnose.py,fit
E:\football_v\.venv\Lib\site-packages\pip\_vendor\rich\logging.py,elo
E:\football_v\.venv\Lib\site-packages\pip\_vendor\rich\measure.py,fit
E:\football_v\.venv\Lib\site-packages\pip\_vendor\rich\padding.py,fit
E:\football_v\.venv\Lib\site-packages\pip\_vendor\rich\panel.py,fit
E:\football_v\.venv\Lib\site-packages\pip\_vendor\rich\pretty.py,fit
E:\football_v\.venv\Lib\site-packages\pip\_vendor\rich\progress.py,fit
E:\football_v\.venv\Lib\site-packages\pip\_vendor\rich\scope.py,elo
E:\football_v\.venv\Lib\site-packages\pip\_vendor\rich\scope.py,fit
E:\football_v\.venv\Lib\site-packages\pip\_vendor\rich\segment.py,elo
E:\football_v\.venv\Lib\site-packages\pip\_vendor\rich\table.py,elo
E:\football_v\.venv\Lib\site-packages\pip\_vendor\rich\table.py,fit
E:\football_v\.venv\Lib\site-packages\pip\_vendor\rich\text.py,fit
E:\football_v\.venv\Lib\site-packages\pip\_vendor\rich\traceback.py,train
E:\football_v\.venv\Lib\site-packages\pip\_vendor\rich\tree.py,fit
E:\football_v\.venv\Lib\site-packages\pip\_vendor\rich\_emoji_codes.py,elo
E:\football_v\.venv\Lib\site-packages\pip\_vendor\rich\_emoji_codes.py,train
E:\football_v\.venv\Lib\site-packages\pip\_vendor\rich\_emoji_codes.py,fit
E:\football_v\.venv\Lib\site-packages\pip\_vendor\rich\_inspect.py,fit
E:\football_v\.venv\Lib\site-packages\pip\_vendor\rich\_ratio.py,train
E:\football_v\.venv\Lib\site-packages\pip\_vendor\rich\_spinners.py,fit
E:\football_v\.venv\Lib\site-packages\pip\_vendor\rich\_wrap.py,fit
E:\football_v\.venv\Lib\site-packages\pip\_vendor\rich\__main__.py,fit
E:\football_v\.venv\Lib\site-packages\pip\_vendor\truststore\_macos.py,evaluate
E:\football_v\.venv\Lib\site-packages\pip\_vendor\truststore\_windows.py,train
E:\football_v\.venv\Lib\site-packages\pip\_vendor\urllib3\connection.py,elo
E:\football_v\.venv\Lib\site-packages\pip\_vendor\urllib3\connectionpool.py,elo
E:\football_v\.venv\Lib\site-packages\pip\_vendor\urllib3\response.py,elo
E:\football_v\.venv\Lib\site-packages\pip\_vendor\urllib3\response.py,fit
E:\football_v\.venv\Lib\site-packages\pip\_vendor\urllib3\contrib\securetransport.py,fit
E:\football_v\.venv\Lib\site-packages\pip\_vendor\urllib3\contrib\securetransport.py,evaluate
E:\football_v\.venv\Lib\site-packages\pip\_vendor\urllib3\contrib\_appengine_environ.py,elo
E:\football_v\.venv\Lib\site-packages\pip\_vendor\urllib3\contrib\_securetransport\bindings.py,elo
E:\football_v\.venv\Lib\site-packages\pip\_vendor\urllib3\contrib\_securetransport\bindings.py,fit
E:\football_v\.venv\Lib\site-packages\pip\_vendor\urllib3\contrib\_securetransport\bindings.py,evaluate
E:\football_v\.venv\Lib\site-packages\pip\_vendor\urllib3\packages\six.py,elo
E:\football_v\.venv\Lib\site-packages\pip\_vendor\urllib3\packages\six.py,fit
E:\football_v\.venv\Lib\site-packages\pip\_vendor\urllib3\packages\six.py,pickle
E:\football_v\.venv\Lib\site-packages\pip\_vendor\urllib3\packages\backports\weakref_finalize.py,evaluate
E:\football_v\.venv\Lib\site-packages\pip\_vendor\urllib3\packages\backports\weakref_finalize.py,registry
E:\football_v\.venv\Lib\site-packages\pip\_vendor\urllib3\util\retry.py,train
E:\football_v\.venv\Lib\site-packages\pip\_vendor\urllib3\util\ssl_.py,elo
E:\football_v\00_System_OS\01_DATA_LAYER\import_pipeline\duplicate_checker.py,registry
E:\football_v\00_System_OS\01_DATA_LAYER\import_pipeline\importer.py,registry
E:\football_v\00_System_OS\01_DATA_LAYER\market\bookmaker_manager.py,registry
E:\football_v\00_System_OS\01_DATA_LAYER\market\market_type_manager.py,registry
E:\football_v\00_System_OS\01_DATA_LAYER\quality\quality_checker.py,registry
E:\football_v\00_System_OS\01_DATA_LAYER\quality\quality_engine.py,evaluate
E:\football_v\00_System_OS\01_DATA_LAYER\registry\registry_manager.py,registry
E:\football_v\00_System_OS\01_DATA_LAYER\scripts\quality_rule_init.py,elo
E:\football_v\00_System_OS\01_DATA_LAYER\scripts\registry_init.py,registry
E:\football_v\00_System_OS\01_DATA_LAYER\scripts\test_registry_flow.py,registry
E:\football_v\00_System_OS\ARCHITECTURE_CLEANUP\architecture_classifier\architecture_classifier_V1.0.py,model
E:\football_v\00_System_OS\ARCHITECTURE_CLEANUP\tests\test_architecture_cleanup_V1.0.py,registry
E:\football_v\00_System_OS\Bootstrap\bootstrap.py,registry
E:\football_v\00_System_OS\DEPLOYMENT_QUALITY_CHECKER\deployment_quality_checker_V1.0.py,model
E:\football_v\00_System_OS\File_Manager\archive\archive_manager_v11.py,registry
E:\football_v\00_System_OS\File_Manager\duplicate\duplicate_detector_v11.py,registry
E:\football_v\00_System_OS\File_Manager\hash\duplicate_detector.py,registry
E:\football_v\00_System_OS\File_Manager\lifecycle\lifecycle_engine.py,registry
E:\football_v\00_System_OS\File_Manager\lifecycle\lifecycle_manager.py,registry
E:\football_v\00_System_OS\File_Manager\registry\file_registry_v11.py,registry
E:\football_v\00_System_OS\File_Manager\scanner\file_scanner.py,model
E:\football_v\00_System_OS\File_Manager\scanner\file_scanner.py,registry
E:\football_v\00_System_OS\File_Manager\version\version_manager.py,registry
E:\football_v\00_System_OS\integration_test\test_api_pipeline.py,model
E:\football_v\00_System_OS\integration_test\test_api_pipeline.py,predict
E:\football_v\00_System_OS\integration_test\test_dashboard.py,model
E:\football_v\00_System_OS\integration_test\test_dashboard.py,predict
E:\football_v\00_System_OS\integration_test\test_database_connection.py,model
E:\football_v\00_System_OS\integration_test\test_model_pipeline.py,elo
E:\football_v\00_System_OS\integration_test\test_model_pipeline.py,dixon
E:\football_v\00_System_OS\integration_test\test_model_pipeline.py,poisson
E:\football_v\00_System_OS\integration_test\test_model_pipeline.py,xgboost
E:\football_v\00_System_OS\integration_test\test_model_pipeline.py,XGB
E:\football_v\00_System_OS\integration_test\test_model_pipeline.py,model
E:\football_v\00_System_OS\registry\dependency_engine.py,registry
E:\football_v\00_System_OS\registry\registry_api.py,registry
E:\football_v\00_System_OS\registry\registry_manager.py,registry
E:\football_v\00_System_OS\registry\registry_scanner.py,registry
E:\football_v\00_System_OS\RELEASE_VALIDATION\dependency_checker\dependency_checker_V1.0.py,model
E:\football_v\00_System_OS\SYSTEM_HEALTH_MONITOR\system_health_monitor_V1.0.py,model
E:\football_v\00_SYSTEM_TOOLS\deploy_scripts\deploy_phase3_2_memory_bridge.py,predict
E:\football_v\00_SYSTEM_TOOLS\deploy_scripts\deploy_v15_phase1.py,predict
E:\football_v\00_SYSTEM_TOOLS\deploy_scripts\deploy_v15_phase1_patch.py,predict
E:\football_v\00_SYSTEM_TOOLS\deploy_scripts\deploy_v15_phase2.py,elo
E:\football_v\00_SYSTEM_TOOLS\deploy_scripts\deploy_v15_phase2.py,model
E:\football_v\00_SYSTEM_TOOLS\deploy_scripts\deploy_v15_phase2.py,predict
E:\football_v\00_SYSTEM_TOOLS\Module_Deployment_Tool\modules\deploy_ai_autonomous_engine_HIL_V1.0_V1.4.py,elo
E:\football_v\00_SYSTEM_TOOLS\Module_Deployment_Tool\modules\deploy_ai_autonomous_engine_HIL_V1.0_V1.4.py,dixon
E:\football_v\00_SYSTEM_TOOLS\Module_Deployment_Tool\modules\deploy_ai_autonomous_engine_HIL_V1.0_V1.4.py,poisson
E:\football_v\00_SYSTEM_TOOLS\Module_Deployment_Tool\modules\deploy_ai_autonomous_engine_HIL_V1.0_V1.4.py,xgboost
E:\football_v\00_SYSTEM_TOOLS\Module_Deployment_Tool\modules\deploy_ai_autonomous_engine_HIL_V1.0_V1.4.py,XGB
E:\football_v\00_SYSTEM_TOOLS\Module_Deployment_Tool\modules\deploy_ai_autonomous_engine_HIL_V1.0_V1.4.py,model
E:\football_v\00_SYSTEM_TOOLS\Module_Deployment_Tool\modules\deploy_ai_autonomous_engine_HIL_V1.2.py,model
E:\football_v\00_SYSTEM_TOOLS\Module_Deployment_Tool\modules\deploy_ai_autonomous_engine_HIL_V1.3_V1.4.py,model
E:\football_v\00_SYSTEM_TOOLS\Module_Deployment_Tool\modules\deploy_ai_autonomous_engine_HIL_V1.5_V1.6.py,model
E:\football_v\00_SYSTEM_TOOLS\Module_Deployment_Tool\modules\deploy_ai_autonomous_engine_HIL_V1.5_V1.6.py,evaluate
E:\football_v\00_SYSTEM_TOOLS\Module_Deployment_Tool\modules\deploy_ai_autonomous_engine_HIL_V1.7_V1.8.py,evaluate
E:\football_v\00_SYSTEM_TOOLS\Module_Deployment_Tool\modules\deploy_ai_autonomous_engine_HIL_V1.9_V2.0.py,model
E:\football_v\00_SYSTEM_TOOLS\Module_Deployment_Tool\modules\deploy_ai_autonomous_engine_HIL_V1.9_V2.0.py,evaluate
E:\football_v\00_SYSTEM_TOOLS\Module_Deployment_Tool\modules\deploy_ai_autonomous_engine_HIL_V2.1_V2.2_BATCH.py,model
E:\football_v\00_SYSTEM_TOOLS\Module_Deployment_Tool\modules\deploy_ai_autonomous_engine_HIL_V2.3_V2.4_BATCH.py,predict
E:\football_v\00_SYSTEM_TOOLS\Module_Deployment_Tool\modules\deploy_ai_autonomous_engine_HIL_V2.5_V2.6_BATCH.py,predict
E:\football_v\00_SYSTEM_TOOLS\Module_Deployment_Tool\modules\deploy_ai_autonomous_engine_HIL_V2.7_V2.8_BATCH.py,predict
E:\football_v\00_SYSTEM_TOOLS\Module_Deployment_Tool\modules\deploy_ai_autonomous_engine_HIL_V2.9_V3.0_BATCH.py,predict
E:\football_v\00_SYSTEM_TOOLS\Module_Deployment_Tool\modules\deploy_ai_autonomous_engine_HIL_V2.9_V3.0_BATCH.py,evaluate
E:\football_v\00_SYSTEM_TOOLS\Module_Deployment_Tool\modules\deploy_ai_intelligence_layer_core_V1.0.py,elo
E:\football_v\00_SYSTEM_TOOLS\Module_Deployment_Tool\modules\deploy_ai_intelligence_layer_core_V1.0.py,dixon
E:\football_v\00_SYSTEM_TOOLS\Module_Deployment_Tool\modules\deploy_ai_intelligence_layer_core_V1.0.py,poisson
E:\football_v\00_SYSTEM_TOOLS\Module_Deployment_Tool\modules\deploy_ai_intelligence_layer_core_V1.0.py,xgboost
E:\football_v\00_SYSTEM_TOOLS\Module_Deployment_Tool\modules\deploy_ai_intelligence_layer_core_V1.0.py,XGB
E:\football_v\00_SYSTEM_TOOLS\Module_Deployment_Tool\modules\deploy_ai_intelligence_layer_core_V1.0.py,model
E:\football_v\00_SYSTEM_TOOLS\Module_Deployment_Tool\modules\deploy_ai_intelligence_layer_core_V1.0.py,train
E:\football_v\00_SYSTEM_TOOLS\Module_Deployment_Tool\modules\deploy_ai_intelligence_layer_core_V1.0.py,predict
E:\football_v\00_SYSTEM_TOOLS\Module_Deployment_Tool\modules\deploy_ai_intelligence_layer_core_V1.0.py,evaluate
E:\football_v\00_SYSTEM_TOOLS\Module_Deployment_Tool\modules\deploy_ai_intelligence_layer_core_V1.0.py,registry
E:\football_v\00_SYSTEM_TOOLS\Module_Deployment_Tool\modules\deploy_ai_intelligence_layer_test_V1.0.py,elo
E:\football_v\00_SYSTEM_TOOLS\Module_Deployment_Tool\modules\deploy_ai_intelligence_layer_test_V1.0.py,poisson
E:\football_v\00_SYSTEM_TOOLS\Module_Deployment_Tool\modules\deploy_ai_intelligence_layer_test_V1.0.py,xgboost
E:\football_v\00_SYSTEM_TOOLS\Module_Deployment_Tool\modules\deploy_ai_intelligence_layer_test_V1.0.py,XGB
E:\football_v\00_SYSTEM_TOOLS\Module_Deployment_Tool\modules\deploy_ai_intelligence_layer_test_V1.0.py,model
E:\football_v\00_SYSTEM_TOOLS\Module_Deployment_Tool\modules\deploy_ai_intelligence_layer_test_V1.0.py,train
E:\football_v\00_SYSTEM_TOOLS\Module_Deployment_Tool\modules\deploy_ai_intelligence_layer_test_V1.0.py,predict
E:\football_v\00_SYSTEM_TOOLS\Module_Deployment_Tool\modules\deploy_ai_intelligence_layer_test_V1.0.py,evaluate
E:\football_v\00_SYSTEM_TOOLS\Module_Deployment_Tool\modules\deploy_ai_intelligence_layer_test_V1.0.py,registry
E:\football_v\00_SYSTEM_TOOLS\Module_Deployment_Tool\modules\deploy_ai_orchestration_layer_batch_V1.0.py,elo
E:\football_v\00_SYSTEM_TOOLS\Module_Deployment_Tool\modules\deploy_ai_orchestration_layer_batch_V1.0.py,dixon
E:\football_v\00_SYSTEM_TOOLS\Module_Deployment_Tool\modules\deploy_ai_orchestration_layer_batch_V1.0.py,poisson
E:\football_v\00_SYSTEM_TOOLS\Module_Deployment_Tool\modules\deploy_ai_orchestration_layer_batch_V1.0.py,xgboost
E:\football_v\00_SYSTEM_TOOLS\Module_Deployment_Tool\modules\deploy_ai_orchestration_layer_batch_V1.0.py,XGB
E:\football_v\00_SYSTEM_TOOLS\Module_Deployment_Tool\modules\deploy_ai_orchestration_layer_batch_V1.0.py,model
E:\football_v\00_SYSTEM_TOOLS\Module_Deployment_Tool\modules\deploy_ai_orchestration_layer_batch_V1.0.py,predict
E:\football_v\00_SYSTEM_TOOLS\Module_Deployment_Tool\modules\deploy_ai_orchestration_layer_batch_V1.0.py,registry
E:\football_v\00_SYSTEM_TOOLS\Module_Deployment_Tool\modules\deploy_ai_orchestration_layer_V1.0_V1.3.py,elo
E:\football_v\00_SYSTEM_TOOLS\Module_Deployment_Tool\modules\deploy_ai_orchestration_layer_V1.0_V1.3.py,dixon
E:\football_v\00_SYSTEM_TOOLS\Module_Deployment_Tool\modules\deploy_ai_orchestration_layer_V1.0_V1.3.py,dixon_coles
E:\football_v\00_SYSTEM_TOOLS\Module_Deployment_Tool\modules\deploy_ai_orchestration_layer_V1.0_V1.3.py,poisson
E:\football_v\00_SYSTEM_TOOLS\Module_Deployment_Tool\modules\deploy_ai_orchestration_layer_V1.0_V1.3.py,xgboost
E:\football_v\00_SYSTEM_TOOLS\Module_Deployment_Tool\modules\deploy_ai_orchestration_layer_V1.0_V1.3.py,XGB
E:\football_v\00_SYSTEM_TOOLS\Module_Deployment_Tool\modules\deploy_ai_orchestration_layer_V1.0_V1.3.py,model
E:\football_v\00_SYSTEM_TOOLS\Module_Deployment_Tool\modules\deploy_ai_orchestration_layer_V1.0_V1.3.py,predict
E:\football_v\00_SYSTEM_TOOLS\Module_Deployment_Tool\modules\deploy_backtest_system_V1.0_V1.3.py,model
E:\football_v\00_SYSTEM_TOOLS\Module_Deployment_Tool\modules\deploy_backtest_system_V1.0_V1.3.py,fit
E:\football_v\00_SYSTEM_TOOLS\Module_Deployment_Tool\modules\deploy_backtest_system_V1.0_V1.3.py,predict
E:\football_v\00_SYSTEM_TOOLS\Module_Deployment_Tool\modules\deploy_backtest_system_V1.0_V1.3.py,evaluate
E:\football_v\00_SYSTEM_TOOLS\Module_Deployment_Tool\modules\deploy_data_intelligence_checkpoint_V1.0.py,elo
E:\football_v\00_SYSTEM_TOOLS\Module_Deployment_Tool\modules\deploy_data_intelligence_checkpoint_V1.0.py,dixon
E:\football_v\00_SYSTEM_TOOLS\Module_Deployment_Tool\modules\deploy_data_intelligence_checkpoint_V1.0.py,poisson
E:\football_v\00_SYSTEM_TOOLS\Module_Deployment_Tool\modules\deploy_data_intelligence_checkpoint_V1.0.py,xgboost
E:\football_v\00_SYSTEM_TOOLS\Module_Deployment_Tool\modules\deploy_data_intelligence_checkpoint_V1.0.py,XGB
E:\football_v\00_SYSTEM_TOOLS\Module_Deployment_Tool\modules\deploy_data_intelligence_checkpoint_V1.0.py,model
E:\football_v\00_SYSTEM_TOOLS\Module_Deployment_Tool\modules\deploy_data_intelligence_engine_V1.0.py,elo
E:\football_v\00_SYSTEM_TOOLS\Module_Deployment_Tool\modules\deploy_data_intelligence_engine_V1.0.py,dixon
E:\football_v\00_SYSTEM_TOOLS\Module_Deployment_Tool\modules\deploy_data_intelligence_engine_V1.0.py,poisson
E:\football_v\00_SYSTEM_TOOLS\Module_Deployment_Tool\modules\deploy_data_intelligence_engine_V1.0.py,xgboost
E:\football_v\00_SYSTEM_TOOLS\Module_Deployment_Tool\modules\deploy_data_intelligence_engine_V1.0.py,XGB
E:\football_v\00_SYSTEM_TOOLS\Module_Deployment_Tool\modules\deploy_data_intelligence_engine_V1.0.py,model
E:\football_v\00_SYSTEM_TOOLS\Module_Deployment_Tool\modules\deploy_data_intelligence_engine_V1.0.py,registry
E:\football_v\00_SYSTEM_TOOLS\Module_Deployment_Tool\modules\deploy_data_intelligence_test_V1.0.py,elo
E:\football_v\00_SYSTEM_TOOLS\Module_Deployment_Tool\modules\deploy_data_intelligence_test_V1.0.py,dixon
E:\football_v\00_SYSTEM_TOOLS\Module_Deployment_Tool\modules\deploy_data_intelligence_test_V1.0.py,poisson
E:\football_v\00_SYSTEM_TOOLS\Module_Deployment_Tool\modules\deploy_data_intelligence_test_V1.0.py,xgboost
E:\football_v\00_SYSTEM_TOOLS\Module_Deployment_Tool\modules\deploy_data_intelligence_test_V1.0.py,XGB
E:\football_v\00_SYSTEM_TOOLS\Module_Deployment_Tool\modules\deploy_data_intelligence_test_V1.0.py,model
E:\football_v\00_SYSTEM_TOOLS\Module_Deployment_Tool\modules\deploy_decision_engine_V1.0_V1.3.py,model
E:\football_v\00_SYSTEM_TOOLS\Module_Deployment_Tool\modules\deploy_decision_engine_V1.0_V1.3.py,fit
E:\football_v\00_SYSTEM_TOOLS\Module_Deployment_Tool\modules\deploy_decision_engine_V1.0_V1.3.py,predict
E:\football_v\00_SYSTEM_TOOLS\Module_Deployment_Tool\modules\deploy_decision_engine_V1.0_V1.3.py,registry
E:\football_v\00_SYSTEM_TOOLS\Module_Deployment_Tool\modules\deploy_dynamic_feature_weight_checkpoint_V1.0.py,elo
E:\football_v\00_SYSTEM_TOOLS\Module_Deployment_Tool\modules\deploy_dynamic_feature_weight_checkpoint_V1.0.py,dixon
E:\football_v\00_SYSTEM_TOOLS\Module_Deployment_Tool\modules\deploy_dynamic_feature_weight_checkpoint_V1.0.py,poisson
E:\football_v\00_SYSTEM_TOOLS\Module_Deployment_Tool\modules\deploy_dynamic_feature_weight_checkpoint_V1.0.py,xgboost
E:\football_v\00_SYSTEM_TOOLS\Module_Deployment_Tool\modules\deploy_dynamic_feature_weight_checkpoint_V1.0.py,XGB
E:\football_v\00_SYSTEM_TOOLS\Module_Deployment_Tool\modules\deploy_dynamic_feature_weight_checkpoint_V1.0.py,model
E:\football_v\00_SYSTEM_TOOLS\Module_Deployment_Tool\modules\deploy_dynamic_feature_weight_engine_V1.0.py,elo
E:\football_v\00_SYSTEM_TOOLS\Module_Deployment_Tool\modules\deploy_dynamic_feature_weight_engine_V1.0.py,dixon
E:\football_v\00_SYSTEM_TOOLS\Module_Deployment_Tool\modules\deploy_dynamic_feature_weight_engine_V1.0.py,poisson
E:\football_v\00_SYSTEM_TOOLS\Module_Deployment_Tool\modules\deploy_dynamic_feature_weight_engine_V1.0.py,xgboost
E:\football_v\00_SYSTEM_TOOLS\Module_Deployment_Tool\modules\deploy_dynamic_feature_weight_engine_V1.0.py,XGB
E:\football_v\00_SYSTEM_TOOLS\Module_Deployment_Tool\modules\deploy_dynamic_feature_weight_engine_V1.0.py,model
E:\football_v\00_SYSTEM_TOOLS\Module_Deployment_Tool\modules\deploy_dynamic_feature_weight_engine_V1.0.py,registry
E:\football_v\00_SYSTEM_TOOLS\Module_Deployment_Tool\modules\deploy_dynamic_feature_weight_test_V1.0.py,elo
E:\football_v\00_SYSTEM_TOOLS\Module_Deployment_Tool\modules\deploy_dynamic_feature_weight_test_V1.0.py,dixon
E:\football_v\00_SYSTEM_TOOLS\Module_Deployment_Tool\modules\deploy_dynamic_feature_weight_test_V1.0.py,poisson
E:\football_v\00_SYSTEM_TOOLS\Module_Deployment_Tool\modules\deploy_dynamic_feature_weight_test_V1.0.py,xgboost
E:\football_v\00_SYSTEM_TOOLS\Module_Deployment_Tool\modules\deploy_dynamic_feature_weight_test_V1.0.py,XGB
E:\football_v\00_SYSTEM_TOOLS\Module_Deployment_Tool\modules\deploy_dynamic_feature_weight_test_V1.0.py,model
E:\football_v\00_SYSTEM_TOOLS\Module_Deployment_Tool\modules\deploy_dynamic_feature_weight_test_V1.0.py,registry
E:\football_v\00_SYSTEM_TOOLS\Module_Deployment_Tool\modules\deploy_feature_store_adapter_V1.0.py,elo
E:\football_v\00_SYSTEM_TOOLS\Module_Deployment_Tool\modules\deploy_feature_store_adapter_V1.0.py,dixon
E:\football_v\00_SYSTEM_TOOLS\Module_Deployment_Tool\modules\deploy_feature_store_adapter_V1.0.py,dixon_coles
E:\football_v\00_SYSTEM_TOOLS\Module_Deployment_Tool\modules\deploy_feature_store_adapter_V1.0.py,poisson
E:\football_v\00_SYSTEM_TOOLS\Module_Deployment_Tool\modules\deploy_feature_store_adapter_V1.0.py,xgboost
E:\football_v\00_SYSTEM_TOOLS\Module_Deployment_Tool\modules\deploy_feature_store_adapter_V1.0.py,XGB
E:\football_v\00_SYSTEM_TOOLS\Module_Deployment_Tool\modules\deploy_feature_store_adapter_V1.0.py,model
E:\football_v\00_SYSTEM_TOOLS\Module_Deployment_Tool\modules\deploy_feature_store_adapter_V1.0.py,registry
E:\football_v\00_SYSTEM_TOOLS\Module_Deployment_Tool\modules\deploy_feature_store_core_V1.0.py,elo
E:\football_v\00_SYSTEM_TOOLS\Module_Deployment_Tool\modules\deploy_feature_store_core_V1.0.py,dixon
E:\football_v\00_SYSTEM_TOOLS\Module_Deployment_Tool\modules\deploy_feature_store_core_V1.0.py,poisson
E:\football_v\00_SYSTEM_TOOLS\Module_Deployment_Tool\modules\deploy_feature_store_core_V1.0.py,xgboost
E:\football_v\00_SYSTEM_TOOLS\Module_Deployment_Tool\modules\deploy_feature_store_core_V1.0.py,XGB
E:\football_v\00_SYSTEM_TOOLS\Module_Deployment_Tool\modules\deploy_feature_store_core_V1.0.py,model
E:\football_v\00_SYSTEM_TOOLS\Module_Deployment_Tool\modules\deploy_feature_store_core_V1.0.py,registry
E:\football_v\00_SYSTEM_TOOLS\Module_Deployment_Tool\modules\deploy_feature_store_V1.0.py,elo
E:\football_v\00_SYSTEM_TOOLS\Module_Deployment_Tool\modules\deploy_feature_store_V1.0.py,dixon
E:\football_v\00_SYSTEM_TOOLS\Module_Deployment_Tool\modules\deploy_feature_store_V1.0.py,dixon_coles
E:\football_v\00_SYSTEM_TOOLS\Module_Deployment_Tool\modules\deploy_feature_store_V1.0.py,poisson
E:\football_v\00_SYSTEM_TOOLS\Module_Deployment_Tool\modules\deploy_feature_store_V1.0.py,xgboost
E:\football_v\00_SYSTEM_TOOLS\Module_Deployment_Tool\modules\deploy_feature_store_V1.0.py,XGB
E:\football_v\00_SYSTEM_TOOLS\Module_Deployment_Tool\modules\deploy_feature_store_V1.0.py,model
E:\football_v\00_SYSTEM_TOOLS\Module_Deployment_Tool\modules\deploy_feature_store_V1.0.py,registry
E:\football_v\00_SYSTEM_TOOLS\Module_Deployment_Tool\modules\deploy_feature_store_V1.1.py,elo
E:\football_v\00_SYSTEM_TOOLS\Module_Deployment_Tool\modules\deploy_feature_store_V1.2.py,elo
E:\football_v\00_SYSTEM_TOOLS\Module_Deployment_Tool\modules\deploy_feature_store_V1.3.py,elo
E:\football_v\00_SYSTEM_TOOLS\Module_Deployment_Tool\modules\deploy_feature_store_V1.4.py,elo
E:\football_v\00_SYSTEM_TOOLS\Module_Deployment_Tool\modules\deploy_feature_store_V1.5.py,elo
E:\football_v\00_SYSTEM_TOOLS\Module_Deployment_Tool\modules\deploy_feature_store_V1.5.py,dixon
E:\football_v\00_SYSTEM_TOOLS\Module_Deployment_Tool\modules\deploy_feature_store_V1.5.py,dixon_coles
E:\football_v\00_SYSTEM_TOOLS\Module_Deployment_Tool\modules\deploy_feature_store_V1.5.py,poisson
E:\football_v\00_SYSTEM_TOOLS\Module_Deployment_Tool\modules\deploy_feature_store_V1.5.py,xgboost
E:\football_v\00_SYSTEM_TOOLS\Module_Deployment_Tool\modules\deploy_feature_store_V1.5.py,XGB
E:\football_v\00_SYSTEM_TOOLS\Module_Deployment_Tool\modules\deploy_feature_store_V1.5.py,model
E:\football_v\00_SYSTEM_TOOLS\Module_Deployment_Tool\modules\deploy_feature_store_V1.6.py,elo
E:\football_v\00_SYSTEM_TOOLS\Module_Deployment_Tool\modules\deploy_feature_store_V1.6.py,dixon
E:\football_v\00_SYSTEM_TOOLS\Module_Deployment_Tool\modules\deploy_feature_store_V1.6.py,dixon_coles
E:\football_v\00_SYSTEM_TOOLS\Module_Deployment_Tool\modules\deploy_feature_store_V1.6.py,poisson
E:\football_v\00_SYSTEM_TOOLS\Module_Deployment_Tool\modules\deploy_feature_store_V1.6.py,xgboost
E:\football_v\00_SYSTEM_TOOLS\Module_Deployment_Tool\modules\deploy_feature_store_V1.6.py,XGB
E:\football_v\00_SYSTEM_TOOLS\Module_Deployment_Tool\modules\deploy_feature_store_V1.6.py,model
E:\football_v\00_SYSTEM_TOOLS\Module_Deployment_Tool\modules\deploy_feature_store_V1.6.py,registry
E:\football_v\00_SYSTEM_TOOLS\Module_Deployment_Tool\modules\deploy_feature_store_V1.7.py,elo
E:\football_v\00_SYSTEM_TOOLS\Module_Deployment_Tool\modules\deploy_feature_store_V1.8.py,elo
E:\football_v\00_SYSTEM_TOOLS\Module_Deployment_Tool\modules\deploy_feature_store_V1.8.py,model
E:\football_v\00_SYSTEM_TOOLS\Module_Deployment_Tool\modules\deploy_feature_store_V1.8.py,train
E:\football_v\00_SYSTEM_TOOLS\Module_Deployment_Tool\modules\deploy_feature_store_V1.9.py,elo
E:\football_v\00_SYSTEM_TOOLS\Module_Deployment_Tool\modules\deploy_feature_store_V1.9.py,registry
E:\football_v\00_SYSTEM_TOOLS\Module_Deployment_Tool\modules\deploy_feature_store_V2.0.py,elo
E:\football_v\00_SYSTEM_TOOLS\Module_Deployment_Tool\modules\deploy_feature_store_V2.0.py,model
E:\football_v\00_SYSTEM_TOOLS\Module_Deployment_Tool\modules\deploy_feature_store_V2.1.py,elo
E:\football_v\00_SYSTEM_TOOLS\Module_Deployment_Tool\modules\deploy_feature_store_V2.1.py,model
E:\football_v\00_SYSTEM_TOOLS\Module_Deployment_Tool\modules\deploy_feature_store_V2.3.py,elo
E:\football_v\00_SYSTEM_TOOLS\Module_Deployment_Tool\modules\deploy_feature_store_V2.3.py,registry
E:\football_v\00_SYSTEM_TOOLS\Module_Deployment_Tool\modules\deploy_feature_store_V2.4_V2.6.py,elo
E:\football_v\00_SYSTEM_TOOLS\Module_Deployment_Tool\modules\deploy_feature_store_V2.7_V3.0.py,model
E:\football_v\00_SYSTEM_TOOLS\Module_Deployment_Tool\modules\deploy_feature_store_V2.7_V3.0.py,predict
E:\football_v\00_SYSTEM_TOOLS\Module_Deployment_Tool\modules\deploy_model_layer_V1.0_V1.3.py,elo
E:\football_v\00_SYSTEM_TOOLS\Module_Deployment_Tool\modules\deploy_model_layer_V1.0_V1.3.py,dixon
E:\football_v\00_SYSTEM_TOOLS\Module_Deployment_Tool\modules\deploy_model_layer_V1.0_V1.3.py,dixon_coles
E:\football_v\00_SYSTEM_TOOLS\Module_Deployment_Tool\modules\deploy_model_layer_V1.0_V1.3.py,poisson
E:\football_v\00_SYSTEM_TOOLS\Module_Deployment_Tool\modules\deploy_model_layer_V1.0_V1.3.py,xgboost
E:\football_v\00_SYSTEM_TOOLS\Module_Deployment_Tool\modules\deploy_model_layer_V1.0_V1.3.py,XGB
E:\football_v\00_SYSTEM_TOOLS\Module_Deployment_Tool\modules\deploy_model_layer_V1.0_V1.3.py,model
E:\football_v\00_SYSTEM_TOOLS\Module_Deployment_Tool\modules\deploy_model_layer_V1.0_V1.3.py,train
E:\football_v\00_SYSTEM_TOOLS\Module_Deployment_Tool\modules\deploy_model_layer_V1.0_V1.3.py,fit
E:\football_v\00_SYSTEM_TOOLS\Module_Deployment_Tool\modules\deploy_model_layer_V1.0_V1.3.py,predict
E:\football_v\00_SYSTEM_TOOLS\Module_Deployment_Tool\modules\deploy_model_layer_V1.0_V1.3.py,evaluate
E:\football_v\00_SYSTEM_TOOLS\Module_Deployment_Tool\modules\deploy_model_layer_V1.0_V1.3.py,load_model
E:\football_v\00_SYSTEM_TOOLS\Module_Deployment_Tool\modules\deploy_model_layer_V1.0_V1.3.py,registry
E:\football_v\00_SYSTEM_TOOLS\Module_Deployment_Tool\modules\deploy_module_deployment_tool_V1.1.py,registry
E:\football_v\00_SYSTEM_TOOLS\Module_Deployment_Tool\modules\deploy_prediction_engine_batch_test_V1.0.py,elo
E:\football_v\00_SYSTEM_TOOLS\Module_Deployment_Tool\modules\deploy_prediction_engine_batch_test_V1.0.py,dixon
E:\football_v\00_SYSTEM_TOOLS\Module_Deployment_Tool\modules\deploy_prediction_engine_batch_test_V1.0.py,poisson
E:\football_v\00_SYSTEM_TOOLS\Module_Deployment_Tool\modules\deploy_prediction_engine_batch_test_V1.0.py,xgboost
E:\football_v\00_SYSTEM_TOOLS\Module_Deployment_Tool\modules\deploy_prediction_engine_batch_test_V1.0.py,XGB
E:\football_v\00_SYSTEM_TOOLS\Module_Deployment_Tool\modules\deploy_prediction_engine_batch_test_V1.0.py,model
E:\football_v\00_SYSTEM_TOOLS\Module_Deployment_Tool\modules\deploy_prediction_engine_batch_test_V1.0.py,predict
E:\football_v\00_SYSTEM_TOOLS\Module_Deployment_Tool\modules\deploy_prediction_engine_batch_V1.0.py,elo
E:\football_v\00_SYSTEM_TOOLS\Module_Deployment_Tool\modules\deploy_prediction_engine_batch_V1.0.py,dixon
E:\football_v\00_SYSTEM_TOOLS\Module_Deployment_Tool\modules\deploy_prediction_engine_batch_V1.0.py,dixon_coles
E:\football_v\00_SYSTEM_TOOLS\Module_Deployment_Tool\modules\deploy_prediction_engine_batch_V1.0.py,poisson
E:\football_v\00_SYSTEM_TOOLS\Module_Deployment_Tool\modules\deploy_prediction_engine_batch_V1.0.py,xgboost
E:\football_v\00_SYSTEM_TOOLS\Module_Deployment_Tool\modules\deploy_prediction_engine_batch_V1.0.py,XGB
E:\football_v\00_SYSTEM_TOOLS\Module_Deployment_Tool\modules\deploy_prediction_engine_batch_V1.0.py,model
E:\football_v\00_SYSTEM_TOOLS\Module_Deployment_Tool\modules\deploy_prediction_engine_batch_V1.0.py,predict
E:\football_v\00_SYSTEM_TOOLS\Module_Deployment_Tool\modules\deploy_prediction_engine_batch_V1.0.py,registry
E:\football_v\00_SYSTEM_TOOLS\Module_Deployment_Tool\modules\deploy_prediction_engine_V1.0_V1.3.py,poisson
E:\football_v\00_SYSTEM_TOOLS\Module_Deployment_Tool\modules\deploy_prediction_engine_V1.0_V1.3.py,model
E:\football_v\00_SYSTEM_TOOLS\Module_Deployment_Tool\modules\deploy_prediction_engine_V1.0_V1.3.py,predict
E:\football_v\00_SYSTEM_TOOLS\Module_Deployment_Tool\modules\deploy_prediction_engine_V1.0_V1.3.py,registry
E:\football_v\00_SYSTEM_TOOLS\Module_Deployment_Tool\modules\deploy_prediction_intelligence_engine_V1.0.py,elo
E:\football_v\00_SYSTEM_TOOLS\Module_Deployment_Tool\modules\deploy_prediction_intelligence_engine_V1.0.py,dixon
E:\football_v\00_SYSTEM_TOOLS\Module_Deployment_Tool\modules\deploy_prediction_intelligence_engine_V1.0.py,poisson
E:\football_v\00_SYSTEM_TOOLS\Module_Deployment_Tool\modules\deploy_prediction_intelligence_engine_V1.0.py,xgboost
E:\football_v\00_SYSTEM_TOOLS\Module_Deployment_Tool\modules\deploy_prediction_intelligence_engine_V1.0.py,XGB
E:\football_v\00_SYSTEM_TOOLS\Module_Deployment_Tool\modules\deploy_prediction_intelligence_engine_V1.0.py,model
E:\football_v\00_SYSTEM_TOOLS\Module_Deployment_Tool\modules\deploy_prediction_intelligence_engine_V1.0.py,predict
E:\football_v\00_SYSTEM_TOOLS\Module_Deployment_Tool\modules\deploy_prediction_intelligence_engine_V1.0.py,evaluate
E:\football_v\00_SYSTEM_TOOLS\Module_Deployment_Tool\modules\deploy_prediction_intelligence_engine_V1.0.py,registry
E:\football_v\00_SYSTEM_TOOLS\Module_Deployment_Tool\modules\deploy_prediction_intelligence_test_V1.0.py,elo
E:\football_v\00_SYSTEM_TOOLS\Module_Deployment_Tool\modules\deploy_prediction_intelligence_test_V1.0.py,dixon
E:\football_v\00_SYSTEM_TOOLS\Module_Deployment_Tool\modules\deploy_prediction_intelligence_test_V1.0.py,poisson
E:\football_v\00_SYSTEM_TOOLS\Module_Deployment_Tool\modules\deploy_prediction_intelligence_test_V1.0.py,xgboost
E:\football_v\00_SYSTEM_TOOLS\Module_Deployment_Tool\modules\deploy_prediction_intelligence_test_V1.0.py,XGB
E:\football_v\00_SYSTEM_TOOLS\Module_Deployment_Tool\modules\deploy_prediction_intelligence_test_V1.0.py,model
E:\football_v\00_SYSTEM_TOOLS\Module_Deployment_Tool\modules\deploy_prediction_intelligence_test_V1.0.py,predict
E:\football_v\00_SYSTEM_TOOLS\Module_Deployment_Tool\modules\deploy_prediction_intelligence_test_V1.0.py,evaluate
E:\football_v\01_Data_Source\acceptance\acceptance_check.py,registry
E:\football_v\01_Data_Source\monitor\source_monitor.py,registry
E:\football_v\01_Data_Source\registry\source_registry.py,registry
E:\football_v\02_Data_Platform\data_manager\dataset_manager.py,registry
E:\football_v\02_Data_Platform\data_manager\dataset_registry.py,registry
E:\football_v\02_Data_Platform\data_manager\__init__.py,registry
E:\football_v\02_Data_Platform\integration\platform_bootstrap.py,registry
E:\football_v\02_Data_Platform\metadata\metadata_manager.py,registry
E:\football_v\02_Data_Platform\metadata\lineage\data_lineage.py,registry
E:\football_v\02_Data_Platform\raw\raw_manager.py,registry
E:\football_v\02_Data_Platform\raw\raw_registry.py,registry
E:\football_v\02_Data_Platform\registry\data_platform_registry.py,registry
E:\football_v\02_Data_Platform\storage_engine\storage_manager.py,registry
E:\football_v\03_MODEL_LAYER\confidence_model\confidence_engine_V2.0.py,model
E:\football_v\03_MODEL_LAYER\fusion_engine\fusion_engine_V2.3.py,model
E:\football_v\03_MODEL_LAYER\fusion_engine\fusion_engine_V2.3.py,predict
E:\football_v\03_MODEL_LAYER\market_model\market_value_model_V1.0.py,model
E:\football_v\03_MODEL_LAYER\risk_model\risk_engine_V2.0.py,model
E:\football_v\04_Data_Processing_AI\data_intelligence_engine\data_router.py,elo
E:\football_v\04_Data_Processing_AI\data_intelligence_engine\data_router.py,dixon
E:\football_v\04_Data_Processing_AI\data_intelligence_engine\data_router.py,poisson
E:\football_v\04_Data_Processing_AI\data_intelligence_engine\data_router.py,xgboost
E:\football_v\04_Data_Processing_AI\data_intelligence_engine\data_router.py,XGB
E:\football_v\04_Data_Processing_AI\data_intelligence_engine\data_router.py,model
E:\football_v\04_Data_Processing_AI\data_intelligence_engine\feature_selector.py,xgboost
E:\football_v\04_Data_Processing_AI\data_intelligence_engine\feature_selector.py,XGB
E:\football_v\04_Data_Processing_AI\data_intelligence_engine\feature_selector.py,model
E:\football_v\04_Data_Processing_AI\data_intelligence_engine\model_interface.py,elo
E:\football_v\04_Data_Processing_AI\data_intelligence_engine\model_interface.py,dixon
E:\football_v\04_Data_Processing_AI\data_intelligence_engine\model_interface.py,poisson
E:\football_v\04_Data_Processing_AI\data_intelligence_engine\model_interface.py,xgboost
E:\football_v\04_Data_Processing_AI\data_intelligence_engine\model_interface.py,XGB
E:\football_v\04_Data_Processing_AI\data_intelligence_engine\model_interface.py,model
E:\football_v\04_Data_Processing_AI\dynamic_feature_weight_engine\model_weight_manager.py,elo
E:\football_v\04_Data_Processing_AI\dynamic_feature_weight_engine\model_weight_manager.py,dixon
E:\football_v\04_Data_Processing_AI\dynamic_feature_weight_engine\model_weight_manager.py,poisson
E:\football_v\04_Data_Processing_AI\dynamic_feature_weight_engine\model_weight_manager.py,xgboost
E:\football_v\04_Data_Processing_AI\dynamic_feature_weight_engine\model_weight_manager.py,XGB
E:\football_v\04_Data_Processing_AI\dynamic_feature_weight_engine\model_weight_manager.py,model
E:\football_v\04_Data_Processing_AI\dynamic_feature_weight_engine\weight_calculator.py,elo
E:\football_v\04_Data_Processing_AI\dynamic_feature_weight_engine\weight_calculator.py,dixon
E:\football_v\04_Data_Processing_AI\dynamic_feature_weight_engine\weight_calculator.py,poisson
E:\football_v\04_Data_Processing_AI\dynamic_feature_weight_engine\weight_calculator.py,xgboost
E:\football_v\04_Data_Processing_AI\dynamic_feature_weight_engine\weight_calculator.py,XGB
E:\football_v\04_Data_Processing_AI\dynamic_feature_weight_engine\weight_calculator.py,model
E:\football_v\04_Data_Processing_AI\feature_store\dataset_split_manager.py,train
E:\football_v\04_Data_Processing_AI\feature_store\data_promotion_service.py,elo
E:\football_v\04_Data_Processing_AI\feature_store\data_source_registry.py,registry
E:\football_v\04_Data_Processing_AI\feature_store\elo_history_feature_engine.py,elo
E:\football_v\04_Data_Processing_AI\feature_store\environment_manager.py,elo
E:\football_v\04_Data_Processing_AI\feature_store\feature_loader.py,elo
E:\football_v\04_Data_Processing_AI\feature_store\feature_loader_service.py,elo
E:\football_v\04_Data_Processing_AI\feature_store\feature_model_adapter.py,elo
E:\football_v\04_Data_Processing_AI\feature_store\feature_model_adapter.py,poisson
E:\football_v\04_Data_Processing_AI\feature_store\feature_model_adapter.py,XGB
E:\football_v\04_Data_Processing_AI\feature_store\feature_model_adapter.py,model
E:\football_v\04_Data_Processing_AI\feature_store\feature_model_interface.py,model
E:\football_v\04_Data_Processing_AI\feature_store\feature_model_registry.py,elo
E:\football_v\04_Data_Processing_AI\feature_store\feature_model_registry.py,dixon
E:\football_v\04_Data_Processing_AI\feature_store\feature_model_registry.py,dixon_coles
E:\football_v\04_Data_Processing_AI\feature_store\feature_model_registry.py,poisson
E:\football_v\04_Data_Processing_AI\feature_store\feature_model_registry.py,xgboost
E:\football_v\04_Data_Processing_AI\feature_store\feature_model_registry.py,XGB
E:\football_v\04_Data_Processing_AI\feature_store\feature_model_registry.py,model
E:\football_v\04_Data_Processing_AI\feature_store\feature_model_registry.py,registry
E:\football_v\04_Data_Processing_AI\feature_store\feature_probability_schema.py,elo
E:\football_v\04_Data_Processing_AI\feature_store\feature_probability_schema.py,dixon
E:\football_v\04_Data_Processing_AI\feature_store\feature_probability_schema.py,dixon_coles
E:\football_v\04_Data_Processing_AI\feature_store\feature_probability_schema.py,poisson
E:\football_v\04_Data_Processing_AI\feature_store\feature_probability_schema.py,xgboost
E:\football_v\04_Data_Processing_AI\feature_store\feature_probability_schema.py,XGB
E:\football_v\04_Data_Processing_AI\feature_store\feature_registry.py,elo
E:\football_v\04_Data_Processing_AI\feature_store\feature_registry.py,dixon
E:\football_v\04_Data_Processing_AI\feature_store\feature_registry.py,poisson
E:\football_v\04_Data_Processing_AI\feature_store\feature_registry.py,xgboost
E:\football_v\04_Data_Processing_AI\feature_store\feature_registry.py,XGB
E:\football_v\04_Data_Processing_AI\feature_store\feature_registry.py,model
E:\football_v\04_Data_Processing_AI\feature_store\feature_registry.py,registry
E:\football_v\04_Data_Processing_AI\feature_store\historical_feature_registry.py,elo
E:\football_v\04_Data_Processing_AI\feature_store\historical_feature_registry.py,registry
E:\football_v\04_Data_Processing_AI\feature_store\historical_feature_table_creator.py,elo
E:\football_v\04_Data_Processing_AI\feature_store\historical_feature_table_creator.py,model
E:\football_v\04_Data_Processing_AI\feature_store\model_feedback_collector.py,model
E:\football_v\04_Data_Processing_AI\feature_store\model_feedback_collector.py,predict
E:\football_v\04_Data_Processing_AI\feature_store\model_training_exporter.py,model
E:\football_v\04_Data_Processing_AI\feature_store\model_training_exporter.py,train
E:\football_v\04_Data_Processing_AI\feature_store\prediction_error_analyzer.py,predict
E:\football_v\04_Data_Processing_AI\feature_store\training_dataset_builder.py,train
E:\football_v\04_Data_Processing_AI\feature_store\adapters\dixon_coles_adapter.py,dixon
E:\football_v\04_Data_Processing_AI\feature_store\adapters\dixon_coles_adapter.py,model
E:\football_v\04_Data_Processing_AI\feature_store\adapters\dixon_coles_feature_adapter.py,dixon
E:\football_v\04_Data_Processing_AI\feature_store\adapters\dixon_coles_feature_adapter.py,dixon_coles
E:\football_v\04_Data_Processing_AI\feature_store\adapters\elo_adapter.py,elo
E:\football_v\04_Data_Processing_AI\feature_store\adapters\elo_adapter.py,model
E:\football_v\04_Data_Processing_AI\feature_store\adapters\elo_feature_adapter.py,elo
E:\football_v\04_Data_Processing_AI\feature_store\adapters\fusion_adapter.py,elo
E:\football_v\04_Data_Processing_AI\feature_store\adapters\fusion_adapter.py,dixon
E:\football_v\04_Data_Processing_AI\feature_store\adapters\fusion_adapter.py,poisson
E:\football_v\04_Data_Processing_AI\feature_store\adapters\fusion_adapter.py,xgboost
E:\football_v\04_Data_Processing_AI\feature_store\adapters\fusion_adapter.py,XGB
E:\football_v\04_Data_Processing_AI\feature_store\adapters\fusion_adapter.py,model
E:\football_v\04_Data_Processing_AI\feature_store\adapters\poisson_adapter.py,poisson
E:\football_v\04_Data_Processing_AI\feature_store\adapters\poisson_adapter.py,model
E:\football_v\04_Data_Processing_AI\feature_store\adapters\poisson_feature_adapter.py,poisson
E:\football_v\04_Data_Processing_AI\feature_store\adapters\xgboost_adapter.py,xgboost
E:\football_v\04_Data_Processing_AI\feature_store\adapters\xgboost_adapter.py,XGB
E:\football_v\04_Data_Processing_AI\feature_store\adapters\xgboost_adapter.py,model
E:\football_v\04_Data_Processing_AI\feature_store\adapters\xgboost_feature_adapter.py,xgboost
E:\football_v\04_Data_Processing_AI\feature_store\adapters\xgboost_feature_adapter.py,XGB
E:\football_v\04_Data_Processing_AI\feature_store\tests\ai_feature_dataset_test.py,model
E:\football_v\04_Data_Processing_AI\feature_store\tests\feature_ingestion_test.py,registry
E:\football_v\04_Data_Processing_AI\feature_store\tests\feature_store_test.py,registry
E:\football_v\04_Data_Processing_AI\feature_store\tests\feature_store_v3.0_full_test.py,model
E:\football_v\04_Data_Processing_AI\feature_store\tests\feature_store_v3.0_full_test.py,predict
E:\football_v\04_Data_Processing_AI\feature_store\tests\historical_feature_store_test.py,elo
E:\football_v\04_Data_Processing_AI\feature_store\tests\historical_feature_store_test.py,registry
E:\football_v\04_Data_Processing_AI\feature_store\tests\model_feature_adapter_test.py,elo
E:\football_v\04_Data_Processing_AI\feature_store\tests\model_feature_adapter_test.py,dixon
E:\football_v\04_Data_Processing_AI\feature_store\tests\model_feature_adapter_test.py,dixon_coles
E:\football_v\04_Data_Processing_AI\feature_store\tests\model_feature_adapter_test.py,poisson
E:\football_v\04_Data_Processing_AI\feature_store\tests\model_feature_adapter_test.py,xgboost
E:\football_v\04_Data_Processing_AI\feature_store\tests\model_feature_adapter_test.py,XGB
E:\football_v\04_Data_Processing_AI\feature_store\tests\model_feature_adapter_test.py,model
E:\football_v\04_Data_Processing_AI\feature_store\tests\model_feature_adapter_test.py,registry
E:\football_v\04_Data_Processing_AI\feature_store\tests\training_dataset_pipeline_test.py,model
E:\football_v\04_Data_Processing_AI\feature_store\tests\training_dataset_pipeline_test.py,train
E:\football_v\05_AI_Intelligence_Layer\FUSION_DECISION_ENGINE\fusion_engine.py,model
E:\football_v\05_AI_Intelligence_Layer\MODEL_ADAPTER_FRAMEWORK\adapter_base.py,train
E:\football_v\05_AI_Intelligence_Layer\MODEL_ADAPTER_FRAMEWORK\adapter_base.py,predict
E:\football_v\05_AI_Intelligence_Layer\MODEL_ADAPTER_FRAMEWORK\adapter_base.py,evaluate
E:\football_v\05_AI_Intelligence_Layer\MODEL_EVALUATION_ENGINE\evaluator.py,predict
E:\football_v\05_AI_Intelligence_Layer\MODEL_EVALUATION_ENGINE\evaluator.py,evaluate
E:\football_v\05_AI_Intelligence_Layer\MODEL_REGISTRY\model_catalog.py,elo
E:\football_v\05_AI_Intelligence_Layer\MODEL_REGISTRY\model_catalog.py,dixon
E:\football_v\05_AI_Intelligence_Layer\MODEL_REGISTRY\model_catalog.py,poisson
E:\football_v\05_AI_Intelligence_Layer\MODEL_REGISTRY\model_catalog.py,xgboost
E:\football_v\05_AI_Intelligence_Layer\MODEL_REGISTRY\model_catalog.py,XGB
E:\football_v\05_AI_Intelligence_Layer\MODEL_REGISTRY\model_catalog.py,model
E:\football_v\05_AI_Intelligence_Layer\MODEL_REGISTRY\model_registry.py,elo
E:\football_v\05_AI_Intelligence_Layer\MODEL_REGISTRY\model_registry.py,dixon
E:\football_v\05_AI_Intelligence_Layer\MODEL_REGISTRY\model_registry.py,poisson
E:\football_v\05_AI_Intelligence_Layer\MODEL_REGISTRY\model_registry.py,xgboost
E:\football_v\05_AI_Intelligence_Layer\MODEL_REGISTRY\model_registry.py,XGB
E:\football_v\05_AI_Intelligence_Layer\MODEL_REGISTRY\model_registry.py,model
E:\football_v\05_AI_Intelligence_Layer\MODEL_REGISTRY\model_registry.py,registry
E:\football_v\05_AI_Intelligence_Layer\MODEL_REGISTRY\model_status_manager.py,model
E:\football_v\05_AI_Intelligence_Layer\MODEL_REGISTRY\model_version_manager.py,model
E:\football_v\05_MODEL_AI\MODEL_LAYER\model_interface.py,model
E:\football_v\05_MODEL_AI\MODEL_LAYER\model_interface.py,train
E:\football_v\05_MODEL_AI\MODEL_LAYER\model_interface.py,predict
E:\football_v\05_MODEL_AI\MODEL_LAYER\model_interface.py,evaluate
E:\football_v\05_MODEL_AI\MODEL_LAYER\model_loader.py,model
E:\football_v\05_MODEL_AI\MODEL_LAYER\model_loader.py,load_model
E:\football_v\05_MODEL_AI\MODEL_LAYER\model_registry.py,model
E:\football_v\05_MODEL_AI\MODEL_LAYER\model_registry.py,registry
E:\football_v\05_MODEL_AI\MODEL_LAYER\model_runtime.py,model
E:\football_v\05_MODEL_AI\MODEL_LAYER\backtest\backtest_engine.py,predict
E:\football_v\05_MODEL_AI\MODEL_LAYER\backtest\model_accuracy_report.py,model
E:\football_v\05_MODEL_AI\MODEL_LAYER\backtest\prediction_tracker.py,predict
E:\football_v\05_MODEL_AI\MODEL_LAYER\backtest\roi_analyzer.py,fit
E:\football_v\05_MODEL_AI\MODEL_LAYER\fusion\fusion_engine.py,elo
E:\football_v\05_MODEL_AI\MODEL_LAYER\fusion\fusion_engine.py,dixon
E:\football_v\05_MODEL_AI\MODEL_LAYER\fusion\fusion_engine.py,poisson
E:\football_v\05_MODEL_AI\MODEL_LAYER\fusion\fusion_engine.py,xgboost
E:\football_v\05_MODEL_AI\MODEL_LAYER\fusion\fusion_engine.py,XGB
E:\football_v\05_MODEL_AI\MODEL_LAYER\fusion\fusion_engine.py,model
E:\football_v\05_MODEL_AI\MODEL_LAYER\fusion\fusion_engine.py,predict
E:\football_v\05_MODEL_AI\MODEL_LAYER\models\dixon_coles_model.py,dixon
E:\football_v\05_MODEL_AI\MODEL_LAYER\models\dixon_coles_model.py,model
E:\football_v\05_MODEL_AI\MODEL_LAYER\models\dixon_coles_model.py,train
E:\football_v\05_MODEL_AI\MODEL_LAYER\models\dixon_coles_model.py,predict
E:\football_v\05_MODEL_AI\MODEL_LAYER\models\elo_model.py,elo
E:\football_v\05_MODEL_AI\MODEL_LAYER\models\elo_model.py,model
E:\football_v\05_MODEL_AI\MODEL_LAYER\models\elo_model.py,train
E:\football_v\05_MODEL_AI\MODEL_LAYER\models\elo_model.py,predict
E:\football_v\05_MODEL_AI\MODEL_LAYER\models\poisson_model.py,poisson
E:\football_v\05_MODEL_AI\MODEL_LAYER\models\poisson_model.py,model
E:\football_v\05_MODEL_AI\MODEL_LAYER\models\poisson_model.py,train
E:\football_v\05_MODEL_AI\MODEL_LAYER\models\poisson_model.py,predict
E:\football_v\05_MODEL_AI\MODEL_LAYER\models\xgboost_model.py,xgboost
E:\football_v\05_MODEL_AI\MODEL_LAYER\models\xgboost_model.py,XGB
E:\football_v\05_MODEL_AI\MODEL_LAYER\models\xgboost_model.py,model
E:\football_v\05_MODEL_AI\MODEL_LAYER\models\xgboost_model.py,train
E:\football_v\05_MODEL_AI\MODEL_LAYER\models\xgboost_model.py,predict
E:\football_v\05_MODEL_AI\MODEL_LAYER\tests\model_layer_v1.3_full_test.py,elo
E:\football_v\05_MODEL_AI\MODEL_LAYER\tests\model_layer_v1.3_full_test.py,dixon
E:\football_v\05_MODEL_AI\MODEL_LAYER\tests\model_layer_v1.3_full_test.py,dixon_coles
E:\football_v\05_MODEL_AI\MODEL_LAYER\tests\model_layer_v1.3_full_test.py,poisson
E:\football_v\05_MODEL_AI\MODEL_LAYER\tests\model_layer_v1.3_full_test.py,xgboost
E:\football_v\05_MODEL_AI\MODEL_LAYER\tests\model_layer_v1.3_full_test.py,XGB
E:\football_v\05_MODEL_AI\MODEL_LAYER\tests\model_layer_v1.3_full_test.py,model
E:\football_v\05_MODEL_AI\MODEL_LAYER\tests\model_layer_v1.3_full_test.py,predict
E:\football_v\05_MODEL_AI\MODEL_LAYER\tests\model_layer_v1.3_full_test.py,registry
E:\football_v\06_PREDICTION_ENGINE\goal_distribution.py,poisson
E:\football_v\06_PREDICTION_ENGINE\market_probability_compare.py,model
E:\football_v\06_PREDICTION_ENGINE\prediction_interface.py,predict
E:\football_v\06_PREDICTION_ENGINE\prediction_registry.py,predict
E:\football_v\06_PREDICTION_ENGINE\prediction_registry.py,registry
E:\football_v\06_PREDICTION_ENGINE\prediction_runtime.py,predict
E:\football_v\06_PREDICTION_ENGINE\prediction_service.py,model
E:\football_v\06_PREDICTION_ENGINE\prediction_service.py,predict
E:\football_v\06_PREDICTION_ENGINE\probability_engine.py,model
E:\football_v\06_PREDICTION_ENGINE\probability_engine.py,predict
E:\football_v\06_PREDICTION_ENGINE\score_prediction_engine.py,predict
E:\football_v\06_PREDICTION_ENGINE\value_analyzer.py,model
E:\football_v\06_PREDICTION_ENGINE\tests\prediction_engine_v1.3_full_test.py,predict
E:\football_v\06_PREDICTION_ENGINE\tests\prediction_engine_v1.3_full_test.py,registry
E:\football_v\06_PREDICTION_INTELLIGENCE_ENGINE\advanced_model_connector\connector_manager.py,elo
E:\football_v\06_PREDICTION_INTELLIGENCE_ENGINE\advanced_model_connector\connector_manager.py,dixon
E:\football_v\06_PREDICTION_INTELLIGENCE_ENGINE\advanced_model_connector\connector_manager.py,poisson
E:\football_v\06_PREDICTION_INTELLIGENCE_ENGINE\advanced_model_connector\connector_manager.py,xgboost
E:\football_v\06_PREDICTION_INTELLIGENCE_ENGINE\advanced_model_connector\connector_manager.py,XGB
E:\football_v\06_PREDICTION_INTELLIGENCE_ENGINE\advanced_model_connector\connector_manager.py,model
E:\football_v\06_PREDICTION_INTELLIGENCE_ENGINE\advanced_model_connector\dixon_coles_connector.py,dixon
E:\football_v\06_PREDICTION_INTELLIGENCE_ENGINE\advanced_model_connector\elo_connector.py,elo
E:\football_v\06_PREDICTION_INTELLIGENCE_ENGINE\advanced_model_connector\poisson_connector.py,poisson
E:\football_v\06_PREDICTION_INTELLIGENCE_ENGINE\advanced_model_connector\xgboost_connector.py,xgboost
E:\football_v\06_PREDICTION_INTELLIGENCE_ENGINE\advanced_model_connector\xgboost_connector.py,XGB
E:\football_v\06_PREDICTION_INTELLIGENCE_ENGINE\model_connector\model_connector.py,elo
E:\football_v\06_PREDICTION_INTELLIGENCE_ENGINE\model_connector\model_connector.py,dixon
E:\football_v\06_PREDICTION_INTELLIGENCE_ENGINE\model_connector\model_connector.py,poisson
E:\football_v\06_PREDICTION_INTELLIGENCE_ENGINE\model_connector\model_connector.py,xgboost
E:\football_v\06_PREDICTION_INTELLIGENCE_ENGINE\model_connector\model_connector.py,XGB
E:\football_v\06_PREDICTION_INTELLIGENCE_ENGINE\model_connector\model_connector.py,model
E:\football_v\06_PREDICTION_INTELLIGENCE_ENGINE\prediction_api\api_service.py,predict
E:\football_v\06_PREDICTION_INTELLIGENCE_ENGINE\probability_engine\probability_fusion.py,model
E:\football_v\06_PREDICTION_INTELLIGENCE_ENGINE\real_probability_engine\fusion_calculator.py,model
E:\football_v\06_PREDICTION_INTELLIGENCE_ENGINE\regular_time_prediction\prediction_engine.py,predict
E:\football_v\06_PREDICTION_INTELLIGENCE_ENGINE\risk_engine\risk_manager.py,evaluate
E:\football_v\06_PREDICTION_INTELLIGENCE_ENGINE\risk_intelligence_engine\model_conflict.py,model
E:\football_v\06_PREDICTION_INTELLIGENCE_ENGINE\score_prediction\score_predictor.py,predict
E:\football_v\07_AI_ORCHESTRATION_LAYER\model_router\model_selector.py,model
E:\football_v\07_AI_ORCHESTRATION_LAYER\model_router\router.py,elo
E:\football_v\07_AI_ORCHESTRATION_LAYER\model_router\router.py,dixon
E:\football_v\07_AI_ORCHESTRATION_LAYER\model_router\router.py,poisson
E:\football_v\07_AI_ORCHESTRATION_LAYER\model_router\router.py,xgboost
E:\football_v\07_AI_ORCHESTRATION_LAYER\model_router\router.py,XGB
E:\football_v\07_AI_ORCHESTRATION_LAYER\model_router\router.py,model
E:\football_v\07_BACKTEST_AI\accuracy_evaluator.py,predict
E:\football_v\07_BACKTEST_AI\backtest_engine.py,predict
E:\football_v\07_BACKTEST_AI\backtest_engine.py,evaluate
E:\football_v\07_BACKTEST_AI\confidence_evaluator.py,evaluate
E:\football_v\07_BACKTEST_AI\model_feedback.py,model
E:\football_v\07_BACKTEST_AI\model_feedback.py,predict
E:\football_v\07_BACKTEST_AI\prediction_result_loader.py,predict
E:\football_v\07_BACKTEST_AI\probability_evaluator.py,predict
E:\football_v\07_BACKTEST_AI\probability_evaluator.py,evaluate
E:\football_v\07_BACKTEST_AI\roi_tracker.py,fit
E:\football_v\07_BACKTEST_AI\strategy_performance.py,evaluate
E:\football_v\07_BACKTEST_AI\tests\backtest_system_v1.3_full_test.py,model
E:\football_v\07_BACKTEST_AI\tests\backtest_system_v1.3_full_test.py,predict
E:\football_v\07_BACKTEST_SYSTEM\backtest_engine\backtest_engine.py,predict
E:\football_v\07_BACKTEST_SYSTEM\model_evaluation\model_accuracy.py,model
E:\football_v\07_BACKTEST_SYSTEM\model_evaluation\model_accuracy.py,predict
E:\football_v\07_BACKTEST_SYSTEM\tests\backtest_system_test.py,elo
E:\football_v\07_BACKTEST_SYSTEM\tests\backtest_system_test.py,dixon
E:\football_v\07_BACKTEST_SYSTEM\tests\backtest_system_test.py,poisson
E:\football_v\07_BACKTEST_SYSTEM\tests\backtest_system_test.py,xgboost
E:\football_v\07_BACKTEST_SYSTEM\tests\backtest_system_test.py,XGB
E:\football_v\07_BACKTEST_SYSTEM\tests\backtest_system_test.py,model
E:\football_v\08_DECISION_ENGINE\bankroll_manager.py,fit
E:\football_v\08_DECISION_ENGINE\bet_selection_engine.py,model
E:\football_v\08_DECISION_ENGINE\decision_engine.py,predict
E:\football_v\08_DECISION_ENGINE\decision_interface.py,predict
E:\football_v\08_DECISION_ENGINE\decision_registry.py,registry
E:\football_v\08_DECISION_ENGINE\value_filter_engine.py,model
E:\football_v\08_DECISION_ENGINE\tests\decision_engine_v1.3_full_test.py,registry
E:\football_v\08_DECISION_INTELLIGENCE_LAYER\explanation_engine\explanation_manager.py,model
E:\football_v\08_DECISION_INTELLIGENCE_LAYER\explanation_engine\model_explainer.py,model
E:\football_v\08_DECISION_INTELLIGENCE_LAYER\handicap_interface\handicap_adapter.py,model
E:\football_v\08_DECISION_INTELLIGENCE_LAYER\handicap_interface\handicap_connector.py,model
E:\football_v\08_DECISION_INTELLIGENCE_LAYER\market_risk_interface\market_risk_adapter.py,model
E:\football_v\08_DECISION_INTELLIGENCE_LAYER\raw_output_engine\raw_output_manager.py,model
E:\football_v\08_DECISION_LAYER\engine\decision_engine_V2.4.py,evaluate
E:\football_v\09_AI_ORCHESTRATION_LAYER\auto_report_generator.py,model
E:\football_v\09_AI_ORCHESTRATION_LAYER\auto_report_generator.py,predict
E:\football_v\09_AI_ORCHESTRATION_LAYER\model_router.py,elo
E:\football_v\09_AI_ORCHESTRATION_LAYER\model_router.py,dixon
E:\football_v\09_AI_ORCHESTRATION_LAYER\model_router.py,dixon_coles
E:\football_v\09_AI_ORCHESTRATION_LAYER\model_router.py,poisson
E:\football_v\09_AI_ORCHESTRATION_LAYER\model_router.py,xgboost
E:\football_v\09_AI_ORCHESTRATION_LAYER\model_router.py,XGB
E:\football_v\09_AI_ORCHESTRATION_LAYER\model_router.py,model
E:\football_v\09_AI_ORCHESTRATION_LAYER\tests\orchestration_layer_v1.3_full_test.py,model
E:\football_v\09_APPLICATION_LAYER\api\prediction_api.py,predict
E:\football_v\09_MODEL_EXPLANATION_ENGINE\dixon_coles_explainer\dixon_coles_explainer.py,dixon
E:\football_v\09_MODEL_EXPLANATION_ENGINE\dixon_coles_explainer\dixon_coles_explainer.py,model
E:\football_v\09_MODEL_EXPLANATION_ENGINE\elo_explainer\elo_explainer.py,elo
E:\football_v\09_MODEL_EXPLANATION_ENGINE\elo_explainer\elo_explainer.py,model
E:\football_v\09_MODEL_EXPLANATION_ENGINE\fusion_explainer\fusion_explainer.py,model
E:\football_v\09_MODEL_EXPLANATION_ENGINE\poisson_explainer\poisson_explainer.py,poisson
E:\football_v\09_MODEL_EXPLANATION_ENGINE\poisson_explainer\poisson_explainer.py,model
E:\football_v\09_MODEL_EXPLANATION_ENGINE\xgboost_explainer\xgboost_explainer.py,xgboost
E:\football_v\09_MODEL_EXPLANATION_ENGINE\xgboost_explainer\xgboost_explainer.py,XGB
E:\football_v\09_MODEL_EXPLANATION_ENGINE\xgboost_explainer\xgboost_explainer.py,model
E:\football_v\09_Prediction_System\model_result_adapter.py,model
E:\football_v\09_Prediction_System\prediction_history.py,predict
E:\football_v\09_Prediction_System\prediction_monitor.py,predict
E:\football_v\09_Prediction_System\prediction_pipeline.py,predict
E:\football_v\09_Prediction_System\prediction_report_generator.py,predict
E:\football_v\09_Prediction_System\prediction_service_adapter.py,predict
E:\football_v\09_Prediction_System\score_adapter.py,predict
E:\football_v\09_Prediction_System\tests\test_phase2_adapter.py,model
E:\football_v\09_Prediction_System\tests\test_prediction_system.py,predict
E:\football_v\10_AI_AUTONOMOUS_ENGINE\adaptive_parameter_learning.py,model
E:\football_v\10_AI_AUTONOMOUS_ENGINE\auto_upgrade_manager.py,model
E:\football_v\10_AI_AUTONOMOUS_ENGINE\change_risk_assessor.py,model
E:\football_v\10_AI_AUTONOMOUS_ENGINE\decision_logger.py,model
E:\football_v\10_AI_AUTONOMOUS_ENGINE\dynamic_weight_adjuster.py,model
E:\football_v\10_AI_AUTONOMOUS_ENGINE\error_analysis_engine.py,predict
E:\football_v\10_AI_AUTONOMOUS_ENGINE\failure_prediction_engine.py,predict
E:\football_v\10_AI_AUTONOMOUS_ENGINE\future_risk_simulator.py,predict
E:\football_v\10_AI_AUTONOMOUS_ENGINE\model_change_tracker.py,model
E:\football_v\10_AI_AUTONOMOUS_ENGINE\model_self_optimizer.py,elo
E:\football_v\10_AI_AUTONOMOUS_ENGINE\model_self_optimizer.py,dixon
E:\football_v\10_AI_AUTONOMOUS_ENGINE\model_self_optimizer.py,poisson
E:\football_v\10_AI_AUTONOMOUS_ENGINE\model_self_optimizer.py,xgboost
E:\football_v\10_AI_AUTONOMOUS_ENGINE\model_self_optimizer.py,XGB
E:\football_v\10_AI_AUTONOMOUS_ENGINE\model_self_optimizer.py,model
E:\football_v\10_AI_AUTONOMOUS_ENGINE\optimization_history.py,model
E:\football_v\10_AI_AUTONOMOUS_ENGINE\optimization_result_predictor.py,predict
E:\football_v\10_AI_AUTONOMOUS_ENGINE\parameter_tuner.py,model
E:\football_v\10_AI_AUTONOMOUS_ENGINE\prediction_explanation_engine.py,predict
E:\football_v\10_AI_AUTONOMOUS_ENGINE\risk_gate.py,evaluate
E:\football_v\10_AI_AUTONOMOUS_ENGINE\strategy_confidence_evaluator.py,evaluate
E:\football_v\10_AI_AUTONOMOUS_ENGINE\strategy_evolution_manager.py,evaluate
E:\football_v\10_AI_AUTONOMOUS_ENGINE\tests\autonomous_engine_v1_4_full_test.py,model
E:\football_v\10_AI_AUTONOMOUS_ENGINE\tests\autonomous_engine_v2_4_batch_full_test.py,predict
E:\football_v\10_AI_AUTONOMOUS_ENGINE\tests\autonomous_engine_v2_8_batch_full_test.py,predict
E:\football_v\10_AI_AUTONOMOUS_ENGINE\tests\autonomous_engine_v3_0_batch_full_test.py,predict
E:\football_v\10_AI_AUTONOMOUS_ENGINE\tests\optimization_suggestion_v1_1_full_test.py,model
E:\football_v\10_INTEGRATION_LAYER\test\full_pipeline_test.py,model
E:\football_v\10_INTEGRATION_LAYER\test\full_pipeline_test.py,predict
E:\football_v\10_INTEGRATION_LAYER\test\model_connection_test.py,elo
E:\football_v\10_INTEGRATION_LAYER\test\model_connection_test.py,dixon
E:\football_v\10_INTEGRATION_LAYER\test\model_connection_test.py,poisson
E:\football_v\10_INTEGRATION_LAYER\test\model_connection_test.py,xgboost
E:\football_v\10_INTEGRATION_LAYER\test\model_connection_test.py,XGB
E:\football_v\10_INTEGRATION_LAYER\test\model_connection_test.py,model
E:\football_v\10_MARKET_INTELLIGENCE_LAYER\handicap_model\handicap_engine.py,model
E:\football_v\10_MARKET_INTELLIGENCE_LAYER\market_risk_model\risk_engine.py,model
E:\football_v\116_REAL_MATCH_PIPELINE\module.py,predict
E:\football_v\117_FEATURE_AUTO_GENERATOR\module.py,predict
E:\football_v\118_MODEL_INFERENCE_SERVICE\module.py,model
E:\football_v\118_MODEL_INFERENCE_SERVICE\module.py,predict
E:\football_v\119_PREDICTION_OUTPUT_SERVICE\module.py,predict
E:\football_v\11_AI_ORCHESTRATION_LAYER\model_scheduler\scheduler.py,model
E:\football_v\11_System_Intelligence\ai_prediction_os.py,predict
E:\football_v\11_System_Intelligence\decision_context.py,model
E:\football_v\11_System_Intelligence\decision_fusion.py,model
E:\football_v\11_System_Intelligence\dixon_coles_model.py,dixon
E:\football_v\11_System_Intelligence\dixon_coles_model.py,model
E:\football_v\11_System_Intelligence\dixon_coles_trainer.py,dixon
E:\football_v\11_System_Intelligence\dixon_coles_trainer.py,dixon_coles
E:\football_v\11_System_Intelligence\dixon_coles_trainer.py,model
E:\football_v\11_System_Intelligence\dixon_coles_trainer.py,train
E:\football_v\11_System_Intelligence\dynamic_weight_engine.py,elo
E:\football_v\11_System_Intelligence\dynamic_weight_engine.py,dixon
E:\football_v\11_System_Intelligence\dynamic_weight_engine.py,poisson
E:\football_v\11_System_Intelligence\dynamic_weight_engine.py,xgboost
E:\football_v\11_System_Intelligence\dynamic_weight_engine.py,XGB
E:\football_v\11_System_Intelligence\elo_engine.py,elo
E:\football_v\11_System_Intelligence\elo_trainer.py,elo
E:\football_v\11_System_Intelligence\elo_trainer.py,model
E:\football_v\11_System_Intelligence\elo_trainer.py,train
E:\football_v\11_System_Intelligence\evolution_engine.py,predict
E:\football_v\11_System_Intelligence\intelligence_fusion_engine.py,model
E:\football_v\11_System_Intelligence\knowledge_memory_bridge.py,predict
E:\football_v\11_System_Intelligence\match_prediction_engine.py,predict
E:\football_v\11_System_Intelligence\memory_adapter.py,predict
E:\football_v\11_System_Intelligence\model_accuracy_memory.py,model
E:\football_v\11_System_Intelligence\model_adjustment_engine.py,model
E:\football_v\11_System_Intelligence\model_conflict_detector.py,model
E:\football_v\11_System_Intelligence\model_fusion_core.py,model
E:\football_v\11_System_Intelligence\model_observer.py,elo
E:\football_v\11_System_Intelligence\model_observer.py,model
E:\football_v\11_System_Intelligence\model_optimizer.py,elo
E:\football_v\11_System_Intelligence\model_optimizer.py,dixon
E:\football_v\11_System_Intelligence\model_optimizer.py,dixon_coles
E:\football_v\11_System_Intelligence\model_optimizer.py,poisson
E:\football_v\11_System_Intelligence\model_optimizer.py,xgboost
E:\football_v\11_System_Intelligence\model_optimizer.py,XGB
E:\football_v\11_System_Intelligence\model_optimizer.py,model
E:\football_v\11_System_Intelligence\model_weight_optimizer.py,elo
E:\football_v\11_System_Intelligence\model_weight_optimizer.py,dixon
E:\football_v\11_System_Intelligence\model_weight_optimizer.py,dixon_coles
E:\football_v\11_System_Intelligence\model_weight_optimizer.py,poisson
E:\football_v\11_System_Intelligence\model_weight_optimizer.py,xgboost
E:\football_v\11_System_Intelligence\model_weight_optimizer.py,XGB
E:\football_v\11_System_Intelligence\model_weight_optimizer.py,model
E:\football_v\11_System_Intelligence\poisson_model.py,poisson
E:\football_v\11_System_Intelligence\poisson_model.py,model
E:\football_v\11_System_Intelligence\poisson_trainer.py,poisson
E:\football_v\11_System_Intelligence\poisson_trainer.py,model
E:\football_v\11_System_Intelligence\poisson_trainer.py,train
E:\football_v\11_System_Intelligence\prediction_agent.py,predict
E:\football_v\11_System_Intelligence\prediction_evaluator.py,predict
E:\football_v\11_System_Intelligence\prediction_evaluator.py,evaluate
E:\football_v\11_System_Intelligence\prediction_report.py,predict
E:\football_v\11_System_Intelligence\prediction_report_generator.py,predict
E:\football_v\11_System_Intelligence\probability_fusion_engine.py,elo
E:\football_v\11_System_Intelligence\probability_fusion_engine.py,poisson
E:\football_v\11_System_Intelligence\probability_fusion_engine.py,xgboost
E:\football_v\11_System_Intelligence\probability_fusion_engine.py,XGB
E:\football_v\11_System_Intelligence\probability_fusion_engine.py,model
E:\football_v\11_System_Intelligence\profit_tracker.py,fit
E:\football_v\11_System_Intelligence\reasoning_engine.py,evaluate
E:\football_v\11_System_Intelligence\reasoning_rules.py,evaluate
E:\football_v\11_System_Intelligence\score_prediction_engine.py,predict
E:\football_v\11_System_Intelligence\team_strength_engine.py,evaluate
E:\football_v\11_System_Intelligence\xgboost_predictor.py,xgboost
E:\football_v\11_System_Intelligence\xgboost_predictor.py,XGB
E:\football_v\11_System_Intelligence\xgboost_predictor.py,model
E:\football_v\11_System_Intelligence\xgboost_predictor.py,predict
E:\football_v\11_System_Intelligence\xgboost_trainer.py,xgboost
E:\football_v\11_System_Intelligence\xgboost_trainer.py,XGB
E:\football_v\11_System_Intelligence\xgboost_trainer.py,model
E:\football_v\11_System_Intelligence\xgboost_trainer.py,train
E:\football_v\11_System_Intelligence\tests\test_phase3_12_probability.py,elo
E:\football_v\11_System_Intelligence\tests\test_phase3_12_probability.py,poisson
E:\football_v\11_System_Intelligence\tests\test_phase3_12_probability.py,xgboost
E:\football_v\11_System_Intelligence\tests\test_phase3_12_probability.py,XGB
E:\football_v\11_System_Intelligence\tests\test_phase3_14_prediction.py,predict
E:\football_v\11_System_Intelligence\tests\test_phase3_4_decision_fusion.py,model
E:\football_v\11_System_Intelligence\tests\test_phase3_6_self_learning.py,elo
E:\football_v\11_System_Intelligence\tests\test_phase3_6_self_learning.py,xgboost
E:\football_v\11_System_Intelligence\tests\test_phase3_6_self_learning.py,XGB
E:\football_v\11_System_Intelligence\tests\test_phase3_6_self_learning.py,model
E:\football_v\11_System_Intelligence\tests\test_phase3_system_intelligence.py,predict
E:\football_v\11_System_Intelligence\tests\test_phase4_prediction_core.py,elo
E:\football_v\11_System_Intelligence\tests\test_phase4_prediction_core.py,model
E:\football_v\11_System_Intelligence\tests\test_phase5_2_weight.py,elo
E:\football_v\11_System_Intelligence\tests\test_phase6_feedback.py,model
E:\football_v\11_System_Intelligence\tests\test_phase6_training.py,elo
E:\football_v\11_System_Intelligence\tests\test_phase6_training.py,train
E:\football_v\120_AI_REPORT_SERVICE\module.py,predict
E:\football_v\122_MODEL_STORE_LAYER\metadata_manager.py,model
E:\football_v\123_MODEL_WEIGHT_UPDATE_ENGINE\module.py,model
E:\football_v\126_MODEL_EXPLANATION_ENGINE\explanation_engine.py,model
E:\football_v\12_AUTONOMOUS_LEARNING_ENGINE\error_analysis\error_analyzer.py,predict
E:\football_v\12_AUTONOMOUS_LEARNING_ENGINE\model_learning\learning_engine.py,model
E:\football_v\13_REPORT_INTELLIGENCE_LAYER\model_report\model_report.py,model
E:\football_v\13_REPORT_INTELLIGENCE_LAYER\probability_report\probability_report.py,model
E:\football_v\143_MODEL_CALL_ORCHESTRATOR\module.py,model
E:\football_v\14_SYSTEM_MONITORING_LAYER\model_monitor\model_checker.py,elo
E:\football_v\14_SYSTEM_MONITORING_LAYER\model_monitor\model_checker.py,dixon
E:\football_v\14_SYSTEM_MONITORING_LAYER\model_monitor\model_checker.py,poisson
E:\football_v\14_SYSTEM_MONITORING_LAYER\model_monitor\model_checker.py,xgboost
E:\football_v\14_SYSTEM_MONITORING_LAYER\model_monitor\model_checker.py,XGB
E:\football_v\14_SYSTEM_MONITORING_LAYER\model_monitor\model_checker.py,model
E:\football_v\16_DATABASE_GOVERNANCE_LAYER\database_initializer\database_initializer_V1.0.py,model
E:\football_v\17_MODEL_STORE_LAYER\model_loader.py,model
E:\football_v\17_MODEL_STORE_LAYER\module.py,elo
E:\football_v\17_MODEL_STORE_LAYER\module.py,dixon
E:\football_v\17_MODEL_STORE_LAYER\module.py,dixon_coles
E:\football_v\17_MODEL_STORE_LAYER\module.py,poisson
E:\football_v\17_MODEL_STORE_LAYER\module.py,xgboost
E:\football_v\17_MODEL_STORE_LAYER\module.py,XGB
E:\football_v\17_MODEL_STORE_LAYER\module.py,model
E:\football_v\17_MODEL_STORE_LAYER\module.py,load_model
E:\football_v\17_MODEL_STORE_LAYER\model_artifact_manager\model_artifact_manager_V1.0.py,model
E:\football_v\17_MODEL_STORE_LAYER\model_cache_manager\model_cache_manager_V1.0.py,model
E:\football_v\17_MODEL_STORE_LAYER\model_deployment_manager\model_deployment_manager_V1.0.py,model
E:\football_v\17_MODEL_STORE_LAYER\model_loader\model_loader_V1.0.py,elo
E:\football_v\17_MODEL_STORE_LAYER\model_loader\model_loader_V1.0.py,dixon
E:\football_v\17_MODEL_STORE_LAYER\model_loader\model_loader_V1.0.py,poisson
E:\football_v\17_MODEL_STORE_LAYER\model_loader\model_loader_V1.0.py,xgboost
E:\football_v\17_MODEL_STORE_LAYER\model_loader\model_loader_V1.0.py,XGB
E:\football_v\17_MODEL_STORE_LAYER\model_loader\model_loader_V1.0.py,model
E:\football_v\17_MODEL_STORE_LAYER\model_loader\model_loader_V1.0.py,load_model
E:\football_v\17_MODEL_STORE_LAYER\model_metrics_manager\model_metrics_manager_V1.0.py,model
E:\football_v\17_MODEL_STORE_LAYER\model_parameter_manager\model_parameter_manager_V1.0.py,model
E:\football_v\17_MODEL_STORE_LAYER\model_registry\model_registry_V1.0.py,elo
E:\football_v\17_MODEL_STORE_LAYER\model_registry\model_registry_V1.0.py,dixon
E:\football_v\17_MODEL_STORE_LAYER\model_registry\model_registry_V1.0.py,poisson
E:\football_v\17_MODEL_STORE_LAYER\model_registry\model_registry_V1.0.py,xgboost
E:\football_v\17_MODEL_STORE_LAYER\model_registry\model_registry_V1.0.py,XGB
E:\football_v\17_MODEL_STORE_LAYER\model_registry\model_registry_V1.0.py,model
E:\football_v\17_MODEL_STORE_LAYER\model_registry\model_registry_V1.0.py,registry
E:\football_v\17_MODEL_STORE_LAYER\model_validator\model_validator_V1.0.py,model
E:\football_v\17_MODEL_STORE_LAYER\model_version_manager\model_version_manager_V1.0.py,model
E:\football_v\18_MODEL_EXECUTION_ENGINE\fusion_engine.py,model
E:\football_v\18_MODEL_EXECUTION_ENGINE\module.py,elo
E:\football_v\18_MODEL_EXECUTION_ENGINE\module.py,dixon
E:\football_v\18_MODEL_EXECUTION_ENGINE\module.py,dixon_coles
E:\football_v\18_MODEL_EXECUTION_ENGINE\module.py,poisson
E:\football_v\18_MODEL_EXECUTION_ENGINE\module.py,xgboost
E:\football_v\18_MODEL_EXECUTION_ENGINE\module.py,XGB
E:\football_v\18_MODEL_EXECUTION_ENGINE\module.py,predict
E:\football_v\18_MODEL_EXECUTION_ENGINE\batch_predictor\batch_predictor_V1.0.py,predict
E:\football_v\18_MODEL_EXECUTION_ENGINE\feature_loader\feature_loader_V1.0.py,elo
E:\football_v\18_MODEL_EXECUTION_ENGINE\feature_loader\feature_loader_V1.0.py,dixon
E:\football_v\18_MODEL_EXECUTION_ENGINE\feature_loader\feature_loader_V1.0.py,dixon_coles
E:\football_v\18_MODEL_EXECUTION_ENGINE\feature_loader\feature_loader_V1.0.py,poisson
E:\football_v\18_MODEL_EXECUTION_ENGINE\feature_loader\feature_loader_V1.0.py,xgboost
E:\football_v\18_MODEL_EXECUTION_ENGINE\feature_loader\feature_loader_V1.0.py,XGB
E:\football_v\18_MODEL_EXECUTION_ENGINE\fusion_engine\fusion_engine_V1.0.py,elo
E:\football_v\18_MODEL_EXECUTION_ENGINE\fusion_engine\fusion_engine_V1.0.py,dixon
E:\football_v\18_MODEL_EXECUTION_ENGINE\fusion_engine\fusion_engine_V1.0.py,poisson
E:\football_v\18_MODEL_EXECUTION_ENGINE\fusion_engine\fusion_engine_V1.0.py,xgboost
E:\football_v\18_MODEL_EXECUTION_ENGINE\fusion_engine\fusion_engine_V1.0.py,XGB
E:\football_v\18_MODEL_EXECUTION_ENGINE\model_loader\model_loader_V1.0.py,elo
E:\football_v\18_MODEL_EXECUTION_ENGINE\model_loader\model_loader_V1.0.py,dixon
E:\football_v\18_MODEL_EXECUTION_ENGINE\model_loader\model_loader_V1.0.py,poisson
E:\football_v\18_MODEL_EXECUTION_ENGINE\model_loader\model_loader_V1.0.py,xgboost
E:\football_v\18_MODEL_EXECUTION_ENGINE\model_loader\model_loader_V1.0.py,XGB
E:\football_v\18_MODEL_EXECUTION_ENGINE\model_loader\model_loader_V1.0.py,model
E:\football_v\18_MODEL_EXECUTION_ENGINE\model_loader\model_loader_V1.0.py,load_model
E:\football_v\18_MODEL_EXECUTION_ENGINE\prediction_pipeline\prediction_pipeline_V1.0.py,predict
E:\football_v\18_MODEL_EXECUTION_ENGINE\prediction_scheduler\prediction_scheduler_V1.0.py,predict
E:\football_v\19_API_LAYER\api_registry\api_registry_V1.0.py,registry
E:\football_v\19_API_LAYER\model_api\model_api_V1.0.py,model
E:\football_v\19_API_LAYER\prediction_api\prediction_api_V1.0.py,predict
E:\football_v\20_DASHBOARD_LAYER\model_dashboard\model_dashboard_V1.0.py,model
E:\football_v\20_DASHBOARD_LAYER\prediction_dashboard\prediction_dashboard_V1.0.py,predict
E:\football_v\21_PRODUCT_PACKAGE\version_registry\version_registry_V1.0.py,registry
E:\football_v\22_AI_FEATURE_STORE_LAYER\feature_registry.py,registry
E:\football_v\23_MODEL_TRAINING_ENGINE\dixon_coles_trainer.py,dixon
E:\football_v\23_MODEL_TRAINING_ENGINE\dixon_coles_trainer.py,dixon_coles
E:\football_v\23_MODEL_TRAINING_ENGINE\dixon_coles_trainer.py,model
E:\football_v\23_MODEL_TRAINING_ENGINE\dixon_coles_trainer.py,train
E:\football_v\23_MODEL_TRAINING_ENGINE\elo_trainer.py,elo
E:\football_v\23_MODEL_TRAINING_ENGINE\elo_trainer.py,model
E:\football_v\23_MODEL_TRAINING_ENGINE\elo_trainer.py,train
E:\football_v\23_MODEL_TRAINING_ENGINE\fusion_trainer.py,model
E:\football_v\23_MODEL_TRAINING_ENGINE\fusion_trainer.py,train
E:\football_v\23_MODEL_TRAINING_ENGINE\module.py,model
E:\football_v\23_MODEL_TRAINING_ENGINE\module.py,train
E:\football_v\23_MODEL_TRAINING_ENGINE\poisson_trainer.py,poisson
E:\football_v\23_MODEL_TRAINING_ENGINE\poisson_trainer.py,model
E:\football_v\23_MODEL_TRAINING_ENGINE\poisson_trainer.py,train
E:\football_v\23_MODEL_TRAINING_ENGINE\xgboost_trainer.py,xgboost
E:\football_v\23_MODEL_TRAINING_ENGINE\xgboost_trainer.py,XGB
E:\football_v\23_MODEL_TRAINING_ENGINE\xgboost_trainer.py,model
E:\football_v\23_MODEL_TRAINING_ENGINE\xgboost_trainer.py,train
E:\football_v\23_MODEL_TRAINING_ENGINE\evaluation_engine\evaluation_engine_V2.0.py,evaluate
E:\football_v\23_MODEL_TRAINING_ENGINE\feature_loader\feature_loader_V2.0.py,elo
E:\football_v\23_MODEL_TRAINING_ENGINE\model_trainer\model_trainer_V2.0.py,model
E:\football_v\23_MODEL_TRAINING_ENGINE\model_trainer\model_trainer_V2.0.py,train
E:\football_v\23_MODEL_TRAINING_ENGINE\tests\test_training_engine_V2.0.py,train
E:\football_v\23_MODEL_TRAINING_ENGINE\training_pipeline\training_pipeline_V2.0.py,train
E:\football_v\24_PREDICTION_INTELLIGENCE_LAYER\handicap_engine.py,predict
E:\football_v\24_PREDICTION_INTELLIGENCE_LAYER\kelly_optimizer.py,predict
E:\football_v\24_PREDICTION_INTELLIGENCE_LAYER\market_risk_engine.py,predict
E:\football_v\24_PREDICTION_INTELLIGENCE_LAYER\module.py,predict
E:\football_v\24_PREDICTION_INTELLIGENCE_LAYER\probability_engine.py,predict
E:\football_v\24_PREDICTION_INTELLIGENCE_LAYER\score_prediction_engine.py,predict
E:\football_v\24_PREDICTION_INTELLIGENCE_LAYER\output_engine\prediction_report.py,predict
E:\football_v\24_PREDICTION_INTELLIGENCE_LAYER\prediction_core\predictor.py,predict
E:\football_v\24_PREDICTION_INTELLIGENCE_LAYER\prediction_models\dixon_coles_predictor.py,dixon
E:\football_v\24_PREDICTION_INTELLIGENCE_LAYER\prediction_models\dixon_coles_predictor.py,dixon_coles
E:\football_v\24_PREDICTION_INTELLIGENCE_LAYER\prediction_models\dixon_coles_predictor.py,predict
E:\football_v\24_PREDICTION_INTELLIGENCE_LAYER\prediction_models\elo_predictor.py,elo
E:\football_v\24_PREDICTION_INTELLIGENCE_LAYER\prediction_models\elo_predictor.py,predict
E:\football_v\24_PREDICTION_INTELLIGENCE_LAYER\prediction_models\poisson_predictor.py,poisson
E:\football_v\24_PREDICTION_INTELLIGENCE_LAYER\prediction_models\poisson_predictor.py,predict
E:\football_v\24_PREDICTION_INTELLIGENCE_LAYER\prediction_models\xgboost_predictor.py,xgboost
E:\football_v\24_PREDICTION_INTELLIGENCE_LAYER\prediction_models\xgboost_predictor.py,XGB
E:\football_v\24_PREDICTION_INTELLIGENCE_LAYER\prediction_models\xgboost_predictor.py,predict
E:\football_v\24_PREDICTION_INTELLIGENCE_LAYER\prediction_pipeline\prediction_pipeline.py,predict
E:\football_v\24_PREDICTION_INTELLIGENCE_LAYER\tests\test_prediction_engine_V2.0.py,predict
E:\football_v\25_BACKTEST_ENGINE\data_split_engine\data_split_engine_V2.0.py,train
E:\football_v\26_AUTOMATION_LAYER\model_scheduler.py,model
E:\football_v\26_AUTOMATION_LAYER\prediction_job\prediction_job_V2.0.py,predict
E:\football_v\27_MODEL_FUSION_ENGINE\fusion_engine_V2.1.py,model
E:\football_v\27_MODEL_FUSION_ENGINE\model_weight_engine.py,elo
E:\football_v\27_MODEL_FUSION_ENGINE\model_weight_engine.py,dixon
E:\football_v\27_MODEL_FUSION_ENGINE\model_weight_engine.py,dixon_coles
E:\football_v\27_MODEL_FUSION_ENGINE\model_weight_engine.py,poisson
E:\football_v\27_MODEL_FUSION_ENGINE\model_weight_engine.py,xgboost
E:\football_v\27_MODEL_FUSION_ENGINE\model_weight_engine.py,XGB
E:\football_v\27_MODEL_FUSION_ENGINE\model_weight_engine.py,model
E:\football_v\29_DECISION_ENGINE\decision_engine.py,predict
E:\football_v\31_SELF_LEARNING_ENGINE\model_update_engine.py,model
E:\football_v\40_MODEL_TRAINING_PIPELINE\trainer\dixon_coles_trainer_V4.0.py,dixon
E:\football_v\40_MODEL_TRAINING_PIPELINE\trainer\dixon_coles_trainer_V4.0.py,dixon_coles
E:\football_v\40_MODEL_TRAINING_PIPELINE\trainer\dixon_coles_trainer_V4.0.py,train
E:\football_v\40_MODEL_TRAINING_PIPELINE\trainer\fusion_trainer_V4.0.py,train
E:\football_v\40_MODEL_TRAINING_PIPELINE\trainer\poisson_trainer_V4.0.py,poisson
E:\football_v\40_MODEL_TRAINING_PIPELINE\trainer\poisson_trainer_V4.0.py,train
E:\football_v\40_MODEL_TRAINING_PIPELINE\trainer\xgboost_trainer_V4.0.py,xgboost
E:\football_v\40_MODEL_TRAINING_PIPELINE\trainer\xgboost_trainer_V4.0.py,XGB
E:\football_v\40_MODEL_TRAINING_PIPELINE\trainer\xgboost_trainer_V4.0.py,train
E:\football_v\53_REAL_MATCH_QUERY_ENGINE\database_reader.py,predict
E:\football_v\70_AI_PREDICTION_CORE\module.py,predict
E:\football_v\76_MODEL_FEATURE_INTEGRATION\module.py,model
E:\football_v\77_ELO_RUNTIME_ENGINE\module.py,elo
E:\football_v\78_DIXON_COLES_RUNTIME_ENGINE\module.py,dixon
E:\football_v\78_DIXON_COLES_RUNTIME_ENGINE\module.py,dixon_coles
E:\football_v\79_POISSON_RUNTIME_ENGINE\module.py,poisson
E:\football_v\80_XGBOOST_RUNTIME_ENGINE\module.py,xgboost
E:\football_v\80_XGBOOST_RUNTIME_ENGINE\module.py,XGB
E:\football_v\81_MODEL_FUSION_PREDICTOR\module.py,model
E:\football_v\81_MODEL_FUSION_PREDICTOR\module.py,predict
E:\football_v\88_HANDICAP_PREDICTION_ENGINE\module.py,predict
E:\football_v\95_MODEL_FEEDBACK_ENGINE\module.py,model
E:\football_v\96_AI_PREDICTION_ORCHESTRATOR\module.py,predict
E:\football_v\97_MODEL_WEIGHT_OPTIMIZER\module.py,model
E:\football_v\97_TESTS\system_integration_test_V2.0.py,train
E:\football_v\97_TESTS\system_integration_test_V2.0.py,predict
E:\football_v\97_TESTS\integration_test\run_integration_test_V1.5.py,model
E:\football_v\98_PREDICTION_CONFIDENCE_ENGINE\module.py,predict
E:\football_v\99_DOCUMENTATION\architecture_cleanup\FINAL_CLEANUP_V3.0\DEPRECATED_ARCHIVE\feature_builder.py,predict
E:\football_v\99_DOCUMENTATION\architecture_cleanup\FINAL_CLEANUP_V3.0\DEPRECATED_ARCHIVE\feature_importance.py,model
E:\football_v\99_DOCUMENTATION\architecture_cleanup\FINAL_CLEANUP_V3.0\DEPRECATED_ARCHIVE\feature_pipeline.py,predict
E:\football_v\99_DOCUMENTATION\architecture_cleanup\FINAL_CLEANUP_V3.0\DEPRECATED_ARCHIVE\fusion_runner.py,predict
E:\football_v\99_DOCUMENTATION\architecture_cleanup\FINAL_CLEANUP_V3.0\DEPRECATED_ARCHIVE\kelly_engine.py,model
E:\football_v\99_DOCUMENTATION\architecture_cleanup\FINAL_CLEANUP_V3.0\DEPRECATED_ARCHIVE\match_query.py,predict
E:\football_v\99_DOCUMENTATION\architecture_cleanup\FINAL_CLEANUP_V3.0\DEPRECATED_ARCHIVE\model_executor.py,predict
E:\football_v\99_DOCUMENTATION\architecture_cleanup\FINAL_CLEANUP_V3.0\DEPRECATED_ARCHIVE\model_manager.py,model
E:\football_v\99_DOCUMENTATION\architecture_cleanup\FINAL_CLEANUP_V3.0\DEPRECATED_ARCHIVE\model_registry.py,model
E:\football_v\99_DOCUMENTATION\architecture_cleanup\FINAL_CLEANUP_V3.0\DEPRECATED_ARCHIVE\model_runner.py,predict
E:\football_v\99_DOCUMENTATION\architecture_cleanup\FINAL_CLEANUP_V3.0\DEPRECATED_ARCHIVE\model_version_manager.py,model
E:\football_v\99_DOCUMENTATION\architecture_cleanup\FINAL_CLEANUP_V3.0\DEPRECATED_ARCHIVE\prediction_engine.py,model
E:\football_v\99_DOCUMENTATION\architecture_cleanup\FINAL_CLEANUP_V3.0\DEPRECATED_ARCHIVE\prediction_pipeline.py,predict
E:\football_v\99_DOCUMENTATION\architecture_cleanup\FINAL_CLEANUP_V3.0\DEPRECATED_ARCHIVE\prediction_storage.py,predict
E:\football_v\99_DOCUMENTATION\architecture_cleanup\FINAL_CLEANUP_V3.0\DEPRECATED_ARCHIVE\report_generator.py,model
E:\football_v\99_DOCUMENTATION\architecture_cleanup\FINAL_CLEANUP_V3.0\DEPRECATED_ARCHIVE\result_writer.py,predict
E:\football_v\99_DOCUMENTATION\architecture_cleanup\FINAL_CLEANUP_V3.0\DEPRECATED_ARCHIVE\risk_engine.py,model
E:\football_v\99_DOCUMENTATION\architecture_cleanup\FINAL_CLEANUP_V3.0\DEPRECATED_ARCHIVE\risk_filter.py,predict
E:\football_v\99_DOCUMENTATION\architecture_cleanup\FINAL_CLEANUP_V3.0\DEPRECATED_ARCHIVE\rollback_manager.py,model
E:\football_v\99_DOCUMENTATION\architecture_cleanup\FINAL_CLEANUP_V3.0\DEPRECATED_ARCHIVE\test_execution_engine.py,model
E:\football_v\99_DOCUMENTATION\architecture_cleanup\FINAL_CLEANUP_V3.0\DEPRECATED_ARCHIVE\test_model_store.py,model
E:\football_v\99_DOCUMENTATION\architecture_cleanup\FINAL_CLEANUP_V3.0\DEPRECATED_ARCHIVE\weight_storage.py,model
E:\football_v\AI_RUNTIME\runtime.py,model
E:\football_v\deploy\deploy_v15_phase3_3_reasoning.py,evaluate
E:\football_v\deploy\deploy_v15_phase3_4.py,model
E:\football_v\deploy\deploy_v15_phase3_6.py,elo
E:\football_v\deploy\deploy_v15_phase3_6.py,dixon
E:\football_v\deploy\deploy_v15_phase3_6.py,dixon_coles
E:\football_v\deploy\deploy_v15_phase3_6.py,poisson
E:\football_v\deploy\deploy_v15_phase3_6.py,xgboost
E:\football_v\deploy\deploy_v15_phase3_6.py,XGB
E:\football_v\deploy\deploy_v15_phase3_6.py,model
E:\football_v\deploy\deploy_v15_phase3_6.py,predict
E:\football_v\deploy\deploy_v15_phase3_7_real.py,predict
E:\football_v\deploy\deploy_v15_phase5_core.py,elo
E:\football_v\deploy\deploy_v15_phase5_core.py,dixon
E:\football_v\deploy\deploy_v15_phase5_core.py,poisson
E:\football_v\deploy\deploy_v15_phase5_core.py,xgboost
E:\football_v\deploy\deploy_v15_phase5_core.py,XGB
E:\football_v\deploy\deploy_v15_phase5_core.py,model
E:\football_v\deploy\deploy_v15_phase5_core.py,predict
E:\football_v\deploy\deploy_v15_phase6_training.py,elo
E:\football_v\deploy\deploy_v15_phase6_training.py,dixon
E:\football_v\deploy\deploy_v15_phase6_training.py,dixon_coles
E:\football_v\deploy\deploy_v15_phase6_training.py,poisson
E:\football_v\deploy\deploy_v15_phase6_training.py,xgboost
E:\football_v\deploy\deploy_v15_phase6_training.py,XGB
E:\football_v\deploy\deploy_v15_phase6_training.py,model
E:\football_v\deploy\deploy_v15_phase6_training.py,train
E:\football_v\deploy\deploy_v15_phase6_training.py,fit
E:\football_v\deploy\deploy_v15_phase6_training.py,predict
E:\football_v\deploy\deploy_v15_phase6_training.py,evaluate
E:\football_v\deployment_scripts\deploy_remaining_batch_V1.5.py,elo
E:\football_v\deployment_scripts\deploy_remaining_batch_V1.5.py,dixon
E:\football_v\deployment_scripts\deploy_remaining_batch_V1.5.py,dixon_coles
E:\football_v\deployment_scripts\deploy_remaining_batch_V1.5.py,poisson
E:\football_v\deployment_scripts\deploy_remaining_batch_V1.5.py,xgboost
E:\football_v\deployment_scripts\deploy_remaining_batch_V1.5.py,XGB
E:\football_v\deployment_scripts\deploy_remaining_batch_V1.5.py,model
E:\football_v\deployment_scripts\deploy_remaining_batch_V1.5.py,predict
E:\football_v\deployment_scripts\deploy_remaining_batch_V1.5.py,load_model
E:\football_v\USER_INTERFACE_LAYER\command_router.py,model
