file,function
E:\football_v\.venv\Lib\site-packages\pip\_internal\cache.py,record_download_origin
E:\football_v\.venv\Lib\site-packages\pip\_internal\configuration.py,load
E:\football_v\.venv\Lib\site-packages\pip\_internal\configuration.py,save
E:\football_v\.venv\Lib\site-packages\pip\_internal\configuration.py,_ensure_have_load_only
E:\football_v\.venv\Lib\site-packages\pip\_internal\configuration.py,_load_config_files
E:\football_v\.venv\Lib\site-packages\pip\_internal\configuration.py,_load_file
E:\football_v\.venv\Lib\site-packages\pip\_internal\configuration.py,_load_environment_vars
E:\football_v\.venv\Lib\site-packages\pip\_internal\pyproject.py,load_pyproject_toml
E:\football_v\.venv\Lib\site-packages\pip\_internal\cli\cmdoptions.py,constraints
E:\football_v\.venv\Lib\site-packages\pip\_internal\cli\progress_bars.py,get_download_progress_renderer
E:\football_v\.venv\Lib\site-packages\pip\_internal\commands\configuration.py,_save_configuration
E:\football_v\.venv\Lib\site-packages\pip\_internal\index\package_finder.py,evaluate_link
E:\football_v\.venv\Lib\site-packages\pip\_internal\index\package_finder.py,evaluate_links
E:\football_v\.venv\Lib\site-packages\pip\_internal\network\auth.py,save_auth_info
E:\football_v\.venv\Lib\site-packages\pip\_internal\network\auth.py,save_auth_info
E:\football_v\.venv\Lib\site-packages\pip\_internal\network\auth.py,save_auth_info
E:\football_v\.venv\Lib\site-packages\pip\_internal\network\auth.py,save_auth_info
E:\football_v\.venv\Lib\site-packages\pip\_internal\network\auth.py,_should_save_password_to_keyring
E:\football_v\.venv\Lib\site-packages\pip\_internal\network\auth.py,save_credentials
E:\football_v\.venv\Lib\site-packages\pip\_internal\network\download.py,_prepare_download
E:\football_v\.venv\Lib\site-packages\pip\_internal\network\download.py,_http_get_download
E:\football_v\.venv\Lib\site-packages\pip\_internal\network\lazy_wheel.py,_download
E:\football_v\.venv\Lib\site-packages\pip\_internal\operations\prepare.py,_check_download_dir
E:\football_v\.venv\Lib\site-packages\pip\_internal\operations\prepare.py,save_linked_requirement
E:\football_v\.venv\Lib\site-packages\pip\_internal\operations\install\wheel.py,save
E:\football_v\.venv\Lib\site-packages\pip\_internal\operations\install\wheel.py,save
E:\football_v\.venv\Lib\site-packages\pip\_internal\operations\install\wheel.py,save
E:\football_v\.venv\Lib\site-packages\pip\_internal\req\req_install.py,check_invalid_constraint_type
E:\football_v\.venv\Lib\site-packages\pip\_internal\req\req_install.py,load_pyproject_toml
E:\football_v\.venv\Lib\site-packages\pip\_internal\resolution\resolvelib\factory.py,_iter_candidates_from_constraints
E:\football_v\.venv\Lib\site-packages\pip\_vendor\typing_extensions.py,overload
E:\football_v\.venv\Lib\site-packages\pip\_vendor\typing_extensions.py,get_overloads
E:\football_v\.venv\Lib\site-packages\pip\_vendor\typing_extensions.py,clear_overloads
E:\football_v\.venv\Lib\site-packages\pip\_vendor\cachecontrol\controller.py,_load_from_cache
E:\football_v\.venv\Lib\site-packages\pip\_vendor\cachecontrol\serialize.py,loads
E:\football_v\.venv\Lib\site-packages\pip\_vendor\cachecontrol\serialize.py,_loads_v4
E:\football_v\.venv\Lib\site-packages\pip\_vendor\distlib\index.py,save_configuration
E:\football_v\.venv\Lib\site-packages\pip\_vendor\distlib\index.py,upload_file
E:\football_v\.venv\Lib\site-packages\pip\_vendor\distlib\index.py,upload_documentation
E:\football_v\.venv\Lib\site-packages\pip\_vendor\distlib\index.py,download_file
E:\football_v\.venv\Lib\site-packages\pip\_vendor\distlib\locators.py,convert_url_to_download_info
E:\football_v\.venv\Lib\site-packages\pip\_vendor\distlib\locators.py,_process_download
E:\football_v\.venv\Lib\site-packages\pip\_vendor\distlib\markers.py,evaluate
E:\football_v\.venv\Lib\site-packages\pip\_vendor\distlib\metadata.py,are_valid_constraints
E:\football_v\.venv\Lib\site-packages\pip\_vendor\distlib\util.py,_load_pypirc
E:\football_v\.venv\Lib\site-packages\pip\_vendor\distlib\version.py,is_valid_constraint_list
E:\football_v\.venv\Lib\site-packages\pip\_vendor\distlib\wheel.py,_load_dynamic
E:\football_v\.venv\Lib\site-packages\pip\_vendor\distlib\wheel.py,load_module
E:\football_v\.venv\Lib\site-packages\pip\_vendor\packaging\markers.py,_evaluate_markers
E:\football_v\.venv\Lib\site-packages\pip\_vendor\packaging\markers.py,evaluate
E:\football_v\.venv\Lib\site-packages\pip\_vendor\packaging\metadata.py,_get_payload
E:\football_v\.venv\Lib\site-packages\pip\_vendor\pkg_resources\__init__.py,register_loader_type
E:\football_v\.venv\Lib\site-packages\pip\_vendor\pkg_resources\__init__.py,load_entry_point
E:\football_v\.venv\Lib\site-packages\pip\_vendor\pkg_resources\__init__.py,evaluate_marker
E:\football_v\.venv\Lib\site-packages\pip\_vendor\pkg_resources\__init__.py,load_module
E:\football_v\.venv\Lib\site-packages\pip\_vendor\pkg_resources\__init__.py,load
E:\football_v\.venv\Lib\site-packages\pip\_vendor\pkg_resources\__init__.py,load
E:\football_v\.venv\Lib\site-packages\pip\_vendor\pkg_resources\__init__.py,load
E:\football_v\.venv\Lib\site-packages\pip\_vendor\pkg_resources\__init__.py,load
E:\football_v\.venv\Lib\site-packages\pip\_vendor\pkg_resources\__init__.py,_reload_version
E:\football_v\.venv\Lib\site-packages\pip\_vendor\pkg_resources\__init__.py,load_entry_point
E:\football_v\.venv\Lib\site-packages\pip\_vendor\pkg_resources\__init__.py,_reload_version
E:\football_v\.venv\Lib\site-packages\pip\_vendor\platformdirs\android.py,_android_downloads_folder
E:\football_v\.venv\Lib\site-packages\pip\_vendor\platformdirs\android.py,user_downloads_dir
E:\football_v\.venv\Lib\site-packages\pip\_vendor\platformdirs\api.py,user_downloads_dir
E:\football_v\.venv\Lib\site-packages\pip\_vendor\platformdirs\api.py,user_downloads_path
E:\football_v\.venv\Lib\site-packages\pip\_vendor\platformdirs\macos.py,user_downloads_dir
E:\football_v\.venv\Lib\site-packages\pip\_vendor\platformdirs\unix.py,user_downloads_dir
E:\football_v\.venv\Lib\site-packages\pip\_vendor\platformdirs\windows.py,user_downloads_dir
E:\football_v\.venv\Lib\site-packages\pip\_vendor\platformdirs\__init__.py,user_downloads_dir
E:\football_v\.venv\Lib\site-packages\pip\_vendor\platformdirs\__init__.py,user_downloads_path
E:\football_v\.venv\Lib\site-packages\pip\_vendor\pygments\formatters\__init__.py,_load_formatters
E:\football_v\.venv\Lib\site-packages\pip\_vendor\pygments\formatters\__init__.py,load_formatter_from_file
E:\football_v\.venv\Lib\site-packages\pip\_vendor\pygments\lexers\__init__.py,_load_lexers
E:\football_v\.venv\Lib\site-packages\pip\_vendor\pygments\lexers\__init__.py,load_lexer_from_file
E:\football_v\.venv\Lib\site-packages\pip\_vendor\rich\console.py,save_text
E:\football_v\.venv\Lib\site-packages\pip\_vendor\rich\console.py,save_html
E:\football_v\.venv\Lib\site-packages\pip\_vendor\rich\console.py,save_svg
E:\football_v\.venv\Lib\site-packages\pip\_vendor\rich\panel.py,fit
E:\football_v\.venv\Lib\site-packages\pip\_vendor\rich\text.py,fit
E:\football_v\.venv\Lib\site-packages\pip\_vendor\rich\_extension.py,load_ipython_extension
E:\football_v\.venv\Lib\site-packages\pip\_vendor\tomli\_parser.py,load
E:\football_v\.venv\Lib\site-packages\pip\_vendor\tomli\_parser.py,loads
E:\football_v\.venv\Lib\site-packages\pip\_vendor\truststore\_api.py,load_verify_locations
E:\football_v\.venv\Lib\site-packages\pip\_vendor\truststore\_api.py,load_cert_chain
E:\football_v\.venv\Lib\site-packages\pip\_vendor\truststore\_api.py,load_default_certs
E:\football_v\.venv\Lib\site-packages\pip\_vendor\truststore\_macos.py,_load_cdll
E:\football_v\.venv\Lib\site-packages\pip\_vendor\urllib3\contrib\pyopenssl.py,load_verify_locations
E:\football_v\.venv\Lib\site-packages\pip\_vendor\urllib3\contrib\pyopenssl.py,load_cert_chain
E:\football_v\.venv\Lib\site-packages\pip\_vendor\urllib3\contrib\securetransport.py,_evaluate_trust
E:\football_v\.venv\Lib\site-packages\pip\_vendor\urllib3\contrib\securetransport.py,load_default_certs
E:\football_v\.venv\Lib\site-packages\pip\_vendor\urllib3\contrib\securetransport.py,load_verify_locations
E:\football_v\.venv\Lib\site-packages\pip\_vendor\urllib3\contrib\securetransport.py,load_cert_chain
E:\football_v\.venv\Lib\site-packages\pip\_vendor\urllib3\contrib\_securetransport\bindings.py,load_cdll
E:\football_v\.venv\Lib\site-packages\pip\_vendor\urllib3\contrib\_securetransport\low_level.py,_load_items_from_file
E:\football_v\.venv\Lib\site-packages\pip\_vendor\urllib3\contrib\_securetransport\low_level.py,_load_client_cert_chain
E:\football_v\.venv\Lib\site-packages\pip\_vendor\urllib3\packages\six.py,load_module
E:\football_v\.venv\Lib\site-packages\pip\_vendor\urllib3\util\ssl_.py,load_cert_chain
E:\football_v\.venv\Lib\site-packages\pip\_vendor\urllib3\util\ssl_.py,load_verify_locations
E:\football_v\00_System_OS\01_DATA_LAYER\core\logger\logger.py,load_config
E:\football_v\00_System_OS\01_DATA_LAYER\market\odds_manager.py,save_odds
E:\football_v\00_System_OS\01_DATA_LAYER\quality\quality_engine.py,save_quality_score
E:\football_v\00_System_OS\01_DATA_LAYER\quality\quality_engine.py,save_alert
E:\football_v\00_System_OS\01_DATA_LAYER\quality\quality_engine.py,evaluate_data
E:\football_v\00_System_OS\01_DATA_LAYER\registry\quality_score.py,save_quality
E:\football_v\00_System_OS\Automation\scheduler\scheduler_manager.py,load_config
E:\football_v\00_System_OS\File_Manager\archive\archive_manager.py,load_index
E:\football_v\00_System_OS\File_Manager\archive\archive_manager.py,save_index
E:\football_v\00_System_OS\File_Manager\archive\archive_manager_v11.py,load_json
E:\football_v\00_System_OS\File_Manager\archive\archive_manager_v11.py,save_json
E:\football_v\00_System_OS\File_Manager\duplicate\duplicate_detector_v11.py,load_json
E:\football_v\00_System_OS\File_Manager\duplicate\duplicate_detector_v11.py,save_json
E:\football_v\00_System_OS\File_Manager\hash\duplicate_detector.py,load_registry
E:\football_v\00_System_OS\File_Manager\hash\duplicate_detector.py,save_report
E:\football_v\00_System_OS\File_Manager\lifecycle\lifecycle_engine.py,load_json
E:\football_v\00_System_OS\File_Manager\lifecycle\lifecycle_engine.py,save_json
E:\football_v\00_System_OS\File_Manager\lifecycle\lifecycle_manager.py,load_registry
E:\football_v\00_System_OS\File_Manager\lifecycle\lifecycle_manager.py,save_report
E:\football_v\00_System_OS\File_Manager\registry\file_registry_v11.py,load_registry
E:\football_v\00_System_OS\File_Manager\scanner\file_scanner.py,save_results
E:\football_v\00_System_OS\File_Manager\version\version_manager.py,load_json
E:\football_v\00_System_OS\File_Manager\version\version_manager.py,save_json
E:\football_v\00_System_OS\Monitor\monitor_service.py,load_json
E:\football_v\00_System_OS\Monitor\monitor_service.py,save_json
E:\football_v\00_System_OS\Recovery\recovery_controller.py,load_json
E:\football_v\00_System_OS\Recovery\recovery_controller.py,save_json
E:\football_v\00_System_OS\Recovery\recovery_service.py,load_json
E:\football_v\00_System_OS\Recovery\recovery_service.py,save_json
E:\football_v\00_System_OS\registry\dependency_engine.py,load
E:\football_v\00_System_OS\registry\registry_api.py,load_modules
E:\football_v\00_System_OS\registry\registry_manager.py,save
E:\football_v\00_System_OS\registry\registry_manager.py,load
E:\football_v\00_System_OS\registry\registry_scanner.py,load
E:\football_v\00_System_OS\registry\registry_scanner.py,save
E:\football_v\00_System_OS\scripts\framework_initializer.py,save_report
E:\football_v\00_SYSTEM_TOOLS\Module_Deployment_Tool\modules\deploy_module_deployment_tool_test_V1.1.py,load_module
E:\football_v\00_SYSTEM_TOOLS\Module_Deployment_Tool\modules\deploy_prediction_engine_batch_test_V1.0.py,load
E:\football_v\00_SYSTEM_TOOLS\Module_Deployment_Tool\modules\deploy_prediction_intelligence_test_V1.0.py,load_module
E:\football_v\01_Data_Source\download\data_downloader.py,load_history
E:\football_v\01_Data_Source\download\data_downloader.py,save
E:\football_v\01_Data_Source\monitor\source_monitor.py,load_registry
E:\football_v\01_Data_Source\monitor\source_monitor.py,check_download_folder
E:\football_v\01_Data_Source\monitor\source_monitor.py,save
E:\football_v\01_Data_Source\registry\source_registry.py,load_registry
E:\football_v\02_Data_Platform\data_loader\data_loader.py,load_report
E:\football_v\02_Data_Platform\data_loader\formats\csv_loader.py,load_csv
E:\football_v\02_Data_Platform\data_manager\dataset_registry.py,load
E:\football_v\02_Data_Platform\metadata\metadata_manager.py,load
E:\football_v\02_Data_Platform\metadata\lineage\data_lineage.py,load
E:\football_v\02_Data_Platform\raw\raw_registry.py,load
E:\football_v\02_Data_Platform\registry\data_platform_registry.py,load
E:\football_v\02_Data_Platform\registry\data_platform_registry.py,save
E:\football_v\03_MODEL_LAYER\fusion_engine\fusion_engine_V2.3.py,predict
E:\football_v\04_Data_Processing_AI\feature_store\feature_data_loader.py,load
E:\football_v\04_Data_Processing_AI\feature_store\feature_loader.py,load
E:\football_v\04_Data_Processing_AI\feature_store\feature_loader_service.py,load
E:\football_v\04_Data_Processing_AI\feature_store\feature_schema.py,load
E:\football_v\04_Data_Processing_AI\feature_store\feature_service.py,load_features
E:\football_v\04_Data_Processing_AI\feature_store\historical_feature_repository.py,save_feature
E:\football_v\04_Data_Processing_AI\feature_store\historical_feature_repository.py,load_feature
E:\football_v\04_Data_Processing_AI\feature_store\historical_feature_repository_v2.py,save
E:\football_v\05_AI_Intelligence_Layer\MODEL_ADAPTER_FRAMEWORK\adapter_base.py,train
E:\football_v\05_AI_Intelligence_Layer\MODEL_ADAPTER_FRAMEWORK\adapter_base.py,predict
E:\football_v\05_AI_Intelligence_Layer\MODEL_ADAPTER_FRAMEWORK\adapter_base.py,evaluate
E:\football_v\05_AI_Intelligence_Layer\MODEL_EVALUATION_ENGINE\evaluator.py,evaluate
E:\football_v\05_AI_Intelligence_Layer\SELF_REFLECTION_ENGINE\experience_manager.py,save
E:\football_v\05_MODEL_AI\MODEL_LAYER\model_interface.py,train
E:\football_v\05_MODEL_AI\MODEL_LAYER\model_interface.py,predict
E:\football_v\05_MODEL_AI\MODEL_LAYER\model_interface.py,evaluate
E:\football_v\05_MODEL_AI\MODEL_LAYER\model_interface.py,save
E:\football_v\05_MODEL_AI\MODEL_LAYER\model_interface.py,load
E:\football_v\05_MODEL_AI\MODEL_LAYER\model_loader.py,load_model
E:\football_v\05_MODEL_AI\MODEL_LAYER\models\dixon_coles_model.py,train
E:\football_v\05_MODEL_AI\MODEL_LAYER\models\dixon_coles_model.py,predict
E:\football_v\05_MODEL_AI\MODEL_LAYER\models\elo_model.py,train
E:\football_v\05_MODEL_AI\MODEL_LAYER\models\elo_model.py,predict
E:\football_v\05_MODEL_AI\MODEL_LAYER\models\poisson_model.py,train
E:\football_v\05_MODEL_AI\MODEL_LAYER\models\poisson_model.py,predict
E:\football_v\05_MODEL_AI\MODEL_LAYER\models\xgboost_model.py,train
E:\football_v\05_MODEL_AI\MODEL_LAYER\models\xgboost_model.py,predict
E:\football_v\06_PREDICTION_ENGINE\prediction_interface.py,predict
E:\football_v\06_PREDICTION_ENGINE\prediction_service.py,predict
E:\football_v\06_PREDICTION_ENGINE\score_prediction_engine.py,predict
E:\football_v\06_PREDICTION_INTELLIGENCE_ENGINE\regular_time_prediction\prediction_engine.py,predict
E:\football_v\06_PREDICTION_INTELLIGENCE_ENGINE\risk_engine\risk_manager.py,evaluate
E:\football_v\06_PREDICTION_INTELLIGENCE_ENGINE\score_prediction\score_predictor.py,predict
E:\football_v\07_AI_ORCHESTRATION_LAYER\data_pipeline\input_manager.py,load
E:\football_v\07_BACKTEST_AI\backtest_engine.py,evaluate
E:\football_v\07_BACKTEST_AI\confidence_evaluator.py,evaluate
E:\football_v\07_BACKTEST_AI\historical_match_loader.py,load
E:\football_v\07_BACKTEST_AI\prediction_result_loader.py,load
E:\football_v\07_BACKTEST_AI\probability_evaluator.py,evaluate
E:\football_v\07_BACKTEST_AI\strategy_performance.py,evaluate
E:\football_v\08_DECISION_LAYER\engine\decision_engine_V2.4.py,evaluate
E:\football_v\09_APPLICATION_LAYER\api\prediction_api.py,predict
E:\football_v\09_Prediction_System\prediction_history.py,save
E:\football_v\09_Prediction_System\tests\test_prediction_system.py,test_prediction
E:\football_v\10_AI_AUTONOMOUS_ENGINE\experience_repository.py,save
E:\football_v\10_AI_AUTONOMOUS_ENGINE\failure_prediction_engine.py,predict
E:\football_v\10_AI_AUTONOMOUS_ENGINE\future_risk_simulator.py,predict
E:\football_v\10_AI_AUTONOMOUS_ENGINE\optimization_result_predictor.py,predict
E:\football_v\10_AI_AUTONOMOUS_ENGINE\risk_gate.py,evaluate
E:\football_v\10_AI_AUTONOMOUS_ENGINE\rollback_manager.py,save_version
E:\football_v\10_AI_AUTONOMOUS_ENGINE\strategy_confidence_evaluator.py,evaluate
E:\football_v\10_AI_AUTONOMOUS_ENGINE\strategy_evolution_manager.py,evaluate
E:\football_v\10_AI_AUTONOMOUS_ENGINE\upgrade_history_repository.py,save
E:\football_v\10_AI_AUTONOMOUS_ENGINE\version_control_manager.py,save_version
E:\football_v\11_System_Intelligence\decision_memory.py,save
E:\football_v\11_System_Intelligence\dixon_coles_trainer.py,train
E:\football_v\11_System_Intelligence\elo_trainer.py,train
E:\football_v\11_System_Intelligence\historical_match_loader.py,load
E:\football_v\11_System_Intelligence\intelligence_memory.py,save
E:\football_v\11_System_Intelligence\learning_memory.py,save
E:\football_v\11_System_Intelligence\match_feature_store.py,save
E:\football_v\11_System_Intelligence\match_prediction_engine.py,predict
E:\football_v\11_System_Intelligence\model_accuracy_memory.py,save
E:\football_v\11_System_Intelligence\poisson_trainer.py,train
E:\football_v\11_System_Intelligence\prediction_evaluator.py,evaluate
E:\football_v\11_System_Intelligence\probability_memory.py,save
E:\football_v\11_System_Intelligence\reasoning_rules.py,evaluate
E:\football_v\11_System_Intelligence\risk_memory.py,save
E:\football_v\11_System_Intelligence\score_prediction_engine.py,predict
E:\football_v\11_System_Intelligence\team_strength_engine.py,evaluate
E:\football_v\11_System_Intelligence\xgboost_predictor.py,predict
E:\football_v\11_System_Intelligence\xgboost_trainer.py,train
E:\football_v\11_System_Intelligence\tests\test_phase3_14_prediction.py,test_prediction
E:\football_v\11_System_Intelligence\tests\test_phase6_training.py,test_training
E:\football_v\12_AUTONOMOUS_LEARNING_ENGINE\experience_database\experience_manager.py,save
E:\football_v\17_MODEL_STORE_LAYER\module.py,load_models
E:\football_v\17_MODEL_STORE_LAYER\model_loader\model_loader_V1.0.py,load_models
E:\football_v\18_MODEL_EXECUTION_ENGINE\module.py,predict
E:\football_v\18_MODEL_EXECUTION_ENGINE\feature_loader\feature_loader_V1.0.py,load_features
E:\football_v\18_MODEL_EXECUTION_ENGINE\model_loader\model_loader_V1.0.py,load_models
E:\football_v\18_MODEL_EXECUTION_ENGINE\prediction_pipeline\prediction_pipeline_V1.0.py,predict
E:\football_v\23_MODEL_TRAINING_ENGINE\dataset_manager\dataset_manager_V2.0.py,load
E:\football_v\23_MODEL_TRAINING_ENGINE\evaluation_engine\evaluation_engine_V2.0.py,evaluate
E:\football_v\23_MODEL_TRAINING_ENGINE\feature_loader\feature_loader_V2.0.py,load
E:\football_v\23_MODEL_TRAINING_ENGINE\model_trainer\model_trainer_V2.0.py,train
E:\football_v\23_MODEL_TRAINING_ENGINE\tests\test_training_engine_V2.0.py,test_training
E:\football_v\24_PREDICTION_INTELLIGENCE_LAYER\prediction_core\predictor.py,predict
E:\football_v\24_PREDICTION_INTELLIGENCE_LAYER\prediction_models\dixon_coles_predictor.py,predict
E:\football_v\24_PREDICTION_INTELLIGENCE_LAYER\prediction_models\elo_predictor.py,predict
E:\football_v\24_PREDICTION_INTELLIGENCE_LAYER\prediction_models\poisson_predictor.py,predict
E:\football_v\24_PREDICTION_INTELLIGENCE_LAYER\prediction_models\xgboost_predictor.py,predict
E:\football_v\24_PREDICTION_INTELLIGENCE_LAYER\prediction_pipeline\feature_pipeline.py,load
E:\football_v\24_PREDICTION_INTELLIGENCE_LAYER\tests\test_prediction_engine_V2.0.py,test_prediction
E:\football_v\99_DOCUMENTATION\tools\save_checkpoint.py,save_checkpoint
