"FullName","CreationTime","LastWriteTime"
"E:\football_v\check_db_tables.py","2026-07-23 10:03:43","2026-07-23 10:03:43"
"E:\football_v\FINAL_FREEZE_REPORT.json","2026-07-23 20:43:07","2026-07-23 20:43:07"
"E:\football_v\00_System_OS\01_DATA_LAYER\database\archive_football_ai_os.db","2026-07-23 18:23:38","2026-07-23 18:18:42"
"E:\football_v\00_System_OS\01_DATA_LAYER\database\football_ai_os.db","2026-07-23 18:48:18","2026-07-23 19:54:08"
"E:\football_v\00_System_OS\01_DATA_LAYER\database\match_data.db","2026-07-23 18:35:48","2026-07-23 18:36:04"
"E:\football_v\00_System_OS\02_FEATURE_LAYER\database\feature_store.db","2026-07-23 18:18:44","2026-07-23 19:00:56"
"E:\football_v\00_System_OS\03_MODEL_LAYER\database\model_store.db","2026-07-23 18:18:44","2026-07-23 19:54:06"
"E:\football_v\00_System_OS\database\football_ai_os.db","2026-07-23 18:12:49","2026-07-23 18:12:52"
"E:\football_v\00_System_OS\documentation\architecture\FOOTBALL_AI_OS_DATABASE_ARCHITECTURE_V2.1_FROZEN.md","2026-07-23 17:51:02","2026-07-23 17:51:02"
"E:\football_v\00_System_OS\documentation\architecture\FOOTBALL_AI_OS_DATABASE_ARCHITECTURE_V2.2_FROZEN.md","2026-07-23 18:54:52","2026-07-23 18:54:52"
"E:\football_v\00_System_OS\documentation\checkpoint\FOOTBALL_AI_OS_DEVELOPMENT_BASELINE_REQUEST.txt","2026-07-23 17:57:18","2026-07-23 17:57:18"
"E:\football_v\00_System_OS\documentation\checkpoint\FOOTBALL_AI_OS_DEVELOPMENT_STARTUP_CHECKLIST_V1.0.md","2026-07-23 17:57:18","2026-07-23 17:57:18"
"E:\football_v\00_System_OS\documentation\checkpoint\FOOTBALL_AI_OS_DEVELOPMENT_TASK_TEMPLATE.txt","2026-07-23 17:57:18","2026-07-23 17:57:18"
"E:\football_v\00_System_OS\documentation\checkpoint\FOOTBALL_AI_OS_VERSION_INFO_TEMPLATE.txt","2026-07-23 17:57:18","2026-07-23 17:57:18"
"E:\football_v\00_System_OS\documentation\checkpoint\FOOTBALL_V_CHECKPOINT_SYSTEM_SCAN_V4.0.txt","2026-07-23 18:12:52","2026-07-23 18:12:52"
"E:\football_v\00_SYSTEM_TOOLS\check_database_location_V4.0.py","2026-07-23 15:02:37","2026-07-23 15:02:37"
"E:\football_v\00_SYSTEM_TOOLS\database_location_discovery_V4.0.py","2026-07-23 14:59:39","2026-07-23 14:59:39"
"E:\football_v\00_SYSTEM_TOOLS\data_schema_validation_V4.0.py","2026-07-23 14:58:58","2026-07-23 14:58:58"
"E:\football_v\00_SYSTEM_TOOLS\deploy_training_engine_V4.0.py","2026-07-23 14:44:59","2026-07-23 14:44:59"
"E:\football_v\00_SYSTEM_TOOLS\deploy_training_system_V4.0.py","2026-07-23 14:41:47","2026-07-23 14:41:47"
"E:\football_v\00_SYSTEM_TOOLS\final_system_completion_V4.0.py","2026-07-23 14:37:51","2026-07-23 14:37:51"
"E:\football_v\00_SYSTEM_TOOLS\model_data_snapshot_V4.0.py","2026-07-23 14:51:13","2026-07-23 14:51:13"
"E:\football_v\00_SYSTEM_TOOLS\schema_check_V4.0.py","2026-07-23 14:58:27","2026-07-23 14:58:27"
"E:\football_v\00_SYSTEM_TOOLS\training_preflight_check_V4.0.py","2026-07-23 14:42:44","2026-07-23 14:42:44"
"E:\football_v\00_SYSTEM_TOOLS\Architecture_Duplicate_Cleanup_V2.0\duplicate_cleanup_engine_V2.0.py","2026-07-23 13:46:36","2026-07-23 13:46:36"
"E:\football_v\00_SYSTEM_TOOLS\Architecture_Migration_Tool\architecture_cleanup_engine_V3.0.py","2026-07-23 13:57:59","2026-07-23 13:57:59"
"E:\football_v\00_SYSTEM_TOOLS\Architecture_Migration_Tool\architecture_cleanup_engine_V4.0.py","2026-07-23 14:00:27","2026-07-23 14:00:27"
"E:\football_v\00_SYSTEM_TOOLS\Architecture_Migration_Tool\architecture_registry.json","2026-07-23 13:14:54","2026-07-23 13:17:41"
"E:\football_v\00_SYSTEM_TOOLS\Architecture_Migration_Tool\architecture_registry_V1.9.json","2026-07-23 13:36:56","2026-07-23 13:36:56"
"E:\football_v\00_SYSTEM_TOOLS\Architecture_Migration_Tool\consolidation_architecture_V1.4.py","2026-07-23 13:24:46","2026-07-23 13:24:46"
"E:\football_v\00_SYSTEM_TOOLS\Architecture_Migration_Tool\consolidation_architecture_V1.6.py","2026-07-23 13:34:05","2026-07-23 13:34:05"
"E:\football_v\00_SYSTEM_TOOLS\Architecture_Migration_Tool\consolidation_engine_V1.6.py","2026-07-23 13:33:14","2026-07-23 13:33:14"
"E:\football_v\00_SYSTEM_TOOLS\Architecture_Migration_Tool\create_architecture_merge_tool_V1.0.py","2026-07-23 13:14:54","2026-07-23 13:14:54"
"E:\football_v\00_SYSTEM_TOOLS\Architecture_Migration_Tool\deprecated_archive_engine_V1.7.py","2026-07-23 13:34:50","2026-07-23 13:34:50"
"E:\football_v\00_SYSTEM_TOOLS\Architecture_Migration_Tool\deprecated_registry.json","2026-07-23 13:14:54","2026-07-23 13:17:41"
"E:\football_v\00_SYSTEM_TOOLS\Architecture_Migration_Tool\final_architecture_validator_V1.8.py","2026-07-23 13:36:03","2026-07-23 13:36:03"
"E:\football_v\00_SYSTEM_TOOLS\Architecture_Migration_Tool\final_cleanup_engine_V2.1.py","2026-07-23 13:48:49","2026-07-23 13:48:49"
"E:\football_v\00_SYSTEM_TOOLS\Architecture_Migration_Tool\final_delete_engine_V1.9.py","2026-07-23 13:36:56","2026-07-23 13:36:56"
"E:\football_v\00_SYSTEM_TOOLS\Architecture_Migration_Tool\merge_architecture_cleanup_V1.3.py","2026-07-23 13:23:00","2026-07-23 13:23:00"
"E:\football_v\00_SYSTEM_TOOLS\Architecture_Migration_Tool\merge_architecture_V1.0.py","2026-07-23 13:15:33","2026-07-23 13:15:33"
"E:\football_v\00_SYSTEM_TOOLS\Architecture_Migration_Tool\merge_architecture_V1.1.py","2026-07-23 13:17:40","2026-07-23 13:17:40"
"E:\football_v\00_SYSTEM_TOOLS\Architecture_Migration_Tool\merge_config_V1.0.json","2026-07-23 13:15:33","2026-07-23 13:16:58"
"E:\football_v\00_SYSTEM_TOOLS\Architecture_Migration_Tool\MERGE_README.md","2026-07-23 13:14:54","2026-07-23 13:14:54"
"E:\football_v\00_SYSTEM_TOOLS\Architecture_Migration_Tool\migration_executor_V1.2.py","2026-07-23 13:21:46","2026-07-23 13:21:46"
"E:\football_v\00_SYSTEM_TOOLS\Architecture_Migration_Tool\validate_architecture_V1.1.py","2026-07-23 13:18:32","2026-07-23 13:18:32"
"E:\football_v\00_SYSTEM_TOOLS\Architecture_Migration_Tool\cleanup_engine\cleanup_planner_V1.2.py","2026-07-23 13:20:51","2026-07-23 13:20:51"
"E:\football_v\00_SYSTEM_TOOLS\Architecture_Migration_Tool\dependency_migration\dependency_migration_engine_V1.5.py","2026-07-23 13:31:56","2026-07-23 13:31:56"
"E:\football_v\00_SYSTEM_TOOLS\Architecture_Migration_Tool\reports\ARCHITECTURE_MERGE_CHECKPOINT_V1.1.json","2026-07-23 13:17:41","2026-07-23 13:17:41"
"E:\football_v\00_SYSTEM_TOOLS\Architecture_Migration_Tool\reports\ARCHITECTURE_VALIDATION_CHECKPOINT_V1.1.json","2026-07-23 13:18:33","2026-07-23 13:18:33"
"E:\football_v\00_SYSTEM_TOOLS\Architecture_Migration_Tool\reports\ARCHITECTURE_VALIDATION_REPORT_V1.1.json","2026-07-23 13:18:33","2026-07-23 13:18:33"
"E:\football_v\00_SYSTEM_TOOLS\Architecture_Migration_Tool\reports\CONSOLIDATION_REPORT_V1.4.json","2026-07-23 13:24:46","2026-07-23 13:24:46"
"E:\football_v\00_SYSTEM_TOOLS\Architecture_Migration_Tool\reports\FINAL_DELETE_REPORT_V1.9.json","2026-07-23 13:36:56","2026-07-23 13:36:56"
"E:\football_v\00_SYSTEM_TOOLS\Architecture_Migration_Tool\reports\MERGE_ANALYSIS_REPORT_V1.0.json","2026-07-23 13:15:33","2026-07-23 13:16:58"
"E:\football_v\00_SYSTEM_TOOLS\Architecture_Migration_Tool\reports\MERGE_EXECUTION_REPORT_V1.1.json","2026-07-23 13:17:41","2026-07-23 13:17:41"
"E:\football_v\00_SYSTEM_TOOLS\Architecture_Migration_Tool\reports\MIGRATION_EXECUTION_REPORT_V1.2.json","2026-07-23 13:21:47","2026-07-23 13:21:47"
"E:\football_v\00_SYSTEM_TOOLS\FINAL_DEPLOYMENT_V4.0\deploy_final_V4.0.py","2026-07-23 14:31:15","2026-07-23 14:31:15"
"E:\football_v\00_SYSTEM_TOOLS\FIRST_REAL_PREDICTION_TEST_V4.0\first_real_prediction_test_V4.0.py","2026-07-23 14:32:45","2026-07-23 14:32:45"
"E:\football_v\00_SYSTEM_TOOLS\RUNTIME_VALIDATION_V4.0\runtime_validation_V4.0.py","2026-07-23 14:32:08","2026-07-23 14:32:08"
"E:\football_v\01_DATA_LAYER\database\match_data.db","2026-07-22 18:59:37","2026-07-23 18:12:50"
"E:\football_v\02_FEATURE_LAYER\database\feature_store.db","2026-07-22 18:59:37","2026-07-23 18:12:51"
"E:\football_v\03_MODEL_LAYER\analysis\accuracy_tracker_V2.11.py","2026-07-23 22:58:16","2026-07-23 22:58:16"
"E:\football_v\03_MODEL_LAYER\analysis\roi_analyzer_V2.11.py","2026-07-23 22:58:16","2026-07-23 22:58:16"
"E:\football_v\03_MODEL_LAYER\confidence_model\confidence_engine_V2.0.py","2026-07-23 20:05:57","2026-07-23 20:05:57"
"E:\football_v\03_MODEL_LAYER\database\model_store.db","2026-07-22 18:59:37","2026-07-23 18:12:51"
"E:\football_v\03_MODEL_LAYER\database\model_store_v23.db","2026-07-23 20:05:57","2026-07-23 20:05:57"
"E:\football_v\03_MODEL_LAYER\fusion_engine\fusion_engine_V2.3.py","2026-07-23 20:05:57","2026-07-23 20:05:57"
"E:\football_v\03_MODEL_LAYER\market_model\market_value_model_V1.0.py","2026-07-23 20:05:57","2026-07-23 20:05:57"
"E:\football_v\03_MODEL_LAYER\reports\model_feedback_report_V2.11.json","2026-07-23 22:58:16","2026-07-23 22:58:16"
"E:\football_v\03_MODEL_LAYER\risk_model\risk_engine_V2.0.py","2026-07-23 20:05:57","2026-07-23 20:05:57"
"E:\football_v\03_MODEL_LAYER\runtime\model_feedback_runtime.db","2026-07-23 22:58:16","2026-07-23 22:58:16"
"E:\football_v\04_PREDICTION_LAYER\database\prediction_service.db","2026-07-23 19:23:25","2026-07-23 19:54:10"
"E:\football_v\04_PREDICTION_LAYER\engine\match_simulation_engine_V2.7.py","2026-07-23 20:13:20","2026-07-23 20:13:20"
"E:\football_v\04_PREDICTION_LAYER\engine\prediction_intelligence_engine_V1.6.py","2026-07-23 19:38:41","2026-07-23 19:38:41"
"E:\football_v\04_PREDICTION_LAYER\engine\prediction_pipeline_V1.6.py","2026-07-23 19:36:30","2026-07-23 19:36:30"
"E:\football_v\04_PREDICTION_LAYER\monitor\prediction_monitor.py","2026-07-23 19:36:30","2026-07-23 19:36:30"
"E:\football_v\04_PREDICTION_LAYER\monitor\prediction_monitor_V1.6.py","2026-07-23 19:38:41","2026-07-23 19:38:41"
"E:\football_v\04_PREDICTION_LAYER\runtime\api_runtime.db","2026-07-23 19:48:34","2026-07-23 19:48:34"
"E:\football_v\04_PREDICTION_LAYER\runtime\prediction_runtime.db","2026-07-23 19:26:31","2026-07-23 19:26:31"
"E:\football_v\04_PREDICTION_LAYER\service\prediction_service_api.py","2026-07-23 19:36:30","2026-07-23 19:36:30"
"E:\football_v\04_PREDICTION_LAYER\service\prediction_service_V1.6.py","2026-07-23 19:38:41","2026-07-23 19:38:41"
"E:\football_v\05_MARKET_LAYER\database\market_value.db","2026-07-23 19:48:34","2026-07-23 19:48:35"
"E:\football_v\06_RISK_LAYER\database\risk_manager.db","2026-07-23 19:48:35","2026-07-23 19:48:35"
"E:\football_v\07_AI_ORCHESTRATION_LAYER\learning_hook\feedback_receiver.py","2026-07-22 14:18:31","2026-07-24 10:17:59"
"E:\football_v\07_AI_ORCHESTRATION_LAYER\learning_hook\__pycache__\feedback_receiver.cpython-312.pyc","2026-07-24 10:19:38","2026-07-24 10:19:38"
"E:\football_v\07_LEARNING_LAYER\database\learning_feedback.db","2026-07-23 19:48:35","2026-07-24 07:31:56"
"E:\football_v\08_DECISION_INTELLIGENCE_LAYER\feedback_interface\feedback_connector.py","2026-07-22 14:59:09","2026-07-24 07:28:21"
"E:\football_v\08_DECISION_INTELLIGENCE_LAYER\feedback_interface\__pycache__\feedback_connector.cpython-312.pyc","2026-07-24 07:31:56","2026-07-24 07:31:56"
"E:\football_v\08_DECISION_LAYER\database\decision_history.db","2026-07-23 20:08:05","2026-07-23 20:08:05"
"E:\football_v\08_DECISION_LAYER\engine\decision_engine_V2.4.py","2026-07-23 20:08:05","2026-07-23 20:08:05"
"E:\football_v\08_DECISION_LAYER\engine\recommendation_engine.py","2026-07-23 20:08:05","2026-07-23 20:08:05"
"E:\football_v\08_DECISION_LAYER\monitor\decision_monitor.py","2026-07-23 20:08:05","2026-07-23 20:08:05"
"E:\football_v\08_DECISION_LAYER\service\decision_service.py","2026-07-23 20:08:05","2026-07-23 20:08:05"
"E:\football_v\09_APPLICATION_LAYER\api\decision_api.py","2026-07-23 20:09:45","2026-07-23 20:09:45"
"E:\football_v\09_APPLICATION_LAYER\api\prediction_api.py","2026-07-23 20:09:45","2026-07-23 20:09:45"
"E:\football_v\09_APPLICATION_LAYER\interface\match_analysis.py","2026-07-23 20:09:45","2026-07-23 20:09:45"
"E:\football_v\09_APPLICATION_LAYER\runtime\application_runtime.db","2026-07-23 20:09:45","2026-07-23 20:09:45"
"E:\football_v\09_APPLICATION_LAYER\service\football_ai_service.py","2026-07-23 20:09:45","2026-07-23 20:09:45"
"E:\football_v\10_INTEGRATION_LAYER\runtime\integration_test.db","2026-07-23 20:11:25","2026-07-23 20:11:25"
"E:\football_v\10_INTEGRATION_LAYER\service\integration_service.py","2026-07-23 20:11:25","2026-07-23 20:11:25"
"E:\football_v\10_INTEGRATION_LAYER\test\full_pipeline_test.py","2026-07-23 20:11:25","2026-07-23 20:11:25"
"E:\football_v\10_INTEGRATION_LAYER\test\model_connection_test.py","2026-07-23 20:11:25","2026-07-23 20:11:25"
"E:\football_v\11_SIMULATION_LAYER\engine\match_simulation_engine_V2.7.1.py","2026-07-23 20:22:34","2026-07-23 20:22:34"
"E:\football_v\11_SIMULATION_LAYER\engine\match_simulation_engine_V2.7.py","2026-07-23 20:20:59","2026-07-23 20:20:59"
"E:\football_v\11_SIMULATION_LAYER\input\match_input.json","2026-07-23 20:19:26","2026-07-23 20:22:34"
"E:\football_v\11_SIMULATION_LAYER\output\simulation_result.json","2026-07-23 20:22:34","2026-07-23 20:22:34"
"E:\football_v\11_SIMULATION_LAYER\reports\simulation_report.json","2026-07-23 20:22:34","2026-07-23 20:22:34"
"E:\football_v\11_SIMULATION_LAYER\runtime\simulation_runtime.db","2026-07-23 20:22:34","2026-07-23 20:22:34"
"E:\football_v\12_API_LAYER\api\decision_api.py","2026-07-23 20:27:19","2026-07-23 20:27:19"
"E:\football_v\12_API_LAYER\api\prediction_api.py","2026-07-23 20:27:19","2026-07-23 20:27:19"
"E:\football_v\12_API_LAYER\reports\api_validation_report.json","2026-07-23 20:27:19","2026-07-23 20:27:19"
"E:\football_v\12_API_LAYER\reports\real_model_runtime_report.json","2026-07-23 20:58:13","2026-07-23 20:59:44"
"E:\football_v\12_API_LAYER\runtime\api_runtime.db","2026-07-23 20:27:19","2026-07-23 20:27:19"
"E:\football_v\12_API_LAYER\service\football_prediction_service.py","2026-07-23 20:27:19","2026-07-23 20:27:19"
"E:\football_v\12_API_LAYER\test\api_integration_test.py","2026-07-23 20:27:19","2026-07-23 20:27:19"
"E:\football_v\13_TEST_LAYER\cases\match_cases.json","2026-07-23 20:28:51","2026-07-23 20:28:51"
"E:\football_v\13_TEST_LAYER\engine\end_to_end_test_engine_V2.9.py","2026-07-23 20:28:51","2026-07-23 20:28:51"
"E:\football_v\13_TEST_LAYER\reports\final_system_test_report.json","2026-07-23 20:28:52","2026-07-23 20:28:52"
"E:\football_v\13_TEST_LAYER\runtime\test_runtime.db","2026-07-23 20:28:51","2026-07-23 20:28:52"
"E:\football_v\13_TEST_LAYER\validation\database_validation.py","2026-07-23 20:28:52","2026-07-23 20:28:52"
"E:\football_v\14_OPERATION_LAYER\input\match_request.json","2026-07-23 20:47:01","2026-07-23 20:47:01"
"E:\football_v\14_OPERATION_LAYER\output\prediction_result.json","2026-07-23 20:47:01","2026-07-23 20:47:01"
"E:\football_v\14_OPERATION_LAYER\reports\operation_report.json","2026-07-23 20:47:01","2026-07-23 20:47:01"
"E:\football_v\40_MODEL_TRAINING_PIPELINE\config\training_config_V4.0.json","2026-07-23 14:41:47","2026-07-23 14:41:47"
"E:\football_v\40_MODEL_TRAINING_PIPELINE\reports\TRAINING_EXECUTION_STATUS_V4.0.json","2026-07-23 14:48:37","2026-07-23 14:48:37"
"E:\football_v\40_MODEL_TRAINING_PIPELINE\trainer\dixon_coles_trainer_V4.0.py","2026-07-23 14:44:59","2026-07-23 14:44:59"
"E:\football_v\40_MODEL_TRAINING_PIPELINE\trainer\elo_trainer_V4.0.py","2026-07-23 14:44:59","2026-07-23 14:57:46"
"E:\football_v\40_MODEL_TRAINING_PIPELINE\trainer\fusion_trainer_V4.0.py","2026-07-23 14:44:59","2026-07-23 14:44:59"
"E:\football_v\40_MODEL_TRAINING_PIPELINE\trainer\poisson_trainer_V4.0.py","2026-07-23 14:44:59","2026-07-23 14:44:59"
"E:\football_v\40_MODEL_TRAINING_PIPELINE\trainer\train_all_models_V4.0.json","2026-07-23 14:44:59","2026-07-23 14:44:59"
"E:\football_v\40_MODEL_TRAINING_PIPELINE\trainer\train_all_models_V4.0.py","2026-07-23 14:48:37","2026-07-23 14:48:37"
"E:\football_v\40_MODEL_TRAINING_PIPELINE\trainer\xgboost_trainer_V4.0.py","2026-07-23 14:44:59","2026-07-23 14:44:59"
"E:\football_v\50_MODEL_REGISTRY\models\elo_model_V4.0.json","2026-07-23 14:57:48","2026-07-23 14:57:48"
"E:\football_v\99_DOCUMENTATION\architecture\FOOTBALL_AI_OS_V4.0_ARCHITECTURE_GOVERNANCE_V1.0.md","2026-07-24 10:45:12","2026-07-24 10:45:12"
"E:\football_v\99_DOCUMENTATION\architecture\FOOTBALL_AI_OS_V4.0_ARCHITECTURE_RESPONSIBILITY_MAP_V1.0.json","2026-07-24 10:45:12","2026-07-24 10:45:12"
"E:\football_v\99_DOCUMENTATION\architecture_cleanup\checkpoint_after_cleanup_V1.3.json","2026-07-23 13:23:30","2026-07-23 13:23:30"
"E:\football_v\99_DOCUMENTATION\architecture_cleanup\checkpoint_after_delete_V1.9.json","2026-07-23 13:36:56","2026-07-23 13:36:56"
"E:\football_v\99_DOCUMENTATION\architecture_cleanup\checkpoint_before_cleanup_V1.2.json","2026-07-23 13:21:47","2026-07-23 13:21:47"
"E:\football_v\99_DOCUMENTATION\architecture_cleanup\checkpoint_before_consolidation_V1.4.json","2026-07-23 13:24:46","2026-07-23 13:24:46"
"E:\football_v\99_DOCUMENTATION\architecture_cleanup\cleanup_plan_V1.2.json","2026-07-23 13:20:51","2026-07-23 13:20:51"
"E:\football_v\99_DOCUMENTATION\architecture_cleanup\consolidation_plan_V1.4.json","2026-07-23 13:24:46","2026-07-23 13:24:46"
"E:\football_v\99_DOCUMENTATION\architecture_cleanup\deprecated_list_V1.2.json","2026-07-23 13:20:51","2026-07-23 13:20:51"
"E:\football_v\99_DOCUMENTATION\architecture_cleanup\migration_map_V1.2.json","2026-07-23 13:20:51","2026-07-23 13:20:51"
"E:\football_v\99_DOCUMENTATION\architecture_cleanup\CONSOLIDATION_V1.6\checkpoint_before_consolidation_V1.6.json","2026-07-23 13:34:05","2026-07-23 13:34:05"
"E:\football_v\99_DOCUMENTATION\architecture_cleanup\CONSOLIDATION_V1.6\consolidation_execution_report_V1.6.json","2026-07-23 13:34:05","2026-07-23 13:34:05"
"E:\football_v\99_DOCUMENTATION\architecture_cleanup\CONSOLIDATION_V1.6\consolidation_plan_V1.6.json","2026-07-23 13:34:05","2026-07-23 13:34:05"
"E:\football_v\99_DOCUMENTATION\architecture_cleanup\CONSOLIDATION_V1.6\dependency_redirect_map_V1.6.json","2026-07-23 13:34:05","2026-07-23 13:34:05"
"E:\football_v\99_DOCUMENTATION\architecture_cleanup\dependency_migration_V1.5\checkpoint_dependency_V1.5.json","2026-07-23 13:31:56","2026-07-23 13:31:56"
"E:\football_v\99_DOCUMENTATION\architecture_cleanup\dependency_migration_V1.5\dependency_graph_V1.5.json","2026-07-23 13:31:56","2026-07-23 13:31:56"
"E:\football_v\99_DOCUMENTATION\architecture_cleanup\dependency_migration_V1.5\dependency_migration_report_V1.5.json","2026-07-23 13:31:56","2026-07-23 13:31:56"
"E:\football_v\99_DOCUMENTATION\architecture_cleanup\dependency_migration_V1.5\migration_execution_plan_V1.5.json","2026-07-23 13:31:56","2026-07-23 13:31:56"
"E:\football_v\99_DOCUMENTATION\architecture_cleanup\DEPRECATED_ARCHIVE_V1.7\checkpoint_after_archive_V1.7.json","2026-07-23 13:34:50","2026-07-23 13:34:50"
"E:\football_v\99_DOCUMENTATION\architecture_cleanup\DEPRECATED_ARCHIVE_V1.7\checkpoint_before_archive_V1.7.json","2026-07-23 13:34:50","2026-07-23 13:34:50"
"E:\football_v\99_DOCUMENTATION\architecture_cleanup\DEPRECATED_ARCHIVE_V1.7\reports\deprecated_move_report_V1.7.json","2026-07-23 13:34:50","2026-07-23 13:34:50"
"E:\football_v\99_DOCUMENTATION\architecture_cleanup\FINAL_CLEANUP_V2.0\before_cleanup_checkpoint.json","2026-07-23 13:46:36","2026-07-23 13:46:36"
"E:\football_v\99_DOCUMENTATION\architecture_cleanup\FINAL_CLEANUP_V2.0\deleted_duplicate_modules.json","2026-07-23 13:46:36","2026-07-23 13:46:36"
"E:\football_v\99_DOCUMENTATION\architecture_cleanup\FINAL_CLEANUP_V2.0\final_duplicate_scan_report.json","2026-07-23 13:46:36","2026-07-23 13:46:36"
"E:\football_v\99_DOCUMENTATION\architecture_cleanup\FINAL_CLEANUP_V2.0\migration_execution_report.json","2026-07-23 13:46:36","2026-07-23 13:46:36"
"E:\football_v\99_DOCUMENTATION\architecture_cleanup\FINAL_CLEANUP_V2.1\architecture_whitelist_V2.1.json","2026-07-23 13:49:01","2026-07-23 13:49:01"
"E:\football_v\99_DOCUMENTATION\architecture_cleanup\FINAL_CLEANUP_V2.1\cleanup_complete_checkpoint_V2.1.json","2026-07-23 13:49:01","2026-07-23 13:49:01"
"E:\football_v\99_DOCUMENTATION\architecture_cleanup\FINAL_CLEANUP_V2.1\final_duplicate_scan_V2.1.json","2026-07-23 13:49:01","2026-07-23 13:49:01"
"E:\football_v\99_DOCUMENTATION\architecture_cleanup\FINAL_CLEANUP_V3.0\cleanup_report_V3.0.json","2026-07-23 13:58:01","2026-07-23 13:58:01"
"E:\football_v\99_DOCUMENTATION\architecture_cleanup\FINAL_FREEZE_V4.0\dependency_redirect_map_V4.0.json","2026-07-23 14:00:27","2026-07-23 14:00:27"
"E:\football_v\99_DOCUMENTATION\architecture_cleanup\FINAL_FREEZE_V4.0\final_duplicate_scan_V4.0.json","2026-07-23 14:00:27","2026-07-23 14:00:27"
"E:\football_v\99_DOCUMENTATION\architecture_cleanup\FINAL_FREEZE_V4.0\FROZEN_ARCHITECTURE_CHECKPOINT_V4.0.json","2026-07-23 14:00:27","2026-07-23 14:00:27"
"E:\football_v\99_DOCUMENTATION\architecture_cleanup\FINAL_VALIDATION_V1.8\checkpoint_before_delete_V1.8.json","2026-07-23 13:36:03","2026-07-23 13:36:03"
"E:\football_v\99_DOCUMENTATION\architecture_cleanup\FINAL_VALIDATION_V1.8\dependency_check_V1.8.json","2026-07-23 13:36:03","2026-07-23 13:36:03"
"E:\football_v\99_DOCUMENTATION\architecture_cleanup\FINAL_VALIDATION_V1.8\duplicate_after_cleanup_V1.8.json","2026-07-23 13:36:03","2026-07-23 13:36:03"
"E:\football_v\99_DOCUMENTATION\architecture_cleanup\FINAL_VALIDATION_V1.8\final_delete_plan_V1.8.json","2026-07-23 13:36:03","2026-07-23 13:36:03"
"E:\football_v\99_DOCUMENTATION\architecture_cleanup\FINAL_VALIDATION_V1.8\final_validation_report_V1.8.json","2026-07-23 13:36:03","2026-07-23 13:36:03"
"E:\football_v\99_DOCUMENTATION\architecture_cleanup\reports\ARCHITECTURE_DUPLICATE_SCAN_V1.0.json","2026-07-23 13:12:41","2026-07-23 13:12:41"
"E:\football_v\99_DOCUMENTATION\architecture_cleanup\reports\CLEANUP_EXECUTION_REPORT_V1.3.json","2026-07-23 13:23:30","2026-07-23 13:23:30"
"E:\football_v\99_DOCUMENTATION\architecture_cleanup\reports\MERGE_EXECUTION_REPORT_V1.0.json","2026-07-23 13:14:54","2026-07-23 13:14:54"
"E:\football_v\99_DOCUMENTATION\architecture_cleanup\reports\MERGE_RECOMMENDATION_PLAN_V1.0.json","2026-07-23 13:12:41","2026-07-23 13:12:41"
"E:\football_v\99_DOCUMENTATION\architecture_cleanup\tools\duplicate_scanner_V1.0.py","2026-07-23 13:12:40","2026-07-23 13:12:40"
"E:\football_v\99_DOCUMENTATION\architecture_cleanup\tools\merge_planner_V1.0.py","2026-07-23 13:12:40","2026-07-23 13:12:40"
"E:\football_v\99_DOCUMENTATION\checkpoints\archive_match_data_before_v22.db","2026-07-23 18:34:44","2026-07-23 18:34:45"
"E:\football_v\99_DOCUMENTATION\checkpoints\archive_system_before_prediction_v12_20260723_191821.db","2026-07-23 19:18:21","2026-07-23 19:18:21"
"E:\football_v\99_DOCUMENTATION\checkpoints\FOOTBALL_V_CHECKPOINT_SYSTEM_SCAN_V4.0.txt","2026-07-23 18:18:45","2026-07-23 18:18:45"
"E:\football_v\99_DOCUMENTATION\FINAL_RELEASE_V4.0\FINAL_FREEZE_CHECKPOINT_V4.0.json","2026-07-23 14:31:15","2026-07-23 14:31:15"
"E:\football_v\99_DOCUMENTATION\FINAL_RELEASE_V4.0\FINAL_SYSTEM_VALIDATION_V4.0.json","2026-07-23 14:31:15","2026-07-23 14:31:15"
"E:\football_v\99_DOCUMENTATION\FINAL_RELEASE_V4.0\MODEL_WEIGHT_CONFIG_V4.0.json","2026-07-23 14:31:15","2026-07-23 14:31:15"
"E:\football_v\99_DOCUMENTATION\FINAL_RELEASE_V4.0\PRODUCTION_MODE_V4.0.json","2026-07-23 14:31:15","2026-07-23 14:31:15"
"E:\football_v\99_DOCUMENTATION\FINAL_SYSTEM_COMPLETION_V4.0\MODEL_REGISTRY_V4.0.json","2026-07-23 14:37:51","2026-07-23 14:37:51"
"E:\football_v\99_DOCUMENTATION\FINAL_SYSTEM_COMPLETION_V4.0\MODEL_TRAINING_ENV_V4.0.json","2026-07-23 14:37:51","2026-07-23 14:37:51"
"E:\football_v\99_DOCUMENTATION\FINAL_SYSTEM_COMPLETION_V4.0\PREDICTION_RUNTIME_V4.0.json","2026-07-23 14:37:51","2026-07-23 14:37:51"
"E:\football_v\99_DOCUMENTATION\FINAL_SYSTEM_COMPLETION_V4.0\PRODUCTION_HARDENING_V4.0.json","2026-07-23 14:37:51","2026-07-23 14:37:51"
"E:\football_v\99_DOCUMENTATION\FINAL_SYSTEM_COMPLETION_V4.0\SELF_LEARNING_V4.0.json","2026-07-23 14:37:51","2026-07-23 14:37:51"
"E:\football_v\99_DOCUMENTATION\FINAL_SYSTEM_COMPLETION_V4.0\SYSTEM_COMPLETION_CHECKPOINT_V4.0.json","2026-07-23 14:37:51","2026-07-23 14:37:51"
"E:\football_v\99_DOCUMENTATION\FIRST_REAL_PREDICTION_TEST_V4.0\final_advice_V4.0.json","2026-07-23 14:32:45","2026-07-23 14:32:45"
"E:\football_v\99_DOCUMENTATION\FIRST_REAL_PREDICTION_TEST_V4.0\fusion_result_V4.0.json","2026-07-23 14:32:45","2026-07-23 14:32:45"
"E:\football_v\99_DOCUMENTATION\FIRST_REAL_PREDICTION_TEST_V4.0\input_match_V4.0.json","2026-07-23 14:32:45","2026-07-23 14:32:45"
"E:\football_v\99_DOCUMENTATION\FIRST_REAL_PREDICTION_TEST_V4.0\model_output_V4.0.json","2026-07-23 14:32:45","2026-07-23 14:32:45"
"E:\football_v\99_DOCUMENTATION\FIRST_REAL_PREDICTION_TEST_V4.0\REAL_PREDICTION_ACCEPTANCE_V4.0.json","2026-07-23 14:32:45","2026-07-23 14:32:45"
"E:\football_v\99_DOCUMENTATION\MODEL_DATA_SNAPSHOT_V4.0\DATABASE_LOCATION_V4.0.json","2026-07-23 14:59:40","2026-07-23 14:59:40"
"E:\football_v\99_DOCUMENTATION\MODEL_DATA_SNAPSHOT_V4.0\DB_ARCHITECTURE_SCAN_V4.0.txt","2026-07-23 15:08:44","2026-07-23 15:08:45"
"E:\football_v\99_DOCUMENTATION\MODEL_DATA_SNAPSHOT_V4.0\FOOTBALL_V_DATA_SCAN_V4.0.txt","2026-07-23 15:03:49","2026-07-23 15:03:49"
"E:\football_v\99_DOCUMENTATION\MODEL_DATA_SNAPSHOT_V4.0\FULL_SYSTEM_SCAN_V4.0.txt","2026-07-23 15:33:19","2026-07-23 15:33:20"
"E:\football_v\99_DOCUMENTATION\MODEL_DATA_SNAPSHOT_V4.0\MODEL_DATA_SNAPSHOT_V4.0.json","2026-07-23 14:51:14","2026-07-23 14:51:14"
"E:\football_v\99_DOCUMENTATION\MODEL_TRAINING_READY_V4.0\MODEL_TRAINING_READY_CHECKPOINT_V4.0.json","2026-07-23 14:41:47","2026-07-23 14:41:47"
"E:\football_v\99_DOCUMENTATION\MODEL_TRAINING_READY_V4.0\TRAINING_ENGINE_CHECKPOINT_V4.0.json","2026-07-23 14:44:59","2026-07-23 14:44:59"
"E:\football_v\99_DOCUMENTATION\reports\Architecture_Cleanup_Report_V1.0.json","2026-07-23 13:07:15","2026-07-23 13:07:15"
"E:\football_v\99_DOCUMENTATION\reports\Architecture_Duplicate_Report_V1.0.json","2026-07-23 13:07:15","2026-07-23 13:07:15"
"E:\football_v\99_DOCUMENTATION\reports\Architecture_Module_Map_V1.0.json","2026-07-23 13:07:15","2026-07-23 13:07:15"
"E:\football_v\99_DOCUMENTATION\reports\DATABASE_FOUR_CHECK_REPORT_V1.0.json","2026-07-23 18:41:57","2026-07-23 18:41:57"
"E:\football_v\99_DOCUMENTATION\reports\DATABASE_SYSTEM_DB_MIGRATION_V2.2.2_REPORT.json","2026-07-23 18:43:50","2026-07-23 18:43:50"
"E:\football_v\99_DOCUMENTATION\reports\DATABASE_SYSTEM_INITIALIZE_V2.2.3_REPORT.json","2026-07-23 18:48:20","2026-07-23 18:48:20"
"E:\football_v\99_DOCUMENTATION\reports\DATABASE_SYSTEM_VALIDATION_V2.2.4_REPORT.json","2026-07-23 18:49:33","2026-07-23 18:49:33"
"E:\football_v\99_DOCUMENTATION\reports\DATABASE_UNIFIED_MIGRATION_V2.2_REPORT.json","2026-07-23 18:36:08","2026-07-23 18:36:08"
"E:\football_v\99_DOCUMENTATION\reports\DATABASE_UNIFIED_VALIDATION_V2.2.1_REPORT.json","2026-07-23 18:38:12","2026-07-23 18:38:12"
"E:\football_v\99_DOCUMENTATION\reports\FEATURE_ENGINE_HISTORY_V1.0.1_REPORT.json","2026-07-23 19:00:57","2026-07-23 19:00:57"
"E:\football_v\99_DOCUMENTATION\reports\FEATURE_MODEL_DEPLOYMENT_V1.0_REPORT.json","2026-07-23 18:57:45","2026-07-23 18:57:45"
"E:\football_v\99_DOCUMENTATION\reports\FOOTBALL_AI_OS_APPLICATION_LAYER_V2.5_REAL_REPORT.json","2026-07-23 20:09:45","2026-07-23 20:09:45"
"E:\football_v\99_DOCUMENTATION\reports\FOOTBALL_AI_OS_DECISION_LAYER_V2.4_REAL_REPORT.json","2026-07-23 20:08:05","2026-07-23 20:08:05"
"E:\football_v\99_DOCUMENTATION\reports\FOOTBALL_AI_OS_MODEL_LAYER_V2.3_REAL_REPORT.json","2026-07-23 20:05:57","2026-07-23 20:05:57"
"E:\football_v\99_DOCUMENTATION\reports\FOOTBALL_AI_OS_V2.0_REAL_DEPLOY_REPORT.json","2026-07-23 19:48:35","2026-07-23 19:48:35"
"E:\football_v\99_DOCUMENTATION\reports\FOOTBALL_AI_OS_V2.1_REAL_ALL_FIX2_REPORT.json","2026-07-23 19:54:10","2026-07-23 19:54:10"
"E:\football_v\99_DOCUMENTATION\reports\FOOTBALL_AI_OS_V2.2_VALIDATION_REPORT.json","2026-07-23 19:55:32","2026-07-23 19:56:43"
"E:\football_v\99_DOCUMENTATION\reports\FOOTBALL_AI_OS_V2.6_SYSTEM_HEALTH_REPORT.json","2026-07-23 20:11:25","2026-07-23 20:11:25"
"E:\football_v\99_DOCUMENTATION\reports\MODEL_MIGRATION_V1.1_REPORT.json","2026-07-23 19:02:47","2026-07-23 19:02:47"
"E:\football_v\99_DOCUMENTATION\reports\Prediction_ENGINE_V1.0_REPORT.json","2026-07-23 19:03:57","2026-07-23 19:03:59"
"E:\football_v\99_DOCUMENTATION\reports\PREDICTION_ENGINE_V1.1_REAL_REPORT.json","2026-07-23 19:15:23","2026-07-23 19:54:08"
"E:\football_v\99_DOCUMENTATION\reports\PREDICTION_INTELLIGENCE_V1.3_FIX_REPORT.json","2026-07-23 19:24:52","2026-07-23 19:24:52"
"E:\football_v\99_DOCUMENTATION\reports\PREDICTION_INTELLIGENCE_V1.4_REAL_REPORT.json","2026-07-23 19:26:31","2026-07-23 19:26:31"
"E:\football_v\99_DOCUMENTATION\reports\PREDICTION_INTELLIGENCE_V1.5_REAL_REPORT.json","2026-07-23 19:30:54","2026-07-23 19:54:10"
"E:\football_v\99_DOCUMENTATION\reports\PREDICTION_INTELLIGENCE_V1.6_REAL_REPORT.json","2026-07-23 19:36:31","2026-07-23 19:36:31"
"E:\football_v\99_DOCUMENTATION\reports\PREDICTION_PHASE_V1.2_BATCH_REPORT.json","2026-07-23 19:18:22","2026-07-23 19:54:08"
"E:\football_v\99_DOCUMENTATION\SYSTEM_CHECKPOINTS\DATABASE_ASSET_SCAN_V4.0.txt","2026-07-23 16:08:10","2026-07-23 16:09:17"
"E:\football_v\99_DOCUMENTATION\SYSTEM_CHECKPOINTS\FULL_FILE_INVENTORY_V4.0.csv","2026-07-23 16:07:23","2026-07-23 16:09:17"
"E:\football_v\99_DOCUMENTATION\SYSTEM_CHECKPOINTS\MODEL_ASSET_SCAN_V4.0.txt","2026-07-23 16:08:20","2026-07-23 16:09:18"
"E:\football_v\99_DOCUMENTATION\SYSTEM_CHECKPOINTS\MODULE_STRUCTURE_V4.0.txt","2026-07-23 16:07:37","2026-07-23 16:09:17"
"E:\football_v\99_DOCUMENTATION\SYSTEM_CHECKPOINTS\OLD_PATH_REFERENCE_SCAN_V4.0.txt","2026-07-23 16:09:22","2026-07-23 16:09:33"
"E:\football_v\99_DOCUMENTATION\SYSTEM_CHECKPOINTS\SYSTEM_REFERENCE_SCAN_V4.0.txt","2026-07-23 16:09:18","2026-07-23 16:09:22"
"E:\football_v\99_DOCUMENTATION\SYSTEM_CHECKPOINTS\SYSTEM_CHECKPOINTS\FOOTBALL_V_CHECKPOINT_SYSTEM_SCAN_V4.0.json","2026-07-23 16:07:07","2026-07-23 16:54:54"
"E:\football_v\99_DOCUMENTATION\tools\architecture_cleanup_scanner_V1.0.py","2026-07-23 13:07:14","2026-07-23 13:07:14"
"E:\football_v\99_DOCUMENTATION\TRAINING_PREFLIGHT_CHECK_V4.0\TRAINING_PREFLIGHT_REPORT_V4.0.json","2026-07-23 14:42:44","2026-07-23 14:42:44"
"E:\football_v\99_DOCUMENTATION\V4_RUNTIME_VALIDATION_V4.0\FINAL_RUNTIME_ACCEPTANCE_V4.0.json","2026-07-23 14:32:08","2026-07-23 14:32:08"
"E:\football_v\99_DOCUMENTATION\V4_RUNTIME_VALIDATION_V4.0\model_validation_V4.0.json","2026-07-23 14:32:08","2026-07-23 14:32:08"
"E:\football_v\99_DOCUMENTATION\V4_RUNTIME_VALIDATION_V4.0\prediction_test_V4.0.json","2026-07-23 14:32:08","2026-07-23 14:32:08"
"E:\football_v\99_DOCUMENTATION\V4_RUNTIME_VALIDATION_V4.0\runtime_check_V4.0.json","2026-07-23 14:32:08","2026-07-23 14:32:08"
"E:\football_v\AI_RUNTIME\ai_report.py","2026-07-23 10:23:10","2026-07-23 10:23:10"
"E:\football_v\AI_RUNTIME\engine.py","2026-07-23 09:50:50","2026-07-23 10:16:43"
"E:\football_v\AI_RUNTIME\final_decision.py","2026-07-23 10:23:00","2026-07-23 10:23:00"
"E:\football_v\AI_RUNTIME\model_connector.py","2026-07-23 10:01:23","2026-07-23 10:01:23"
"E:\football_v\AI_RUNTIME\model_fusion.py","2026-07-23 10:21:33","2026-07-23 10:21:33"
"E:\football_v\AI_RUNTIME\model_outputs.py","2026-07-23 10:21:44","2026-07-23 10:21:44"
"E:\football_v\AI_RUNTIME\model_runtime_connector.py","2026-07-23 10:05:21","2026-07-23 10:05:21"
"E:\football_v\AI_RUNTIME\prediction_executor.py","2026-07-23 10:09:39","2026-07-23 10:23:19"
"E:\football_v\AI_RUNTIME\router.py","2026-07-23 09:50:50","2026-07-23 10:12:46"
"E:\football_v\AI_RUNTIME\runtime.py","2026-07-23 09:50:50","2026-07-23 18:18:45"
"E:\football_v\AI_RUNTIME\__pycache__\ai_report.cpython-312.pyc","2026-07-23 10:23:28","2026-07-23 10:23:28"
"E:\football_v\AI_RUNTIME\__pycache__\engine.cpython-312.pyc","2026-07-23 10:16:52","2026-07-23 10:16:52"
"E:\football_v\AI_RUNTIME\__pycache__\final_decision.cpython-312.pyc","2026-07-23 10:23:28","2026-07-23 10:23:28"
"E:\football_v\AI_RUNTIME\__pycache__\model_connector.cpython-312.pyc","2026-07-23 10:01:44","2026-07-23 10:01:44"
"E:\football_v\AI_RUNTIME\__pycache__\model_fusion.cpython-312.pyc","2026-07-23 10:22:03","2026-07-23 10:22:03"
"E:\football_v\AI_RUNTIME\__pycache__\model_outputs.cpython-312.pyc","2026-07-23 10:22:03","2026-07-23 10:22:03"
"E:\football_v\AI_RUNTIME\__pycache__\model_runtime_connector.cpython-312.pyc","2026-07-23 10:05:52","2026-07-23 10:05:52"
"E:\football_v\AI_RUNTIME\__pycache__\prediction_executor.cpython-312.pyc","2026-07-23 10:23:28","2026-07-23 10:23:28"
"E:\football_v\AI_RUNTIME\__pycache__\router.cpython-312.pyc","2026-07-23 10:12:55","2026-07-23 10:12:55"
"E:\football_v\AI_RUNTIME\__pycache__\runtime.cpython-312.pyc","2026-07-23 10:15:55","2026-07-23 10:15:55"
"E:\football_v\archive\V4_CLEANUP_ARCHIVE\deploy_Football_AI_OS_V2.7_REAL_SIMULATION_ALL.ps1","2026-07-23 21:13:26","2026-07-23 20:20:36"
"E:\football_v\archive\V4_CLEANUP_ARCHIVE\deploy_Football_AI_OS_V2.8_REAL_PREDICTION_API_ALL.ps1","2026-07-23 21:13:27","2026-07-23 20:27:06"
"E:\football_v\archive\V4_CLEANUP_ARCHIVE\deploy_Football_AI_OS_V2.9_REAL_END_TO_END_TEST_ALL.ps1","2026-07-23 21:13:27","2026-07-23 20:28:38"
"E:\football_v\archive\V4_CLEANUP_ARCHIVE\deploy_MODEL_LAYER_V2.10_OPTIMIZATION_ALL.ps1","2026-07-23 21:13:27","2026-07-23 20:33:34"
"E:\football_v\archive\V4_CLEANUP_ARCHIVE\deploy_MODEL_LAYER_V2.11_FEEDBACK_LOOP_ALL.ps1","2026-07-23 21:13:27","2026-07-23 20:35:33"
"E:\football_v\checkpoint\Football_AI_OS_Checkpoint_V3.0_FINAL.json","2026-07-23 20:44:38","2026-07-23 20:44:38"
"E:\football_v\checkpoint\FOOTBALL_AI_OS_Checkpoint_V4.0_ARCHITECTURE_GOVERNANCE.json","2026-07-24 10:45:12","2026-07-24 10:45:12"
"E:\football_v\checkpoint\Football_AI_OS_Checkpoint_V4.0_PRODUCTION_OPERATION.json","2026-07-23 21:27:31","2026-07-23 21:27:31"
"E:\football_v\checkpoint\Football_AI_OS_V4.0_PRODUCTION_BASELINE.json","2026-07-23 21:15:38","2026-07-23 21:17:16"
"E:\football_v\deployment_reports\FOOTBALL_AI_OS_V2.1_DEPLOYMENT_REPORT.json","2026-07-23 18:12:52","2026-07-23 18:18:45"
"E:\football_v\deployment_scripts\application_layer_db_test_tmp.py","2026-07-23 20:09:46","2026-07-23 20:09:46"
"E:\football_v\deployment_scripts\application_layer_V2.5_initializer.py","2026-07-23 20:09:11","2026-07-23 20:09:11"
"E:\football_v\deployment_scripts\audit_feedback_flow_v4.py","2026-07-23 23:06:08","2026-07-23 23:06:08"
"E:\football_v\deployment_scripts\audit_feedback_pipeline.py","2026-07-24 07:14:02","2026-07-24 07:14:02"
"E:\football_v\deployment_scripts\audit_learning_database_schema_v4.py","2026-07-23 23:11:20","2026-07-23 23:11:20"
"E:\football_v\deployment_scripts\audit_learning_pipeline_final.py","2026-07-24 07:41:09","2026-07-24 07:41:09"
"E:\football_v\deployment_scripts\audit_self_learning_engine_v4.py","2026-07-23 23:16:40","2026-07-23 23:16:40"
"E:\football_v\deployment_scripts\check_database_migration_V1.0.py","2026-07-23 18:29:34","2026-07-23 18:29:34"
"E:\football_v\deployment_scripts\check_feedback_tables.py","2026-07-24 07:04:56","2026-07-24 07:04:56"
"E:\football_v\deployment_scripts\check_learning_feedback_db.py","2026-07-23 22:49:05","2026-07-23 22:49:05"
"E:\football_v\deployment_scripts\check_prediction_feedback_count.py","2026-07-24 07:24:42","2026-07-24 07:24:42"
"E:\football_v\deployment_scripts\check_prediction_feedback_table.py","2026-07-24 07:10:31","2026-07-24 07:10:31"
"E:\football_v\deployment_scripts\check_prediction_result_schema.py","2026-07-24 07:08:16","2026-07-24 07:08:16"
"E:\football_v\deployment_scripts\create_prediction_feedback_table.py","2026-07-24 07:12:20","2026-07-24 07:12:20"
"E:\football_v\deployment_scripts\database_four_check_engine_V1.0.py","2026-07-23 18:41:45","2026-07-23 18:41:45"
"E:\football_v\deployment_scripts\database_init_system_db_V2.2.3.py","2026-07-23 18:48:06","2026-07-23 18:48:06"
"E:\football_v\deployment_scripts\database_system_db_migration_V2.2.2.py","2026-07-23 18:43:40","2026-07-23 18:43:40"
"E:\football_v\deployment_scripts\database_system_db_validation_V2.2.4.py","2026-07-23 18:49:21","2026-07-23 18:49:21"
"E:\football_v\deployment_scripts\database_unified_migration_engine_V2.2.py","2026-07-23 18:34:25","2026-07-23 18:35:39"
"E:\football_v\deployment_scripts\database_unified_validation_V2.2.1.py","2026-07-23 18:38:00","2026-07-23 18:38:00"
"E:\football_v\deployment_scripts\db_check_tmp.py","2026-07-23 19:32:19","2026-07-23 19:32:19"
"E:\football_v\deployment_scripts\decision_layer_db_test_tmp.py","2026-07-23 20:08:05","2026-07-23 20:08:05"
"E:\football_v\deployment_scripts\decision_layer_V2.4_initializer.py","2026-07-23 20:07:26","2026-07-23 20:07:26"
"E:\football_v\deployment_scripts\deploy_application_layer_V2.5_REAL_ALL_FIX.ps1","2026-07-23 20:09:35","2026-07-23 20:09:35"
"E:\football_v\deployment_scripts\deploy_decision_layer_V2.4_REAL_ALL_FIX.ps1","2026-07-23 20:07:54","2026-07-23 20:07:54"
"E:\football_v\deployment_scripts\deploy_feature_engine_history_V1.0.1.py","2026-07-23 19:00:51","2026-07-23 19:00:51"
"E:\football_v\deployment_scripts\deploy_feature_engine_history_V1.0.py","2026-07-23 18:59:45","2026-07-23 18:59:45"
"E:\football_v\deployment_scripts\deploy_feature_model_layer_V1.0.py","2026-07-23 18:55:59","2026-07-23 18:57:31"
"E:\football_v\deployment_scripts\deploy_football_ai_os_unified_V2.1.py","2026-07-23 18:12:36","2026-07-23 18:18:05"
"E:\football_v\deployment_scripts\deploy_Football_AI_OS_V2.1_REAL_ALL_FIX2.ps1","2026-07-23 19:53:32","2026-07-23 19:53:43"
"E:\football_v\deployment_scripts\deploy_Football_AI_OS_V2.2_VALIDATION_REAL.ps1","2026-07-23 19:56:28","2026-07-23 19:56:28"
"E:\football_v\deployment_scripts\deploy_Football_AI_OS_V2.6_INTEGRATION_REAL_ALL.ps1","2026-07-23 20:11:17","2026-07-23 20:11:17"
"E:\football_v\deployment_scripts\deploy_Football_AI_OS_V2.7.1_REAL_SIMULATION_FIX.ps1","2026-07-23 20:22:11","2026-07-23 20:22:20"
"E:\football_v\deployment_scripts\deploy_Football_AI_OS_V2.7_REAL_SIMULATION_ALL.ps1","2026-07-23 20:20:27","2026-07-23 20:20:36"
"E:\football_v\deployment_scripts\deploy_Football_AI_OS_V2.8_REAL_PREDICTION_API_ALL.ps1","2026-07-23 20:26:59","2026-07-23 20:27:06"
"E:\football_v\deployment_scripts\deploy_Football_AI_OS_V2.9_REAL_END_TO_END_TEST_ALL.ps1","2026-07-23 20:28:32","2026-07-23 20:28:38"
"E:\football_v\deployment_scripts\deploy_Football_AI_OS_V3.0_FINAL_FREEZE_CHECK.ps1","2026-07-23 20:42:53","2026-07-23 20:42:53"
"E:\football_v\deployment_scripts\deploy_MODEL_LAYER_V2.10_OPTIMIZATION_ALL.ps1","2026-07-23 20:33:27","2026-07-23 20:33:34"
"E:\football_v\deployment_scripts\deploy_MODEL_LAYER_V2.11_FEEDBACK_LOOP_ALL.ps1","2026-07-23 20:35:26","2026-07-23 20:35:33"
"E:\football_v\deployment_scripts\deploy_model_layer_V2.3_REAL_ALL_FIX2.ps1","2026-07-23 20:05:22","2026-07-23 20:05:22"
"E:\football_v\deployment_scripts\deploy_prediction_engine_V1.0.py","2026-07-23 19:03:56","2026-07-23 19:03:56"
"E:\football_v\deployment_scripts\deploy_prediction_engine_V1.1_REAL_FIX.py","2026-07-23 19:13:16","2026-07-23 19:13:16"
"E:\football_v\deployment_scripts\deploy_prediction_intelligence_V1.3.ps1","2026-07-23 19:20:43","2026-07-23 19:20:43"
"E:\football_v\deployment_scripts\deploy_prediction_intelligence_V1.3_FIX.ps1","2026-07-23 19:22:19","2026-07-23 19:22:19"
"E:\football_v\deployment_scripts\deploy_prediction_intelligence_V1.4_REAL.py","2026-07-23 19:26:20","2026-07-23 19:26:20"
"E:\football_v\deployment_scripts\deploy_prediction_intelligence_V1.5_REAL.ps1","2026-07-23 19:30:12","2026-07-23 19:30:12"
"E:\football_v\deployment_scripts\deploy_prediction_intelligence_V1.6_REAL.ps1","2026-07-23 19:38:04","2026-07-23 19:38:04"
"E:\football_v\deployment_scripts\deploy_prediction_phase_V1.2_batch.py","2026-07-23 19:16:49","2026-07-23 19:16:49"
"E:\football_v\deployment_scripts\deploy_prediction_phase_V1.2_fix.ps1","2026-07-23 19:18:02","2026-07-23 19:18:02"
"E:\football_v\deployment_scripts\football_ai_os_V2.0_real_engine.py","2026-07-23 19:48:23","2026-07-23 19:48:23"
"E:\football_v\deployment_scripts\global_audit.py","2026-07-24 07:35:54","2026-07-24 07:35:54"
"E:\football_v\deployment_scripts\integration_layer_V2.6_initializer.py","2026-07-23 20:10:53","2026-07-23 20:10:53"
"E:\football_v\deployment_scripts\model_layer_V2.3_initializer.py","2026-07-23 20:04:58","2026-07-23 20:04:58"
"E:\football_v\deployment_scripts\model_migration_engine_V1.0.py","2026-07-23 19:02:01","2026-07-23 19:02:01"
"E:\football_v\deployment_scripts\model_migration_engine_V1.1.py","2026-07-23 19:02:46","2026-07-23 19:02:46"
"E:\football_v\deployment_scripts\prediction_database_test_V1.3.py","2026-07-23 19:23:25","2026-07-23 19:23:25"
"E:\football_v\deployment_scripts\prediction_database_test_V1.4.py","2026-07-23 19:55:32","2026-07-23 19:55:32"
"E:\football_v\deployment_scripts\prediction_intelligence_init_V1.3_FIX.py","2026-07-23 19:24:33","2026-07-23 19:24:33"
"E:\football_v\deployment_scripts\test_feedback_connector.py","2026-07-24 07:31:55","2026-07-24 07:31:55"
"E:\football_v\deployment_scripts\upgrade_model_registry_schema_V1.0.py","2026-07-23 19:15:06","2026-07-23 19:15:06"
"E:\football_v\reports\after_20260723_1000_files.csv","2026-07-24 12:42:40","2026-07-24 12:42:40"
"E:\football_v\reports\clean_duplicate_report.json","2026-07-23 20:55:05","2026-07-23 20:55:05"
"E:\football_v\reports\FOOTBALL_AI_OS_V4_GLOBAL_AUDIT.json","2026-07-24 07:35:56","2026-07-24 07:35:56"
"E:\football_v\reports\V4_CLEANUP_REPORT.json","2026-07-23 21:13:27","2026-07-23 21:13:27"
"E:\football_v\reports\V4_FEEDBACK_FLOW_AUDIT_REPORT.json","2026-07-23 23:06:09","2026-07-23 23:06:09"
"E:\football_v\reports\V4_FINAL_AUDIT_REPORT.json","2026-07-23 21:11:40","2026-07-23 21:11:40"
"E:\football_v\reports\V4_LEARNING_DATABASE_SCHEMA_AUDIT.json","2026-07-23 23:11:22","2026-07-23 23:11:22"
"E:\football_v\reports\V4_PRODUCTION_BASELINE_REPORT.json","2026-07-23 21:15:38","2026-07-23 21:17:16"
"E:\football_v\reports\V4_SELF_LEARNING_ENGINE_AUDIT.json","2026-07-23 23:16:42","2026-07-23 23:16:42"
