columns,rows,table,database
id|data_id|file_name|file_path|data_type|source|file_hash|version|status|created_time,3,data_registry,E:\football_v\00_System_OS\01_DATA_LAYER\database\archive_football_ai_os.db
name|seq,14,sqlite_sequence,E:\football_v\00_System_OS\01_DATA_LAYER\database\archive_football_ai_os.db
id|file_name|version|hash|created_time,0,file_version,E:\football_v\00_System_OS\01_DATA_LAYER\database\archive_football_ai_os.db
id|action|target|result|created_time,0,audit_log,E:\football_v\00_System_OS\01_DATA_LAYER\database\archive_football_ai_os.db
id|bookmaker_id|name|market_type|weight|quality_score|status,4,bookmaker_registry,E:\football_v\00_System_OS\01_DATA_LAYER\database\archive_football_ai_os.db
id|market_code|market_name|priority,5,market_type_registry,E:\football_v\00_System_OS\01_DATA_LAYER\database\archive_football_ai_os.db
id|match_id|bookmaker_id|market_code|selection|handicap|odds|capture_time|version,3,market_snapshot,E:\football_v\00_System_OS\01_DATA_LAYER\database\archive_football_ai_os.db
id|data_id|parent_data|process|created_time,2,data_lineage,E:\football_v\00_System_OS\01_DATA_LAYER\database\archive_football_ai_os.db
id|data_id|import_type|operator|import_time|result,2,import_history,E:\football_v\00_System_OS\01_DATA_LAYER\database\archive_football_ai_os.db
id|data_id|completeness|accuracy|quality_status,2,data_quality,E:\football_v\00_System_OS\01_DATA_LAYER\database\archive_football_ai_os.db
id|task_id|task_type|source|target|status|priority|error_message|created_time|updated_time|retry_count,7,data_tasks,E:\football_v\00_System_OS\01_DATA_LAYER\database\archive_football_ai_os.db
id|task_type|max_retry|retry_interval|priority|description|created_time,6,retry_policy,E:\football_v\00_System_OS\01_DATA_LAYER\database\archive_football_ai_os.db
id|task_id|old_status|new_status|message|created_time,20,task_history,E:\football_v\00_System_OS\01_DATA_LAYER\database\archive_football_ai_os.db
id|task_id|attempt|result|error_message|duration|created_time,4,retry_records,E:\football_v\00_System_OS\01_DATA_LAYER\database\archive_football_ai_os.db
id|rule_name|rule_type|weight|threshold|severity|description|created_time,5,quality_rules,E:\football_v\00_System_OS\01_DATA_LAYER\database\archive_football_ai_os.db
id|data_id|completeness_score|accuracy_score|freshness_score|source_score|total_score|quality_level|created_time,2,quality_scores,E:\football_v\00_System_OS\01_DATA_LAYER\database\archive_football_ai_os.db
id|data_id|rule_name|severity|message|status|created_time|alert_key|details|count|updated_time,1,quality_alerts,E:\football_v\00_System_OS\01_DATA_LAYER\database\archive_football_ai_os.db
id|name|value|created_time,0,system_registry,E:\football_v\00_System_OS\01_DATA_LAYER\database\archive_football_ai_os.db
id|name|value|created_time,0,module_registry,E:\football_v\00_System_OS\01_DATA_LAYER\database\archive_football_ai_os.db
id|name|value|created_time,0,database_registry,E:\football_v\00_System_OS\01_DATA_LAYER\database\archive_football_ai_os.db
id|name|value|created_time,0,model_registry,E:\football_v\00_System_OS\01_DATA_LAYER\database\archive_football_ai_os.db
id|name|value|created_time,0,runtime_status,E:\football_v\00_System_OS\01_DATA_LAYER\database\archive_football_ai_os.db
id|system_name|version|status|created_time,1,system_registry,E:\football_v\00_System_OS\01_DATA_LAYER\database\football_ai_os.db
id|database_name|database_path|database_role|version|status|hash|update_time,8,database_registry,E:\football_v\00_System_OS\01_DATA_LAYER\database\football_ai_os.db
id|model_name|model_version|status|created_time|version|description,10,model_registry,E:\football_v\00_System_OS\01_DATA_LAYER\database\football_ai_os.db
id|service_name|status|heartbeat,0,runtime_registry,E:\football_v\00_System_OS\01_DATA_LAYER\database\football_ai_os.db
id|task_name|status|last_run,0,task_registry,E:\football_v\00_System_OS\01_DATA_LAYER\database\football_ai_os.db
id|match_id|home_win|draw|away_win|score|confidence|risk|time|module|version|status|database_name|created_time,12,prediction_registry,E:\football_v\00_System_OS\01_DATA_LAYER\database\football_ai_os.db
id|league|match_date|home_team|away_team|home_score|away_score|ht_home_score|ht_away_score|home_odds|draw_odds|away_odds|home_possession|away_possession|home_shots|away_shots|home_shots_on_goal|away_shots_on_goal|home_attacks|away_attacks|home_dangerous_attacks|away_dangerous_attacks|home_corners|away_corners|home_yellow|away_yellow,96337,matches_full,E:\football_v\00_System_OS\01_DATA_LAYER\database\match_data.db
name|seq,5,sqlite_sequence,E:\football_v\00_System_OS\01_DATA_LAYER\database\match_data.db
id|league|match_date|home_team|away_team|home_score|away_score|ht_home_score|ht_away_score|home_odds|draw_odds|away_odds|home_possession|away_possession|home_shots|away_shots|home_shots_on_goal|away_shots_on_goal|home_attacks|away_attacks|home_dangerous_attacks|away_dangerous_attacks|home_corners|away_corners|home_yellow|away_yellow,96305,matches_clean,E:\football_v\00_System_OS\01_DATA_LAYER\database\match_data.db
id|competition_id|season_id|date|home_team|away_team|home_score|away_score,0,matches,E:\football_v\00_System_OS\01_DATA_LAYER\database\match_data.db
id|date|league|season|home_team|away_team|home_goals|away_goals|status,0,fixtures,E:\football_v\00_System_OS\01_DATA_LAYER\database\match_data.db
id|name|country,0,teams,E:\football_v\00_System_OS\01_DATA_LAYER\database\match_data.db
id|name|country,0,competitions,E:\football_v\00_System_OS\01_DATA_LAYER\database\match_data.db
id|competition_id|name,0,seasons,E:\football_v\00_System_OS\01_DATA_LAYER\database\match_data.db
league_id|league_name|country|level,0,leagues,E:\football_v\00_System_OS\01_DATA_LAYER\database\match_data.db
id|match_id|stat_name|home_value|away_value,0,match_stats,E:\football_v\00_System_OS\01_DATA_LAYER\database\match_data.db
id|date|league|home_team|away_team|open_home|open_draw|open_away|close_home|close_draw|close_away|source|create_time,139501,odds_history,E:\football_v\00_System_OS\01_DATA_LAYER\database\match_data.db
id|date|league|home_team|away_team|open_home|open_draw|open_away|close_home|close_draw|close_away|source|clean_time,139454,odds_history_clean,E:\football_v\00_System_OS\01_DATA_LAYER\database\match_data.db
id|date|league|season|home_team|away_team|home_xG|away_xG|home_xGA|away_xGA|home_goals|away_goals|home_xpts|away_xpts|source|create_time,40958,xg_match_history,E:\football_v\00_System_OS\01_DATA_LAYER\database\match_data.db
id|league|season|match_id|team|opponent|home_away|player|minute|xG|result|shot_x|shot_y|situation|shot_type|player_assisted|last_action|date|source|create_time,515218,xg_shot_history,E:\football_v\00_System_OS\01_DATA_LAYER\database\match_data.db
id|league|season|match_id|team|opponent|home_away|player|minute|xG|result|shot_x|shot_y|situation|shot_type|player_assisted|last_action|date|source|create_time,515217,xg_shot_history_clean,E:\football_v\00_System_OS\01_DATA_LAYER\database\match_data.db
table_name|row_count|columns|risk_level|suggestion,17,data_audit_report,E:\football_v\00_System_OS\01_DATA_LAYER\database\match_data.db
id|data_type|source|update_time|record_count,1,data_update_log,E:\football_v\00_System_OS\01_DATA_LAYER\database\match_data.db
id|module_name|version|status|created_time,0,system_registry,E:\football_v\00_System_OS\01_DATA_LAYER\database\match_data.db
id|database_name|database_path|database_type|status,0,database_registry,E:\football_v\00_System_OS\01_DATA_LAYER\database\match_data.db
id|model_name|version|status,0,model_registry,E:\football_v\00_System_OS\01_DATA_LAYER\database\match_data.db
id|event|time,0,runtime_log,E:\football_v\00_System_OS\01_DATA_LAYER\database\match_data.db
id|name|value|created_time|match_id|team|elo,96305,elo_history,E:\football_v\00_System_OS\02_FEATURE_LAYER\database\feature_store.db
name|seq,7,sqlite_sequence,E:\football_v\00_System_OS\02_FEATURE_LAYER\database\feature_store.db
id|name|value|created_time|match_id|team|attack|defense,96305,dixon_coles_history,E:\football_v\00_System_OS\02_FEATURE_LAYER\database\feature_store.db
id|name|value|created_time|match_id|team|lambda,96305,poisson_history,E:\football_v\00_System_OS\02_FEATURE_LAYER\database\feature_store.db
id|name|value|created_time|match_id|team|form,96305,team_form_history,E:\football_v\00_System_OS\02_FEATURE_LAYER\database\feature_store.db
id|name|value|created_time|match_id|team|home_rating|away_rating,96305,home_away_history,E:\football_v\00_System_OS\02_FEATURE_LAYER\database\feature_store.db
id|name|value|created_time|match_id|team|fatigue,96305,fatigue_rating,E:\football_v\00_System_OS\02_FEATURE_LAYER\database\feature_store.db
id|name|value|created_time|match_id|feature,96305,feature_vector,E:\football_v\00_System_OS\02_FEATURE_LAYER\database\feature_store.db
id|name|value|created_time,1,elo_model,E:\football_v\00_System_OS\03_MODEL_LAYER\database\model_store.db
name|seq,7,sqlite_sequence,E:\football_v\00_System_OS\03_MODEL_LAYER\database\model_store.db
id|name|value|created_time,1,dixon_coles_model,E:\football_v\00_System_OS\03_MODEL_LAYER\database\model_store.db
id|name|value|created_time,1,poisson_model,E:\football_v\00_System_OS\03_MODEL_LAYER\database\model_store.db
id|name|value|created_time,1,xgboost_model,E:\football_v\00_System_OS\03_MODEL_LAYER\database\model_store.db
id|name|value|created_time,1,fusion_model,E:\football_v\00_System_OS\03_MODEL_LAYER\database\model_store.db
id|name|value|created_time,1,model_weight,E:\football_v\00_System_OS\03_MODEL_LAYER\database\model_store.db
id|name|value|created_time,0,model_version,E:\football_v\00_System_OS\03_MODEL_LAYER\database\model_store.db
id|match_id|model_name|prediction|probability|created_time,2,prediction_history,E:\football_v\00_System_OS\03_MODEL_LAYER\database\model_store.db
id|match_id|feature_source|created_time,0,prediction_feature_snapshot,E:\football_v\00_System_OS\03_MODEL_LAYER\database\model_store.db
id|match_id|final_prediction|confidence|created_time,0,prediction_result,E:\football_v\00_System_OS\03_MODEL_LAYER\database\model_store.db
id|model_name|weight|created_time,0,model_weight_history,E:\football_v\00_System_OS\03_MODEL_LAYER\database\model_store.db
id|module_name|version|status|created_time,9,system_registry,E:\football_v\00_System_OS\database\football_ai_os.db
id|database_name|database_path|database_type|status,0,database_registry,E:\football_v\00_System_OS\database\football_ai_os.db
id|model_name|version|status,5,model_registry,E:\football_v\00_System_OS\database\football_ai_os.db
id|event|time,0,runtime_log,E:\football_v\00_System_OS\database\football_ai_os.db
id|league|match_date|home_team|away_team|home_score|away_score|ht_home_score|ht_away_score|home_odds|draw_odds|away_odds|home_possession|away_possession|home_shots|away_shots|home_shots_on_goal|away_shots_on_goal|home_attacks|away_attacks|home_dangerous_attacks|away_dangerous_attacks|home_corners|away_corners|home_yellow|away_yellow,96337,matches_full,E:\football_v\01_DATA_LAYER\database\match_data.db
name|seq,5,sqlite_sequence,E:\football_v\01_DATA_LAYER\database\match_data.db
id|league|match_date|home_team|away_team|home_score|away_score|ht_home_score|ht_away_score|home_odds|draw_odds|away_odds|home_possession|away_possession|home_shots|away_shots|home_shots_on_goal|away_shots_on_goal|home_attacks|away_attacks|home_dangerous_attacks|away_dangerous_attacks|home_corners|away_corners|home_yellow|away_yellow,96305,matches_clean,E:\football_v\01_DATA_LAYER\database\match_data.db
id|competition_id|season_id|date|home_team|away_team|home_score|away_score,0,matches,E:\football_v\01_DATA_LAYER\database\match_data.db
id|date|league|season|home_team|away_team|home_goals|away_goals|status,0,fixtures,E:\football_v\01_DATA_LAYER\database\match_data.db
id|name|country,0,teams,E:\football_v\01_DATA_LAYER\database\match_data.db
id|name|country,0,competitions,E:\football_v\01_DATA_LAYER\database\match_data.db
id|competition_id|name,0,seasons,E:\football_v\01_DATA_LAYER\database\match_data.db
league_id|league_name|country|level,0,leagues,E:\football_v\01_DATA_LAYER\database\match_data.db
id|match_id|stat_name|home_value|away_value,0,match_stats,E:\football_v\01_DATA_LAYER\database\match_data.db
id|date|league|home_team|away_team|open_home|open_draw|open_away|close_home|close_draw|close_away|source|create_time,139501,odds_history,E:\football_v\01_DATA_LAYER\database\match_data.db
id|date|league|home_team|away_team|open_home|open_draw|open_away|close_home|close_draw|close_away|source|clean_time,139454,odds_history_clean,E:\football_v\01_DATA_LAYER\database\match_data.db
id|date|league|season|home_team|away_team|home_xG|away_xG|home_xGA|away_xGA|home_goals|away_goals|home_xpts|away_xpts|source|create_time,40958,xg_match_history,E:\football_v\01_DATA_LAYER\database\match_data.db
id|league|season|match_id|team|opponent|home_away|player|minute|xG|result|shot_x|shot_y|situation|shot_type|player_assisted|last_action|date|source|create_time,515218,xg_shot_history,E:\football_v\01_DATA_LAYER\database\match_data.db
id|league|season|match_id|team|opponent|home_away|player|minute|xG|result|shot_x|shot_y|situation|shot_type|player_assisted|last_action|date|source|create_time,515217,xg_shot_history_clean,E:\football_v\01_DATA_LAYER\database\match_data.db
table_name|row_count|columns|risk_level|suggestion,17,data_audit_report,E:\football_v\01_DATA_LAYER\database\match_data.db
id|data_type|source|update_time|record_count,1,data_update_log,E:\football_v\01_DATA_LAYER\database\match_data.db
id|module_name|version|status|created_time,0,system_registry,E:\football_v\01_DATA_LAYER\database\match_data.db
id|database_name|database_path|database_type|status,0,database_registry,E:\football_v\01_DATA_LAYER\database\match_data.db
id|model_name|version|status,0,model_registry,E:\football_v\01_DATA_LAYER\database\match_data.db
id|event|time,0,runtime_log,E:\football_v\01_DATA_LAYER\database\match_data.db
id|date|team|elo_before|elo_after|opponent,192610,elo_history,E:\football_v\02_FEATURE_LAYER\database\feature_store.db
name|seq,8,sqlite_sequence,E:\football_v\02_FEATURE_LAYER\database\feature_store.db
team|elo,556,team_rating,E:\football_v\02_FEATURE_LAYER\database\feature_store.db
team|attack_strength|defense_strength|matches,556,dixon_coles_rating,E:\football_v\02_FEATURE_LAYER\database\feature_store.db
id|date|team|attack_strength|defense_strength|matches,192610,dixon_coles_history,E:\football_v\02_FEATURE_LAYER\database\feature_store.db
id|team|attack_strength|defense_strength|avg_goals|update_time,556,poisson_rating,E:\football_v\02_FEATURE_LAYER\database\feature_store.db
id|date|team|attack_strength|defense_strength|avg_goals|matches,192610,poisson_history,E:\football_v\02_FEATURE_LAYER\database\feature_store.db
team|last5_games|last5_win|last5_draw|last5_loss|last5_goals_for|last5_goals_against|last10_games|last10_points|avg_goals|avg_conceded|update_time,556,team_form,E:\football_v\02_FEATURE_LAYER\database\feature_store.db
id|date|team|last5_win|last5_draw|last5_loss|last5_goals_for|last5_goals_against|last10_points|matches,192610,team_form_history,E:\football_v\02_FEATURE_LAYER\database\feature_store.db
team|last_match_date|rest_days|recent_7_days_games|recent_30_days_games|fatigue_score|update_time,556,fatigue_rating,E:\football_v\02_FEATURE_LAYER\database\feature_store.db
id|date|team|rest_days|last7_games|last14_games|fatigue_score|matches,192610,fatigue_history,E:\football_v\02_FEATURE_LAYER\database\feature_store.db
team|home_games|home_wins|home_draws|home_losses|home_win_rate|home_goals_for|home_goals_against|home_attack_strength|home_defense_strength|away_games|away_wins|away_draws|away_losses|away_win_rate|away_goals_for|away_goals_against|away_attack_strength|away_defense_strength|update_time,556,home_away_rating,E:\football_v\02_FEATURE_LAYER\database\feature_store.db
id|date|team|home_games|home_wins|home_win_rate|home_goals_for|home_goals_against|away_games|away_wins|away_win_rate|away_goals_for|away_goals_against,192610,home_away_history,E:\football_v\02_FEATURE_LAYER\database\feature_store.db
id|date|league|season|home_team|away_team|home_xg_avg_5|away_xg_avg_5|home_xga_avg_5|away_xga_avg_5|home_xg_avg_10|away_xg_avg_10|home_xga_avg_10|away_xga_avg_10|xg_attack_diff|xg_defense_diff|xg_form_index|create_time,32762,xg_features_history,E:\football_v\02_FEATURE_LAYER\database\feature_store.db
id|league|season|club_name|home_away|xG|xGA|npxG|npxGA|ppda|ppda_allowed|deep|deep_allowed|scored|missed|xpts|result|date|wins|draws|loses|pts|npxGD,41722,xg_features_temp,E:\football_v\02_FEATURE_LAYER\database\feature_store.db
id|module_name|version|status|created_time,0,system_registry,E:\football_v\02_FEATURE_LAYER\database\feature_store.db
id|database_name|database_path|database_type|status,0,database_registry,E:\football_v\02_FEATURE_LAYER\database\feature_store.db
id|model_name|version|status,0,model_registry,E:\football_v\02_FEATURE_LAYER\database\feature_store.db
id|event|time,0,runtime_log,E:\football_v\02_FEATURE_LAYER\database\feature_store.db
id|table_name|status|reason|usage,8,model_data_registry,E:\football_v\03_MODEL_LAYER\database\model_store.db
name|seq,1,sqlite_sequence,E:\football_v\03_MODEL_LAYER\database\model_store.db
id|module_name|version|status|created_time,0,system_registry,E:\football_v\03_MODEL_LAYER\database\model_store.db
id|database_name|database_path|database_type|status,0,database_registry,E:\football_v\03_MODEL_LAYER\database\model_store.db
id|model_name|version|status,0,model_registry,E:\football_v\03_MODEL_LAYER\database\model_store.db
id|event|time,0,runtime_log,E:\football_v\03_MODEL_LAYER\database\model_store.db
id|model_name|version|status|time,4,model_registry,E:\football_v\03_MODEL_LAYER\database\model_store_v23.db
id|match_id|prediction|actual_result|odds|profit|roi|accuracy|model_version|time,0,prediction_feedback,E:\football_v\03_MODEL_LAYER\runtime\model_feedback_runtime.db
id|module|status|time,15,prediction_service_registry,E:\football_v\04_PREDICTION_LAYER\database\prediction_service.db
id|home_team|away_team|time,0,prediction_request,E:\football_v\04_PREDICTION_LAYER\database\prediction_service.db
id|home_prob|draw_prob|away_prob|confidence|risk|value_score,1,prediction_result,E:\football_v\04_PREDICTION_LAYER\database\prediction_service.db
id|result|time,0,prediction_history,E:\football_v\04_PREDICTION_LAYER\database\prediction_service.db
id|status|create_time,1,api_runtime_registry,E:\football_v\04_PREDICTION_LAYER\runtime\api_runtime.db
id|match_id|elo_probability|dixon_probability|poisson_probability|xgboost_probability|fusion_probability|confidence|risk|created_time,0,prediction_runtime,E:\football_v\04_PREDICTION_LAYER\runtime\prediction_runtime.db
name|seq,0,sqlite_sequence,E:\football_v\04_PREDICTION_LAYER\runtime\prediction_runtime.db
id|prediction_id|result|accuracy|created_time,0,prediction_accuracy_log,E:\football_v\04_PREDICTION_LAYER\runtime\prediction_runtime.db
id|status|create_time,1,market_value_registry,E:\football_v\05_MARKET_LAYER\database\market_value.db
id|status|create_time,1,risk_manager_registry,E:\football_v\06_RISK_LAYER\database\risk_manager.db
id|status|create_time,1,learning_feedback_registry,E:\football_v\07_LEARNING_LAYER\database\learning_feedback.db
id|prediction_time|home_team|away_team|league|prediction_home|prediction_draw|prediction_away|decision|actual_result|correct|odds_home|odds_draw|odds_away|roi|confidence|risk_level|model_version|created_time,1,prediction_feedback,E:\football_v\07_LEARNING_LAYER\database\learning_feedback.db
name|seq,1,sqlite_sequence,E:\football_v\07_LEARNING_LAYER\database\learning_feedback.db
id|match_name|prediction|probability|market_value|risk_level|confidence|decision|time,0,decision_history,E:\football_v\08_DECISION_LAYER\database\decision_history.db
id|module|version|status,4,decision_registry,E:\football_v\08_DECISION_LAYER\database\decision_history.db
id|module|version|status|time,4,application_registry,E:\football_v\09_APPLICATION_LAYER\runtime\application_runtime.db
id|module|status|time,5,integration_registry,E:\football_v\10_INTEGRATION_LAYER\runtime\integration_test.db
id|match|decision|confidence|time,1,simulation_history,E:\football_v\11_SIMULATION_LAYER\runtime\simulation_runtime.db
id|service|status,1,api_registry,E:\football_v\12_API_LAYER\runtime\api_runtime.db
id|version|status|time,1,end_to_end_history,E:\football_v\13_TEST_LAYER\runtime\test_runtime.db
id|league|match_date|home_team|away_team|home_score|away_score|ht_home_score|ht_away_score|home_odds|draw_odds|away_odds|home_possession|away_possession|home_shots|away_shots|home_shots_on_goal|away_shots_on_goal|home_attacks|away_attacks|home_dangerous_attacks|away_dangerous_attacks|home_corners|away_corners|home_yellow|away_yellow,0,matches_full,E:\football_v\99_DOCUMENTATION\checkpoints\archive_match_data_before_v22.db
name|seq,0,sqlite_sequence,E:\football_v\99_DOCUMENTATION\checkpoints\archive_match_data_before_v22.db
id|system_name|version|status|created_time,1,system_registry,E:\football_v\99_DOCUMENTATION\checkpoints\archive_system_before_prediction_v12_20260723_191821.db
id|database_name|database_path|database_role|version|status|hash|update_time,8,database_registry,E:\football_v\99_DOCUMENTATION\checkpoints\archive_system_before_prediction_v12_20260723_191821.db
id|model_name|model_version|status|created_time|version|description,5,model_registry,E:\football_v\99_DOCUMENTATION\checkpoints\archive_system_before_prediction_v12_20260723_191821.db
id|service_name|status|heartbeat,0,runtime_registry,E:\football_v\99_DOCUMENTATION\checkpoints\archive_system_before_prediction_v12_20260723_191821.db
id|task_name|status|last_run,0,task_registry,E:\football_v\99_DOCUMENTATION\checkpoints\archive_system_before_prediction_v12_20260723_191821.db
id|match_id|home_win|draw|away_win|score|confidence|risk|time,2,prediction_registry,E:\football_v\99_DOCUMENTATION\checkpoints\archive_system_before_prediction_v12_20260723_191821.db
