classes,file,functions
,E:\football_v\deploy_frozen_v15_completion.py,
,E:\football_v\deploy_local_console_v1.py,
,E:\football_v\deploy_phase11.py,
,E:\football_v\deploy_phase12.py,
,E:\football_v\deploy_phase13.py,
,E:\football_v\deploy_phase14.py,
,E:\football_v\deploy_phase15.py,
,E:\football_v\deploy_phase16.py,
,E:\football_v\deploy_phase17.py,
,E:\football_v\deploy_phase18_20.py,
,E:\football_v\deploy_phase21_25.py,
,E:\football_v\deploy_phase26_30.py,
,E:\football_v\deploy_phase31_35.py,
,E:\football_v\deploy_phase36_40.py,
,E:\football_v\deploy_remaining_modules_V1.5_FINAL.py,write_file|create_modules|create_tests|update_registry
,E:\football_v\deploy_v15_phase2_patch3.py,write_file
,E:\football_v\final_acceptance_test.py,
,E:\football_v\phase12_test.py,
,E:\football_v\phase13_test.py,
,E:\football_v\phase14_test.py,
,E:\football_v\phase15_test.py,
,E:\football_v\phase16_test.py,
,E:\football_v\phase17_test.py,
,E:\football_v\phase21_25_test.py,
,E:\football_v\phase26_30_test.py,
,E:\football_v\phase36_40_deploy.py,
,E:\football_v\phase36_40_deploy_test.py,
,E:\football_v\phase36_40_test.py,
,E:\football_v\phase41_45_deploy_test.py,
,E:\football_v\phase46_50_deploy_test.py,
,E:\football_v\phase51_55_final_validation.py,
,E:\football_v\phase51_validation.py,
,E:\football_v\phase52_backtest.py,
Command,E:\football_v\.venv\Lib\site-packages\pip\_internal\cli\base_command.py,__init__|add_options|handle_pip_version_check|run|_run_wrapper|parse_args|main|_main|_inner_run
CommandContextMixIn,E:\football_v\.venv\Lib\site-packages\pip\_internal\cli\command_context.py,__init__|main_context|enter_context
PrettyHelpFormatter|UpdatingDefaultsHelpFormatter|CustomOptionParser|ConfigOptionParser,E:\football_v\.venv\Lib\site-packages\pip\_internal\cli\parser.py,__init__|format_option_strings|_format_option_strings|format_heading|format_usage|format_description|format_epilog|indent_lines|expand_default|insert_option_group|option_list_all|__init__|check_default|_get_ordered_configuration_items|_update_defaults|get_default_values|error
SpinnerInterface|InteractiveSpinner|NonInteractiveSpinner|RateLimiter,E:\football_v\.venv\Lib\site-packages\pip\_internal\cli\spinners.py,open_spinner|hidden_cursor|spin|finish|__init__|_write|spin|finish|__init__|_update|spin|finish|__init__|ready|reset
_NotAPIContent|_NotHTTP|CacheablePageContent|ParseLinks|IndexContent|HTMLLinkParser|CollectedSources|LinkCollector,E:\football_v\.venv\Lib\site-packages\pip\_internal\index\collector.py,_match_vcs_scheme|_ensure_api_header|_ensure_api_response|_get_simple_response|_get_encoding_from_headers|with_cached_index_content|parse_links|_handle_get_simple_fail|_make_index_content|_get_index_content|__init__|__init__|__eq__|__hash__|__call__|wrapper|wrapper_wrapper|__str__|__init__|handle_starttag|get_href|__init__|create|find_links|fetch_response|collect_sources
LinkType|LinkEvaluator|CandidatePreferences|BestCandidateResult|CandidateEvaluator|PackageFinder,E:\football_v\.venv\Lib\site-packages\pip\_internal\index\package_finder.py,_check_link_requires_python|filter_unallowed_hashes|_find_name_version_sep|_extract_version_from_fragment|__init__|evaluate_link|__post_init__|create|__init__|get_applicable_candidates|_sort_key|sort_best_candidate|compute_best_candidate|__init__|create|target_python|search_scope|search_scope|find_links|index_urls|proxy|trusted_hosts|custom_cert|client_cert|allow_all_prereleases|set_allow_all_prereleases|prefer_binary|set_prefer_binary|requires_python_skipped_reasons|make_link_evaluator|_sort_links|_log_skipped_link|get_install_candidate|evaluate_links|process_project_url|find_all_candidates|make_candidate_evaluator|find_best_candidate|find_requirement|_format_versions|_should_install_candidate
,E:\football_v\.venv\Lib\site-packages\pip\_internal\locations\_distutils.py,distutils_scheme|get_scheme|get_bin_prefix|get_purelib|get_platlib
,E:\football_v\.venv\Lib\site-packages\pip\_internal\locations\__init__.py,_should_use_sysconfig|_looks_like_bpo_44860|_looks_like_red_hat_patched_platlib_purelib|_looks_like_red_hat_lib|_looks_like_debian_scheme|_looks_like_red_hat_scheme|_looks_like_slackware_scheme|_looks_like_msys2_mingw_scheme|_fix_abiflags|_warn_mismatched|_warn_if_mismatch|_log_context|get_scheme|get_bin_prefix|get_bin_user|_looks_like_deb_system_dist_packages|get_purelib|get_platlib
SelectionPreferences,E:\football_v\.venv\Lib\site-packages\pip\_internal\models\selection_prefs.py,__init__
HTTPRangeRequestUnsupported|LazyZipOverHTTP,E:\football_v\.venv\Lib\site-packages\pip\_internal\network\lazy_wheel.py,dist_from_wheel_url|__init__|mode|name|seekable|close|closed|read|readable|seek|tell|truncate|writable|__enter__|__exit__|_stay|_check_zip|_stream_response|_merge|_download
LocalFSAdapter|_SSLContextAdapterMixin|HTTPAdapter|CacheControlAdapter|InsecureHTTPAdapter|InsecureCacheControlAdapter|PipSession,E:\football_v\.venv\Lib\site-packages\pip\_internal\network\session.py,looks_like_ci|user_agent|send|close|__init__|init_poolmanager|cert_verify|cert_verify|__init__|update_index_urls|add_trusted_host|iter_secure_origins|is_secure_origin|request
TrackerId|BuildTracker,E:\football_v\.venv\Lib\site-packages\pip\_internal\operations\build\build_tracker.py,update_env_context_manager|get_build_tracker|__init__|__enter__|__exit__|_entry_path|add|remove|cleanup|track
ZipBackedFile|ScriptFile|MissingCallableSuffix|PipScriptMaker|File,E:\football_v\.venv\Lib\site-packages\pip\_internal\operations\install\wheel.py,rehash|csv_io_kwargs|fix_script|wheel_root_is_purelib|get_entrypoints|message_about_scripts_not_on_PATH|_normalized_outrows|_record_to_fs_path|_fs_to_record_path|get_csv_rows_for_installed|get_console_script_specs|_raise_for_invalid_entrypoint|_install_wheel|req_error_context|install_wheel|__init__|_getinfo|save|__init__|save|__init__|make|record_installed|is_dir_path|assert_no_path_traversal|root_scheme_file_maker|data_scheme_file_maker|is_data_scheme_path|is_script_scheme_path|is_entrypoint_wrapper|pyc_source_file_paths|pyc_output_path|_generate_file|save|make_root_scheme_file|make_data_scheme_file
Resolver,E:\football_v\.venv\Lib\site-packages\pip\_internal\resolution\legacy\resolver.py,_check_dist_requires_python|__init__|resolve|_add_requirement_to_set|_is_upgrade_allowed|_set_req_to_reinstall|_check_skip_installed|_find_requirement_link|_populate_link|_get_dist_for|_resolve_one|get_installation_order|add_req|schedule
Resolver,E:\football_v\.venv\Lib\site-packages\pip\_internal\resolution\resolvelib\resolver.py,get_topological_weights|_req_set_item_sorter|__init__|resolve|get_installation_order|visit
,E:\football_v\.venv\Lib\site-packages\pip\_internal\utils\filesystem.py,check_path_owner|adjacent_tmp_file|test_writable_dir|_test_writable_dir_win|find_files|file_size|format_file_size|directory_size|format_directory_size
BrokenStdoutLoggingError|IndentingFormatter|IndentedRenderable|PipConsole|RichPipStreamHandler|BetterRotatingFileHandler|MaxLevelFilter|ExcludeLoggerFilter,E:\football_v\.venv\Lib\site-packages\pip\_internal\utils\logging.py,_is_broken_pipe_error|indent_log|get_indentation|setup_logging|__init__|get_message_start|format|__rich_console__|on_broken_pipe|__init__|emit|handleError|_open|__init__|filter|filter
,E:\football_v\.venv\Lib\site-packages\pip\_internal\utils\subprocess.py,make_command|format_command_args|reveal_command_args|call_subprocess|runner_with_spinner_message|runner
TempDirectoryTypeRegistry|_Default|TempDirectory|AdjacentTempDirectory,E:\football_v\.venv\Lib\site-packages\pip\_internal\utils\temp_dir.py,global_tempdir_manager|tempdir_registry|__init__|set_delete|get_delete|__init__|path|__repr__|__enter__|__exit__|_create|cleanup|__init__|_generate_names|_create|onerror
,E:\football_v\.venv\Lib\site-packages\pip\_internal\utils\unpacking.py,current_umask|split_leading_dir|has_leading_dir|is_within_directory|_get_default_mode_plus_executable|set_extracted_file_to_default_mode_plus_executable|zip_item_is_executable|unzip_file|untar_file|_untar_without_filter|unpack_file|pip_filter
_Sentinel|_ExtensionsSpecialForm|_DefaultMixin|_TypeVarLikeMeta|_SpecialForm|_AnyMeta|Any|_LiteralGenericAlias|_LiteralForm|_SpecialGenericAlias|_ProtocolMeta|Protocol|SupportsInt|SupportsFloat|SupportsComplex|SupportsBytes|SupportsIndex|SupportsAbs|SupportsRound|_TypedDictMeta|_AnnotatedAlias|Annotated|NoDefaultTypeMeta|NoDefaultType|TypeVar|_Immutable|ParamSpecArgs|ParamSpecKwargs|_ConcatenateGenericAlias|deprecated|_NamedTupleMeta|Buffer|NewType|TypeAliasType|Doc|ParamSpec|ParamSpec|_ConcatenateForm|_TypeGuardForm|_TypeIsForm|_RequiredForm|_ReadOnlyForm|_UnpackSpecialForm|_UnpackAlias|_UnpackAlias|_UnpackForm|TypeVarTuple|TypeVarTuple|Dummy,E:\football_v\.venv\Lib\site-packages\pip\_vendor\typing_extensions.py,IntVar|_get_protocol_attrs|_caller|_ensure_subclassable|_set_default|_set_module|_concatenate_getitem|_has_generic_or_protocol_as_origin|_is_unpacked_typevartuple|__repr__|_should_collect_from_parameters|__repr__|final|_flatten_literal_params|_value_and_type_iter|overload|get_overloads|clear_overloads|_is_dunder|_allow_reckless_class_checks|_no_init|_type_check_issubclass_arg_1|_proto_hook|runtime_checkable|inner|_get_typeddict_qualifiers|TypedDict|is_typeddict|assert_type|_strip_extras|get_type_hints|get_origin|get_args|__instancecheck__|__init__|__getattr__|__mro_entries__|__repr__|__reduce__|__call__|__or__|__ror__|__instancecheck__|__subclasscheck__|__getitem__|LiteralString|Self|Never|_is_unpack|reveal_type|assert_never|dataclass_transform|override|_check_generic|_check_generic|_collect_type_vars|_collect_parameters|_make_nmtuple|_namedtuple_mro_entries|NamedTuple|get_original_bases|_is_unionable|is_protocol|get_protocol_members|_should_collect_from_parameters|_should_collect_from_parameters|__instancecheck__|__repr__|__new__|__eq__|__hash__|__init__|__getitem__|__init__|__setattr__|__getitem__|__new__|__init__|__subclasscheck__|__instancecheck__|__eq__|__hash__|__init_subclass__|__int__|__float__|__complex__|__bytes__|__index__|__abs__|__round__|__new__|__subclasscheck__|__init__|copy_with|__repr__|__reduce__|__eq__|__hash__|__new__|__class_getitem__|__init_subclass__|TypeAlias|__setattr__|__new__|__repr__|__reduce__|__new__|__init_subclass__|__copy__|__deepcopy__|__init__|__repr__|__eq__|__init__|__repr__|__eq__|__init__|__repr__|__hash__|__call__|__parameters__|Concatenate|TypeGuard|TypeIs|Required|NotRequired|ReadOnly|Unpack|_is_unpack|_is_unpack|_unpack_args|decorator|__init__|__call__|__new__|__call__|__init__|__mro_entries__|__repr__|__reduce__|__init__|__setattr__|__delattr__|_raise_attribute_error|__repr__|__getitem__|__reduce__|__init_subclass__|__call__|__init__|__repr__|__hash__|__eq__|_tvar_prepare_subst|__new__|__init_subclass__|args|kwargs|__init__|__repr__|__hash__|__eq__|__reduce__|__call__|__getitem__|__getitem__|__getitem__|__getitem__|__getitem__|__init__|__typing_unpacked_tuple_args__|__getitem__|__new__|__init_subclass__|__iter__|__init__|__repr__|__hash__|__eq__|__reduce__|__init_subclass__|__or__|__ror__|__or__|__ror__|_paramspec_prepare_subst|_typevartuple_prepare_subst|__init_subclass__|__new__|__init_subclass__|__init_subclass__|wrapper
ZipExtFile|ZipFile|CertificateError|Container|ChainMap|OrderedDict|ConvertingDict|ConvertingList|ConvertingTuple|BaseConfigurator,E:\football_v\.venv\Lib\site-packages\pip\_vendor\distlib\compat.py,quote|_dnsname_match|match_hostname|which|__init__|__enter__|__exit__|__enter__|__exit__|open|python_implementation|callable|fsencode|fsdecode|_get_normal_name|detect_encoding|cache_from_source|valid_ident|pop|__init__|_access_check|read_or_stop|find_cookie|__init__|__missing__|__getitem__|get|__len__|__iter__|__contains__|__bool__|__repr__|fromkeys|copy|new_child|parents|__setitem__|__delitem__|popitem|pop|clear|__init__|__setitem__|__delitem__|__iter__|__reversed__|clear|popitem|keys|values|items|iterkeys|itervalues|iteritems|update|pop|setdefault|__repr__|__reduce__|copy|fromkeys|__eq__|__ne__|viewkeys|viewvalues|viewitems|__getitem__|get|__getitem__|pop|__getitem__|__init__|resolve|ext_convert|cfg_convert|convert|configure_custom|as_tuple|_recursive_repr|decorating_function|wrapper
_Cache|DistributionPath|Distribution|BaseInstalledDistribution|InstalledDistribution|EggInfoDistribution|DependencyGraph,E:\football_v\.venv\Lib\site-packages\pip\_vendor\distlib\database.py,make_graph|get_dependent_dists|get_required_dists|make_dist|__init__|clear|add|__init__|_get_cache_enabled|_set_cache_enabled|clear_cache|_yield_distributions|_generate_cache|distinfo_dirname|get_distributions|get_distribution|provides_distribution|get_file_path|get_exported_entries|__init__|source_url|name_and_version|provides|_get_requirements|run_requires|meta_requires|build_requires|test_requires|dev_requires|matches_requirement|__repr__|__eq__|__hash__|__init__|get_hash|__init__|__repr__|__str__|_get_records|exports|read_exports|write_exports|get_resource_path|list_installed_files|write_installed_files|check_installed_files|shared_locations|write_shared_locations|get_distinfo_resource|get_distinfo_file|list_distinfo_files|__eq__|__init__|_get_metadata|__repr__|__str__|check_installed_files|list_installed_files|list_distinfo_files|__eq__|__init__|add_distribution|add_edge|add_missing|_repr_dist|repr_node|to_dot|topological_sort|__repr__|set_name_and_version|parse_requires_data|parse_requires_path|_md5|_size
PackageIndex,E:\football_v\.venv\Lib\site-packages\pip\_vendor\distlib\index.py,__init__|_get_pypirc_command|read_configuration|save_configuration|check_credentials|register|_reader|get_sign_command|run_command|sign_file|upload_file|upload_documentation|get_verify_command|verify_signature|download_file|send_request|encode_request|search
RedirectHandler|Locator|PyPIRPCLocator|PyPIJSONLocator|Page|SimpleScrapingLocator|DirectoryLocator|JSONLocator|DistPathLocator|AggregatingLocator|DependencyFinder,E:\football_v\.venv\Lib\site-packages\pip\_vendor\distlib\locators.py,get_all_distribution_names|http_error_302|__init__|get_errors|clear_errors|clear_cache|_get_scheme|_set_scheme|_get_project|get_distribution_names|get_project|score_url|prefer_url|split_filename|convert_url_to_download_info|_get_digest|_update_version_data|locate|__init__|get_distribution_names|_get_project|__init__|get_distribution_names|_get_project|__init__|links|__init__|_prepare_threads|_wait_threads|_get_project|_is_platform_dependent|_process_download|_should_queue|_fetch|get_page|get_distribution_names|__init__|should_include|_get_project|get_distribution_names|get_distribution_names|_get_project|__init__|_get_project|__init__|clear_cache|_set_scheme|_get_project|get_distribution_names|__init__|add_distribution|remove_distribution|get_matcher|find_providers|try_to_replace|find|same_project|clean
Evaluator,E:\football_v\.venv\Lib\site-packages\pip\_vendor\distlib\markers.py,_is_version_marker|_is_literal|_get_versions|default_context|interpret|evaluate|format_full_version
MetadataMissingError|MetadataConflictError|MetadataUnrecognizedVersionError|MetadataInvalidError|LegacyMetadata|Metadata,E:\football_v\.venv\Lib\site-packages\pip\_vendor\distlib\metadata.py,_version2fieldlist|_best_version|_get_name_and_version|_has_marker|__init__|set_metadata_version|_write_field|__getitem__|__setitem__|__delitem__|__contains__|_convert_name|_default_value|_remove_line_prefix|__getattr__|get_fullname|is_field|is_multi_field|read|read_file|write|write_file|update|set|get|check|todict|add_requirements|keys|__iter__|values|items|__repr__|__init__|__getattribute__|_validate_value|__setattr__|name_and_version|provides|provides|get_requirements|dictionary|dependencies|dependencies|_validate_mapping|validate|todict|_from_legacy|_to_legacy|write|add_requirements|__repr__|_set|are_valid_constraints|process_entries
cached_property|FileOperator|ExportEntry|Cache|EventMixin|Sequencer|Progress|Transport|ServerProxy|CSVBase|CSVReader|CSVWriter|Configurator|SubprocessMixin|PyPIRCFile|HTTPSConnection|HTTPSHandler|HTTPSOnlyHandler|SafeTransport,E:\football_v\.venv\Lib\site-packages\pip\_vendor\distlib\util.py,parse_marker|parse_requirement|get_resources_dests|in_venv|get_executable|proceed|extract_by_key|read_exports|write_exports|tempdir|chdir|socket_timeout|convert_path|resolve|get_export_entry|get_cache_base|path_to_cache_dir|ensure_slash|parse_credentials|get_process_umask|is_string_sequence|split_filename|parse_name_and_version|get_extras|_get_external_data|get_project_data|get_package_data|unarchive|zip_dir|iglob|_iglob|_csv_open|normalize_name|_load_pypirc|_store_pypirc|get_host_platform|get_platform|marker_var|marker_expr|marker_and|marker|get_rel_path|read_stream|__init__|__get__|__init__|_init_record|record_as_written|newer|copy_file|copy_stream|write_binary_file|write_text_file|set_mode|ensure_dir|byte_compile|ensure_removed|is_writable|commit|rollback|__init__|value|__repr__|__eq__|__init__|prefix_to_dir|clear|__init__|add|remove|get_subscribers|publish|__init__|add_node|remove_node|add|remove|is_step|get_steps|strong_connections|dot|check_path|__init__|update|increment|start|stop|maximum|percentage|format_duration|ETA|speed|__init__|make_connection|__init__|__enter__|__exit__|__init__|__iter__|next|__init__|writerow|__init__|configure_custom|__getitem__|inc_convert|__init__|reader|run_command|__init__|read|update|strongconnect|extraction_filter|connect|__init__|_conn_maker|https_open|http_open|__init__|make_connection|convert|get_versions
UnsupportedVersionError|Version|Matcher|NormalizedVersion|NormalizedMatcher|LegacyVersion|LegacyMatcher|SemanticVersion|SemanticMatcher|VersionScheme,E:\football_v\.venv\Lib\site-packages\pip\_vendor\distlib\version.py,_pep_440_key|_match_prefix|_suggest_semantic_version|_suggest_normalized_version|_legacy_key|is_semver|_semantic_key|get_scheme|__init__|parse|_check_compatible|__eq__|__ne__|__lt__|__gt__|__le__|__ge__|__hash__|__repr__|__str__|is_prerelease|parse_requirement|__init__|match|exact_version|_check_compatible|__eq__|__ne__|__hash__|__repr__|__str__|parse|is_prerelease|_adjust_local|_match_lt|_match_gt|_match_le|_match_ge|_match_eq|_match_arbitrary|_match_ne|_match_compatible|get_parts|parse|is_prerelease|_match_compatible|make_tuple|parse|is_prerelease|__init__|is_valid_version|is_valid_matcher|is_valid_constraint_list|suggest
Mounter|Wheel|_Version,E:\football_v\.venv\Lib\site-packages\pip\_vendor\distlib\wheel.py,_get_suffixes|_load_dynamic|_get_glibc_version|compatible_tags|is_compatible|_derive_abi|__init__|add|remove|find_module|load_module|__init__|filename|exists|tags|metadata|get_wheel_metadata|info|process_shebang|get_hash|write_record|write_records|build_zip|build|skip_entry|install|_get_dylib_cache|_get_extensions|is_compatible|is_mountable|mount|unmount|verify|update|sorter|get_version|update_version|__init__|__str__
Codec|IncrementalEncoder|IncrementalDecoder|StreamWriter|StreamReader,E:\football_v\.venv\Lib\site-packages\pip\_vendor\idna\codec.py,search_function|encode|decode|_buffer_encode|_buffer_decode
InvalidMarker|UndefinedComparison|UndefinedEnvironmentName|Environment|Marker,E:\football_v\.venv\Lib\site-packages\pip\_vendor\packaging\markers.py,_normalize_extra_values|_format_marker|_eval_op|_normalize|_evaluate_markers|format_full_version|default_environment|_repair_python_full_version|__init__|__str__|__repr__|__hash__|__eq__|evaluate
InvalidMetadata|RawMetadata|_Validator|Metadata|ExceptionGroup,E:\football_v\.venv\Lib\site-packages\pip\_vendor\packaging\metadata.py,_parse_keywords|_parse_project_urls|_get_payload|parse_email|__init__|__init__|__set_name__|__get__|_invalid_metadata|_process_metadata_version|_process_name|_process_version|_process_summary|_process_description_content_type|_process_dynamic|_process_provides_extra|_process_requires_python|_process_requires_dist|_process_license_expression|_process_license_files|from_raw|from_email|__init__|__repr__
InvalidSpecifier|BaseSpecifier|Specifier|SpecifierSet,E:\football_v\.venv\Lib\site-packages\pip\_vendor\packaging\specifiers.py,_coerce_version|_version_split|_version_join|_is_not_suffix|_pad_version|__str__|__hash__|__eq__|prereleases|prereleases|contains|filter|__init__|prereleases|prereleases|operator|version|__repr__|__str__|_canonical_spec|__hash__|__eq__|_get_operator|_compare_compatible|_compare_equal|_compare_not_equal|_compare_less_than_equal|_compare_greater_than_equal|_compare_less_than|_compare_greater_than|_compare_arbitrary|__contains__|contains|filter|__init__|prereleases|prereleases|__repr__|__str__|__hash__|__and__|__eq__|__len__|__iter__|__contains__|contains|filter
InvalidLicenseExpression,E:\football_v\.venv\Lib\site-packages\pip\_vendor\packaging\licenses\__init__.py,canonicalize_license_expression
_LoaderProtocol|_ZipLoaderModule|PEP440Warning|ResolutionError|VersionConflict|ContextualVersionConflict|DistributionNotFound|UnknownExtra|IMetadataProvider|IResourceProvider|WorkingSet|_ReqExtras|Environment|ExtractionError|ResourceManager|NullProvider|EggProvider|DefaultProvider|EmptyProvider|ZipManifests|MemoizedZipManifests|ZipProvider|FileMetadata|PathMetadata|EggMetadata|NoDists|EntryPoint|Distribution|EggInfoDistribution|DistInfoDistribution|RequirementParseError|Requirement|PkgResourcesDeprecationWarning|manifest_mod,E:\football_v\.venv\Lib\site-packages\pip\_vendor\pkg_resources\__init__.py,_declare_state|__getstate__|__setstate__|_sget_dict|_sset_dict|_sget_object|_sset_object|get_supported_platform|register_loader_type|get_provider|get_provider|get_provider|_macos_vers|_macos_arch|get_build_platform|compatible_platforms|get_distribution|get_distribution|get_distribution|load_entry_point|get_entry_map|get_entry_map|get_entry_map|get_entry_info|get_default_cache|safe_name|safe_version|_forgiving_version|_safe_segment|safe_extra|to_filename|invalid_marker|evaluate_marker|_parents|register_finder|find_distributions|find_eggs_in_zip|find_nothing|find_on_path|dist_factory|safe_listdir|distributions_from_metadata|non_empty_lines|resolve_egg_link|register_namespace_handler|_handle_ns|_rebuild_mod_path|declare_namespace|fixup_namespace_packages|file_ns_handler|null_ns_handler|normalize_path|normalize_path|normalize_path|_cygwin_patch|_is_egg_path|_is_zip_egg|_is_unpacked_egg|_set_parent_ns|_version_from_file|issue_warning|parse_requirements|_always_object|_find_adapter|ensure_directory|_bypass_ensure_directory|split_sections|_mkstemp|_read_utf8_with_fallback|_call_aside|_initialize|_initialize_master_working_set|load_module|__repr__|dist|req|report|with_context|required_by|req|requirers|requirers_str|report|__str__|has_metadata|get_metadata|get_metadata_lines|metadata_isdir|metadata_listdir|run_script|get_resource_filename|get_resource_stream|get_resource_string|has_resource|resource_isdir|resource_listdir|__init__|_build_master|_build_from_requirements|add_entry|__contains__|find|iter_entry_points|run_script|__iter__|add|resolve|resolve|resolve|resolve|_resolve_dist|find_plugins|find_plugins|find_plugins|find_plugins|require|subscribe|_added_new|__getstate__|__setstate__|markers_pass|__init__|can_add|remove|scan|__getitem__|add|best_match|best_match|best_match|obtain|obtain|obtain|obtain|__iter__|__iadd__|__add__|__init__|resource_exists|resource_isdir|resource_filename|resource_stream|resource_string|resource_listdir|extraction_error|get_cache_path|_warn_unsafe_extraction_path|postprocess|set_extraction_path|cleanup_resources|__init__|get_resource_filename|get_resource_stream|get_resource_string|has_resource|_get_metadata_path|has_metadata|get_metadata|get_metadata_lines|resource_isdir|metadata_isdir|resource_listdir|metadata_listdir|run_script|_has|_isdir|_listdir|_fn|_validate_resource_path|_get|__init__|_setup_prefix|_set_egg|_has|_isdir|_listdir|get_resource_stream|_get|_register|_get|_listdir|__init__|build|load|__init__|_zipinfo_name|_parts|zipinfo|get_resource_filename|_get_date_and_size|_extract_resource|_is_current|_get_eager_resources|_index|_has|_isdir|_listdir|_eager_to_zip|_resource_to_zip|__init__|_get_metadata_path|has_metadata|get_metadata|_warn_on_replacement|get_metadata_lines|__init__|__init__|__bool__|__call__|safe_sys_path_index|position_in_sys_path|_normalize_cached|_normalize_cached|_normalize_cached|_normalize_cached|__init__|__str__|__repr__|load|load|load|resolve|require|parse|_parse_extras|parse_group|parse_map|is_version_line|__init__|from_location|_reload_version|hashcmp|__hash__|__lt__|__le__|__gt__|__ge__|__eq__|__ne__|key|parsed_version|_forgiving_parsed_version|version|_dep_map|_filter_extras|_build_dep_map|requires|_get_metadata_path_for_display|_get_metadata|_get_version|activate|egg_name|__repr__|__str__|__getattr__|__dir__|from_filename|as_requirement|load_entry_point|get_entry_map|get_entry_map|get_entry_map|get_entry_info|insert_on|check_version_conflict|has_version|clone|extras|_reload_version|_parsed_pkg_info|_dep_map|_compute_dependencies|__init__|__eq__|__ne__|__contains__|__hash__|__repr__|parse|reqs_for_extra
HelpFormatter,E:\football_v\.venv\Lib\site-packages\pip\_vendor\pygments\cmdline.py,_parse_options|_parse_filters|_print_help|_print_list|_print_list_as_json|main_inner|main|is_only_option|__init__
,E:\football_v\.venv\Lib\site-packages\pip\_vendor\pygments\regexopt.py,make_charset|regex_opt_inner|regex_opt
PygmentsDoc,E:\football_v\.venv\Lib\site-packages\pip\_vendor\pygments\sphinxext.py,setup|run|document_lexers_overview|document_lexers|document_formatters|document_filters|format_link|write_row|write_seperator
PilNotAvailable|FontNotFound|FontManager|ImageFormatter|GifImageFormatter|JpgImageFormatter|BmpImageFormatter,E:\football_v\.venv\Lib\site-packages\pip\_vendor\pygments\formatters\img.py,__init__|_get_nix_font_path|_create_nix|_get_mac_font_path|_create_mac|_lookup_win|_create_win|get_char_size|get_text_size|get_font|get_style|__init__|get_style_defs|_get_line_height|_get_line_y|_get_char_width|_get_char_x|_get_text_pos|_get_linenumber_pos|_get_text_color|_get_text_bg_color|_get_style_font|_get_image_size|_draw_linenumber|_draw_text|_create_drawables|_draw_line_numbers|_paint_line_number_bg|format
LatexFormatter|LatexEmbeddedLexer,E:\football_v\.venv\Lib\site-packages\pip\_vendor\pygments\formatters\latex.py,escape_tex|_get_ttype_name|__init__|_create_stylesheet|get_style_defs|format_unencoded|__init__|get_tokens_unprocessed|_find_safe_escape_tokens|_filter_to|_find_escape_tokens|rgbcolor
_automodule,E:\football_v\.venv\Lib\site-packages\pip\_vendor\pygments\formatters\__init__.py,_fn_matches|_load_formatters|get_all_formatters|find_formatter_class|get_formatter_by_name|load_formatter_from_file|get_formatter_for_filename|__getattr__
PythonLexer|Python2Lexer|_PythonConsoleLexerBase|PythonConsoleLexer|PythonTracebackLexer|Python2TracebackLexer|CythonLexer|DgLexer|NumPyLexer|_ReplaceInnerCode,E:\football_v\.venv\Lib\site-packages\pip\_vendor\pygments\lexers\python.py,innerstring_rules|fstring_rules|analyse_text|innerstring_rules|analyse_text|__init__|get_tokens_unprocessed|analyse_text|__init__
_automodule,E:\football_v\.venv\Lib\site-packages\pip\_vendor\pygments\lexers\__init__.py,_fn_matches|_load_lexers|get_all_lexers|find_lexer_class|find_lexer_class_by_name|get_lexer_by_name|load_lexer_from_file|find_lexer_class_for_filename|get_lexer_for_filename|get_lexer_for_mimetype|_iter_lexerclasses|guess_lexer_for_filename|guess_lexer|get_rating|type_sort|__getattr__
BackendUnavailable|HookMissing|UnsupportedOperation|BuildBackendHookCaller|SubprocessRunner,E:\football_v\.venv\Lib\site-packages\pip\_vendor\pyproject_hooks\_impl.py,write_json|read_json|default_subprocess_runner|quiet_subprocess_runner|norm_and_check|__init__|__init__|__init__|__init__|subprocess_runner|_supported_features|get_requires_for_build_wheel|prepare_metadata_for_build_wheel|build_wheel|get_requires_for_build_editable|prepare_metadata_for_build_editable|build_editable|get_requires_for_build_sdist|build_sdist|_call_hook|__call__
BaseAdapter|HTTPAdapter,E:\football_v\.venv\Lib\site-packages\pip\_vendor\requests\adapters.py,_urllib3_request_context|__init__|send|close|__init__|__getstate__|__setstate__|init_poolmanager|proxy_manager_for|cert_verify|build_response|build_connection_pool_key_attributes|get_connection_with_tls_context|get_connection|close|request_url|add_headers|proxy_headers|send|SOCKSProxyManager
,E:\football_v\.venv\Lib\site-packages\pip\_vendor\requests\help.py,_implementation|info|main
RequestEncodingMixin|RequestHooksMixin|Request|PreparedRequest|Response,E:\football_v\.venv\Lib\site-packages\pip\_vendor\requests\models.py,path_url|_encode_params|_encode_files|register_hook|deregister_hook|__init__|__repr__|prepare|__init__|prepare|__repr__|copy|prepare_method|_get_idna_encoded_host|prepare_url|prepare_headers|prepare_body|prepare_content_length|prepare_auth|prepare_cookies|prepare_hooks|__init__|__enter__|__exit__|__getstate__|__setstate__|__repr__|__bool__|__nonzero__|__iter__|ok|is_redirect|is_permanent_redirect|next|apparent_encoding|iter_content|iter_lines|content|text|json|links|raise_for_status|close|generate
,E:\football_v\.venv\Lib\site-packages\pip\_vendor\requests\utils.py,dict_to_sequence|super_len|get_netrc_auth|guess_filename|extract_zipped_paths|atomic_open|from_key_val_list|to_key_val_list|parse_list_header|parse_dict_header|unquote_header_value|dict_from_cookiejar|add_dict_to_cookiejar|get_encodings_from_content|_parse_content_type_header|get_encoding_from_headers|stream_decode_response_unicode|iter_slices|get_unicode_from_response|unquote_unreserved|requote_uri|address_in_network|dotted_netmask|is_ipv4_address|is_valid_cidr|set_environ|should_bypass_proxies|get_environ_proxies|select_proxy|resolve_proxies|default_user_agent|default_headers|parse_header_links|guess_json_utf|prepend_scheme_if_needed|get_auth_from_url|check_header_validity|_validate_header_part|urldefragauth|rewind_body|proxy_bypass_registry|proxy_bypass|get_proxy
AbstractProvider|AbstractResolver,E:\football_v\.venv\Lib\site-packages\pip\_vendor\resolvelib\providers.py,identify|get_preference|find_matches|is_satisfied_by|get_dependencies|__init__|resolve
BaseReporter,E:\football_v\.venv\Lib\site-packages\pip\_vendor\resolvelib\reporters.py,starting|starting_round|ending_round|ending|adding_requirement|resolving_conflicts|rejecting_candidate|pinning
ResolverException|RequirementsConflicted|InconsistentCandidate|Criterion|ResolutionError|ResolutionImpossible|ResolutionTooDeep|Resolution|Resolver,E:\football_v\.venv\Lib\site-packages\pip\_vendor\resolvelib\resolvers.py,_has_route_to_root|_build_result|__init__|__str__|__init__|__str__|__init__|__repr__|iter_requirement|iter_parent|__init__|__init__|__init__|state|_push_new_state|_add_to_criteria|_remove_information_from_criteria|_get_preference|_is_current_pin_satisfying|_get_updated_criteria|_attempt_to_pin_criterion|_backjump|resolve|resolve|_patch_criteria
NoChange|ConsoleDimensions|ConsoleOptions|RichCast|ConsoleRenderable|CaptureError|NewLine|ScreenUpdate|Capture|ThemeContext|PagerContext|ScreenContext|Group|ConsoleThreadLocals|RenderHook|Console,E:\football_v\.venv\Lib\site-packages\pip\_vendor\rich\console.py,group|_is_jupyter|get_windows_console_features|detect_legacy_windows|_svg_hash|ascii_only|copy|update|update_width|update_height|reset_height|update_dimensions|__rich__|__rich_console__|__init__|__rich_console__|__init__|__rich_console__|__init__|__enter__|__exit__|get|__init__|__enter__|__exit__|__init__|__enter__|__exit__|__init__|update|__enter__|__exit__|__init__|renderables|__rich_measure__|__rich_console__|decorator|process_renderables|__init__|__repr__|file|file|_buffer|_buffer_index|_buffer_index|_theme_stack|_detect_color_system|_enter_buffer|_exit_buffer|set_live|clear_live|push_render_hook|pop_render_hook|__enter__|__exit__|begin_capture|end_capture|push_theme|pop_theme|use_theme|color_system|encoding|is_terminal|is_dumb_terminal|options|size|size|width|width|height|height|bell|capture|pager|line|clear|status|show_cursor|set_alt_screen|is_alt_screen|set_window_title|screen|measure|render|render_lines|render_str|get_style|_collect_renderables|rule|control|out|print|print_json|update_screen|update_screen_lines|print_exception|_caller_frame_info|log|on_broken_pipe|_check_buffer|_write_buffer|_render_buffer|input|export_text|save_text|export_html|save_html|export_svg|save_svg|_replace|check_text|get_svg_style|escape_text|make_tag|align_append|stringify
Control,E:\football_v\.venv\Lib\site-packages\pip\_vendor\rich\control.py,strip_control_codes|escape_control_codes|__init__|bell|home|move|move_to_column|move_to|clear|show_cursor|alt_screen|title|__str__|__rich_console__|get_codes
_RefreshThread|Live,E:\football_v\.venv\Lib\site-packages\pip\_vendor\rich\live.py,__init__|stop|run|__init__|is_started|get_renderable|start|stop|__enter__|__exit__|_enable_redirect_io|_disable_redirect_io|renderable|update|refresh|process_renderables
DEPRECATED_DEFAULT|TOMLDecodeError|Flags|NestedDict|Output,E:\football_v\.venv\Lib\site-packages\pip\_vendor\tomli\_parser.py,load|loads|skip_chars|skip_until|skip_comment|skip_comments_and_array_ws|create_dict_rule|create_list_rule|key_value_rule|parse_key_value_pair|parse_key|parse_key_part|parse_one_line_basic_str|parse_array|parse_inline_table|parse_basic_str_escape|parse_basic_str_escape_multiline|parse_hex_char|parse_literal_str|parse_multiline_str|parse_basic_str|parse_value|is_unicode_scalar_value|make_safe_parse_float|__init__|__init__|add_pending|finalize_pending|unset_all|set|is_|__init__|get_or_create_nest|append_nest_to_list|safe_parse_float
,E:\football_v\.venv\Lib\site-packages\pip\_vendor\tomli\_re.py,match_to_datetime|cached_tz|match_to_localtime|match_to_number
CFConst,E:\football_v\.venv\Lib\site-packages\pip\_vendor\truststore\_macos.py,_load_cdll|_handle_osstatus|_bytes_to_cf_data_ref|_bytes_to_cf_string|_cf_string_ref_to_str|_der_certs_to_cf_cert_array|_configure_context|_verify_peercerts_impl|_verify_peercerts_impl_macos_10_13|_verify_peercerts_impl_macos_10_14
CERT_CONTEXT|CERT_ENHKEY_USAGE|CERT_USAGE_MATCH|CERT_CHAIN_PARA|CERT_TRUST_STATUS|CERT_CHAIN_ELEMENT|CERT_SIMPLE_CHAIN|CERT_CHAIN_CONTEXT|SSL_EXTRA_CERT_CHAIN_POLICY_PARA|CERT_CHAIN_POLICY_PARA|CERT_CHAIN_POLICY_STATUS|CERT_CHAIN_ENGINE_CONFIG,E:\football_v\.venv\Lib\site-packages\pip\_vendor\truststore\_windows.py,_handle_win_error|_verify_peercerts_impl|_get_and_verify_cert_chain|_verify_using_custom_ca_certs|_configure_context
ConnectionPool|HTTPConnectionPool|HTTPSConnectionPool,E:\football_v\.venv\Lib\site-packages\pip\_vendor\urllib3\connectionpool.py,connection_from_url|_normalize_host|_close_pool_connections|__init__|__str__|__enter__|__exit__|close|__init__|_new_conn|_get_conn|_put_conn|_validate_conn|_prepare_proxy|_get_timeout|_raise_timeout|_make_request|_absolute_url|close|is_same_host|urlopen|__init__|_prepare_conn|_prepare_proxy|_new_conn|_validate_conn|_is_ssl_error_message_from_http_proxy
DeflateDecoder|GzipDecoderState|GzipDecoder|MultiDecoder|HTTPResponse|BrotliDecoder,E:\football_v\.venv\Lib\site-packages\pip\_vendor\urllib3\response.py,_get_decoder|__init__|__getattr__|decompress|__init__|__getattr__|decompress|__init__|flush|decompress|__init__|get_redirect_location|release_conn|drain_conn|data|connection|isclosed|tell|_init_length|_init_decoder|_decode|_flush_decoder|_error_catcher|_fp_read|read|stream|from_httplib|getheaders|getheader|info|close|closed|fileno|flush|readable|readinto|supports_chunked_reads|_update_chunk_length|_handle_chunk|read_chunked|geturl|__iter__|__init__|flush
WrappedSocket|SecureTransportContext,E:\football_v\.venv\Lib\site-packages\pip\_vendor\urllib3\contrib\securetransport.py,inject_into_urllib3|extract_from_urllib3|_read_callback|_write_callback|__init__|_raise_on_error|_set_ciphers|_set_alpn_protocols|_custom_validate|_evaluate_trust|handshake|fileno|_decref_socketios|recv|recv_into|settimeout|gettimeout|send|sendall|shutdown|close|getpeercert|version|_reuse|_drop|makefile|makefile|__init__|check_hostname|check_hostname|options|options|verify_mode|verify_mode|set_default_verify_paths|load_default_certs|set_ciphers|load_verify_locations|load_cert_chain|set_alpn_protocols|wrap_socket
,E:\football_v\.venv\Lib\site-packages\pip\_vendor\urllib3\contrib\_securetransport\low_level.py,_cf_data_from_bytes|_cf_dictionary_from_tuples|_cfstr|_create_cfstring_array|_cf_string_to_unicode|_assert_no_error|_cert_array_from_pem|_is_cert|_is_identity|_temporary_keychain|_load_items_from_file|_load_client_cert_chain|_build_tls_unknown_ca_alert
_LazyDescr|MovedModule|_LazyModule|MovedAttribute|_SixMetaPathImporter|_MovedItems|Module_six_moves_urllib_parse|Module_six_moves_urllib_error|Module_six_moves_urllib_request|Module_six_moves_urllib_response|Module_six_moves_urllib_robotparser|Module_six_moves_urllib|Iterator|metaclass|X,E:\football_v\.venv\Lib\site-packages\pip\_vendor\urllib3\packages\six.py,_add_doc|_import_module|add_move|remove_move|assertCountEqual|assertRaisesRegex|assertRegex|assertNotRegex|with_metaclass|add_metaclass|ensure_binary|ensure_str|ensure_text|python_2_unicode_compatible|__init__|__get__|__init__|_resolve|__getattr__|__init__|__dir__|__init__|_resolve|__init__|_add_module|_get_module|find_module|find_spec|__get_module|load_module|is_package|get_code|create_module|exec_module|__dir__|get_unbound_function|create_unbound_method|get_unbound_function|create_bound_method|create_unbound_method|iterkeys|itervalues|iteritems|iterlists|iterkeys|itervalues|iteritems|iterlists|b|u|b|u|byte2int|indexbytes|reraise|exec_|raise_from|print_|print_|_update_wrapper|wraps|wrapper|advance_iterator|callable|next|write|__new__|__prepare__|__len__
weakref_finalize|_Info,E:\football_v\.venv\Lib\site-packages\pip\_vendor\urllib3\packages\backports\weakref_finalize.py,__init__|__call__|detach|peek|alive|atexit|atexit|__repr__|_select_for_exit|_exitfunc
NoWayToWaitForSocketError,E:\football_v\.venv\Lib\site-packages\pip\_vendor\urllib3\util\wait.py,select_wait_for_socket|poll_wait_for_socket|null_wait_for_socket|_have_working_poll|wait_for_socket|wait_for_read|wait_for_write|_retry_on_intr|_retry_on_intr|do_poll
,E:\football_v\00_System_OS\01_DATA_LAYER\scripts\test_scheduler_reliability.py,run_test
,E:\football_v\00_System_OS\FINAL_RELEASE_GATE\final_release_gate_V1.0.py,
,E:\football_v\00_System_OS\integration_test\test_api_pipeline.py,
,E:\football_v\00_System_OS\integration_test\test_dashboard.py,
,E:\football_v\00_SYSTEM_TOOLS\deploy_scripts\deploy_phase3_2_memory_bridge.py,write_file|main
,E:\football_v\00_SYSTEM_TOOLS\deploy_scripts\deploy_v15_phase1.py,create
,E:\football_v\00_SYSTEM_TOOLS\deploy_scripts\deploy_v15_phase1_patch.py,
,E:\football_v\00_SYSTEM_TOOLS\deploy_scripts\deploy_v15_phase2.py,deploy
,E:\football_v\00_SYSTEM_TOOLS\Module_Deployment_Tool\modules\deploy_ai_autonomous_engine_HIL_V1.2.py,create_folder|create_file|create_json|deploy
,E:\football_v\00_SYSTEM_TOOLS\Module_Deployment_Tool\modules\deploy_ai_autonomous_engine_HIL_V1.3_V1.4.py,create_folder|create_file|create_json|deploy_start|create_auto_upgrade_manager|create_optimization_history|create_rollback_manager|create_release_validator|create_evolution_memory|create_upgrade_history_repository|create_model_change_tracker|create_knowledge_snapshot|create_upgrade_config|create_autonomous_test|create_checkpoint|deploy
,E:\football_v\00_SYSTEM_TOOLS\Module_Deployment_Tool\modules\deploy_ai_autonomous_engine_HIL_V1.5_V1.6.py,create_folder|create_file|create_json|deploy_start|create_adaptive_parameter_learning|create_parameter_effect_analyzer|create_dynamic_weight_adjuster|create_learning_cycle_manager|create_evolution_controller|create_upgrade_policy_manager|create_risk_gate|create_human_dashboard_api|create_evolution_upgrade_config|create_evolution_full_test|create_v16_checkpoint|deploy
,E:\football_v\00_SYSTEM_TOOLS\Module_Deployment_Tool\modules\deploy_ai_autonomous_engine_HIL_V1.7_V1.8.py,create_folder|create_file|create_json|deploy_start|create_multi_cycle_learning_engine|create_weekly_evolution_analyzer|create_monthly_performance_analyzer|create_learning_effect_tracker|create_evolution_intelligence_engine|create_strategy_evolution_manager|create_knowledge_graph_builder|create_evolution_report_generator|create_evolution_intelligence_config|create_v18_full_test|create_v18_checkpoint|deploy
,E:\football_v\00_SYSTEM_TOOLS\Module_Deployment_Tool\modules\deploy_ai_autonomous_engine_HIL_V1.9_V2.0.py,create_evolution_governance_manager|create_model_evolution_audit|create_change_approval_center|create_evolution_compliance_checker|create_ai_evolution_supervisor|create_system_evolution_dashboard|create_evolution_strategy_optimizer|create_evolution_supervisor_config|create_v20_full_test|create_evolution_supervisor_report|create_v20_checkpoint|deploy
,E:\football_v\00_SYSTEM_TOOLS\Module_Deployment_Tool\modules\deploy_ai_autonomous_engine_HIL_V2.1_V2.2_BATCH.py,create_folder|create_file|create_json|deploy_start|create_v21_modules|create_v22_modules|create_v21_v22_config|create_batch_test|create_report|create_checkpoint|deploy
,E:\football_v\00_SYSTEM_TOOLS\Module_Deployment_Tool\modules\deploy_ai_autonomous_engine_HIL_V2.3_V2.4_BATCH.py,create_folder|create_file|create_json|deploy_start|create_v23_modules|create_v24_modules|create_config|create_report|create_checkpoint|create_test|deploy
,E:\football_v\00_SYSTEM_TOOLS\Module_Deployment_Tool\modules\deploy_ai_autonomous_engine_HIL_V2.5_V2.6_BATCH.py,create_folder|create_file|create_json|deploy_start|create_v25_modules|create_v26_modules|create_config|create_report|create_checkpoint|create_test|deploy
,E:\football_v\00_SYSTEM_TOOLS\Module_Deployment_Tool\modules\deploy_ai_autonomous_engine_HIL_V2.7_V2.8_BATCH.py,ensure_dir|write_file|write_json|deploy_start|deploy_v27|deploy_v28|deploy_human_approval_gate|create_configs|create_test_file|create_checkpoint|create_report|run_test|show_tree|deploy
,E:\football_v\00_SYSTEM_TOOLS\Module_Deployment_Tool\modules\deploy_ai_autonomous_engine_HIL_V2.9_V3.0_BATCH.py,ensure_dir|write_file|write_json|self_validation|deploy_start|deploy_v29|deploy_v30|create_configs|create_test|compile_check|create_checkpoint|create_report|run_test|show_tree|human_gate|deploy
,E:\football_v\00_SYSTEM_TOOLS\Module_Deployment_Tool\modules\deploy_ai_intelligence_layer_core_V1.0.py,
,E:\football_v\00_SYSTEM_TOOLS\Module_Deployment_Tool\modules\deploy_ai_intelligence_layer_test_V1.0.py,add_test
,E:\football_v\00_SYSTEM_TOOLS\Module_Deployment_Tool\modules\deploy_ai_orchestration_layer_batch_V1.0.py,
,E:\football_v\00_SYSTEM_TOOLS\Module_Deployment_Tool\modules\deploy_ai_orchestration_layer_V1.0_V1.3.py,create_dir|write_file|write_json|deploy
,E:\football_v\00_SYSTEM_TOOLS\Module_Deployment_Tool\modules\deploy_backtest_system_V1.0_V1.3.py,create_dir|write_file|write_json|deploy
,E:\football_v\00_SYSTEM_TOOLS\Module_Deployment_Tool\modules\deploy_decision_engine_V1.0_V1.3.py,create_dir|write_file|write_json|deploy
,E:\football_v\00_SYSTEM_TOOLS\Module_Deployment_Tool\modules\deploy_feature_store_V2.7_V3.0.py,create_dir|write_file|write_json|deploy
,E:\football_v\00_SYSTEM_TOOLS\Module_Deployment_Tool\modules\deploy_model_layer_V1.0_V1.3.py,create_dir|write_file|write_json|deploy
,E:\football_v\00_SYSTEM_TOOLS\Module_Deployment_Tool\modules\deploy_prediction_engine_batch_test_V1.0.py,add|load
,E:\football_v\00_SYSTEM_TOOLS\Module_Deployment_Tool\modules\deploy_prediction_engine_batch_V1.0.py,
,E:\football_v\00_SYSTEM_TOOLS\Module_Deployment_Tool\modules\deploy_prediction_engine_V1.0_V1.3.py,create_dir|write_file|write_json|deploy
,E:\football_v\00_SYSTEM_TOOLS\Module_Deployment_Tool\modules\deploy_prediction_intelligence_engine_V1.0.py,
,E:\football_v\00_SYSTEM_TOOLS\Module_Deployment_Tool\modules\deploy_prediction_intelligence_test_V1.0.py,add_test|load_module
,E:\football_v\01_Data_Source\acceptance\acceptance_check.py,check_files|generate_report
FusionEngineV23,E:\football_v\03_MODEL_LAYER\fusion_engine\fusion_engine_V2.3.py,predict
ModelFeedbackCollector,E:\football_v\04_Data_Processing_AI\feature_store\model_feedback_collector.py,collect
PredictionErrorAnalyzer,E:\football_v\04_Data_Processing_AI\feature_store\prediction_error_analyzer.py,analyze
,E:\football_v\04_Data_Processing_AI\feature_store\tests\feature_store_v3.0_full_test.py,
DecisionManager,E:\football_v\05_AI_Intelligence_Layer\FUSION_DECISION_ENGINE\decision_manager.py,decide
BaseAdapter,E:\football_v\05_AI_Intelligence_Layer\MODEL_ADAPTER_FRAMEWORK\adapter_base.py,train|predict|evaluate
Evaluator,E:\football_v\05_AI_Intelligence_Layer\MODEL_EVALUATION_ENGINE\evaluator.py,evaluate
BaseModelInterface,E:\football_v\05_MODEL_AI\MODEL_LAYER\model_interface.py,train|predict|evaluate|save|load
BacktestEngine,E:\football_v\05_MODEL_AI\MODEL_LAYER\backtest\backtest_engine.py,run
PredictionTracker,E:\football_v\05_MODEL_AI\MODEL_LAYER\backtest\prediction_tracker.py,record
FusionEngine,E:\football_v\05_MODEL_AI\MODEL_LAYER\fusion\fusion_engine.py,__init__|fuse
DixonColesModel,E:\football_v\05_MODEL_AI\MODEL_LAYER\models\dixon_coles_model.py,__init__|train|predict
EloModel,E:\football_v\05_MODEL_AI\MODEL_LAYER\models\elo_model.py,__init__|train|predict
PoissonModel,E:\football_v\05_MODEL_AI\MODEL_LAYER\models\poisson_model.py,__init__|train|predict
XGBoostModel,E:\football_v\05_MODEL_AI\MODEL_LAYER\models\xgboost_model.py,__init__|train|predict
,E:\football_v\05_MODEL_AI\MODEL_LAYER\tests\model_layer_v1.3_full_test.py,
PredictionInterface,E:\football_v\06_PREDICTION_ENGINE\prediction_interface.py,predict|generate_report
PredictionRegistry,E:\football_v\06_PREDICTION_ENGINE\prediction_registry.py,__init__|register|get|list
PredictionRuntime,E:\football_v\06_PREDICTION_ENGINE\prediction_runtime.py,__init__|start|stop|health_check
PredictionService,E:\football_v\06_PREDICTION_ENGINE\prediction_service.py,__init__|predict|status
ProbabilityEngine,E:\football_v\06_PREDICTION_ENGINE\probability_engine.py,__init__|calculate|compare_market
ScorePredictionEngine,E:\football_v\06_PREDICTION_ENGINE\score_prediction_engine.py,__init__|predict
,E:\football_v\06_PREDICTION_ENGINE\tests\prediction_engine_v1.3_full_test.py,
PredictionAPI,E:\football_v\06_PREDICTION_INTELLIGENCE_ENGINE\prediction_api\api_service.py,request
RegularTimePrediction,E:\football_v\06_PREDICTION_INTELLIGENCE_ENGINE\regular_time_prediction\prediction_engine.py,predict
ScorePredictor,E:\football_v\06_PREDICTION_INTELLIGENCE_ENGINE\score_prediction\score_predictor.py,predict
DecisionService,E:\football_v\07_AI_ORCHESTRATION_LAYER\decision_interface\decision_service.py,decide
AccuracyEvaluator,E:\football_v\07_BACKTEST_AI\accuracy_evaluator.py,calculate
BacktestEngine,E:\football_v\07_BACKTEST_AI\backtest_engine.py,evaluate|run
ModelFeedback,E:\football_v\07_BACKTEST_AI\model_feedback.py,analyze_error|generate_feedback
PredictionResultLoader,E:\football_v\07_BACKTEST_AI\prediction_result_loader.py,load
ProbabilityEvaluator,E:\football_v\07_BACKTEST_AI\probability_evaluator.py,evaluate|calibration_score
,E:\football_v\07_BACKTEST_AI\tests\backtest_system_v1.3_full_test.py,
BacktestEngine,E:\football_v\07_BACKTEST_SYSTEM\backtest_engine\backtest_engine.py,run
ModelAccuracy,E:\football_v\07_BACKTEST_SYSTEM\model_evaluation\model_accuracy.py,calculate
BetSelectionEngine,E:\football_v\08_DECISION_ENGINE\bet_selection_engine.py,__init__|select
DecisionEngine,E:\football_v\08_DECISION_ENGINE\decision_engine.py,__init__|decide|health
DecisionInterface,E:\football_v\08_DECISION_ENGINE\decision_interface.py,decide|report
DecisionRegistry,E:\football_v\08_DECISION_ENGINE\decision_registry.py,__init__|register|get|list
DecisionRuntime,E:\football_v\08_DECISION_ENGINE\decision_runtime.py,__init__|start|stop|health_check
FinalDecisionReport,E:\football_v\08_DECISION_ENGINE\final_decision_report.py,generate|summary
,E:\football_v\08_DECISION_ENGINE\tests\decision_engine_v1.3_full_test.py,
DecisionEngine,E:\football_v\08_DECISION_INTELLIGENCE_LAYER\decision_core\decision_engine.py,decide
RecommendationEngine,E:\football_v\08_DECISION_INTELLIGENCE_LAYER\recommendation_engine\recommendation.py,generate
DecisionReport,E:\football_v\08_DECISION_INTELLIGENCE_LAYER\report_generator\decision_report.py,generate
DecisionEngineV24,E:\football_v\08_DECISION_LAYER\engine\decision_engine_V2.4.py,evaluate
DecisionMonitor,E:\football_v\08_DECISION_LAYER\monitor\decision_monitor.py,check
DecisionService,E:\football_v\08_DECISION_LAYER\service\decision_service.py,run
AutoReportGenerator,E:\football_v\09_AI_ORCHESTRATION_LAYER\auto_report_generator.py,__init__|create_match_report|create_model_report|create_roi_report|export|summary
DecisionAPI,E:\football_v\09_APPLICATION_LAYER\api\decision_api.py,decision
PredictionAPI,E:\football_v\09_APPLICATION_LAYER\api\prediction_api.py,predict
PredictionHistory,E:\football_v\09_Prediction_System\prediction_history.py,__init__|save
PredictionMonitor,E:\football_v\09_Prediction_System\prediction_monitor.py,check
PredictionPipeline,E:\football_v\09_Prediction_System\prediction_pipeline.py,run
PredictionReportGenerator,E:\football_v\09_Prediction_System\prediction_report_generator.py,generate
PredictionServiceAdapter,E:\football_v\09_Prediction_System\prediction_service_adapter.py,execute
ScoreAdapter,E:\football_v\09_Prediction_System\score_adapter.py,calculate
,E:\football_v\09_Prediction_System\tests\test_prediction_system.py,test_prediction
,E:\football_v\100_FINAL_MATCH_DECISION_SYSTEM\module.py,
,E:\football_v\105_HANDICAP_VALUE_DECISION_ENGINE\module.py,
DecisionLogger,E:\football_v\10_AI_AUTONOMOUS_ENGINE\decision_logger.py,log
DecisionQualityAnalyzer,E:\football_v\10_AI_AUTONOMOUS_ENGINE\decision_quality_analyzer.py,analyze
ErrorAnalysisEngine,E:\football_v\10_AI_AUTONOMOUS_ENGINE\error_analysis_engine.py,analyze|calculate_error|generate_report
EvolutionDecisionBrain,E:\football_v\10_AI_AUTONOMOUS_ENGINE\evolution_decision_brain.py,decide
FailurePredictionEngine,E:\football_v\10_AI_AUTONOMOUS_ENGINE\failure_prediction_engine.py,predict
FutureRiskSimulator,E:\football_v\10_AI_AUTONOMOUS_ENGINE\future_risk_simulator.py,predict
HumanApprovalManager,E:\football_v\10_AI_AUTONOMOUS_ENGINE\human_approval_manager.py,create_request|approve|reject
OptimizationHistory,E:\football_v\10_AI_AUTONOMOUS_ENGINE\optimization_history.py,__init__|add_record|get_history
OptimizationResultPredictor,E:\football_v\10_AI_AUTONOMOUS_ENGINE\optimization_result_predictor.py,predict
PredictionExplanationEngine,E:\football_v\10_AI_AUTONOMOUS_ENGINE\prediction_explanation_engine.py,explain
UpgradeDecisionEngine,E:\football_v\10_AI_AUTONOMOUS_ENGINE\upgrade_decision_engine.py,decide
,E:\football_v\10_AI_AUTONOMOUS_ENGINE\tests\autonomous_engine_v2_2_batch_full_test.py,
,E:\football_v\10_AI_AUTONOMOUS_ENGINE\tests\autonomous_engine_v2_4_batch_full_test.py,
,E:\football_v\10_AI_AUTONOMOUS_ENGINE\tests\autonomous_engine_v2_6_batch_full_test.py,
,E:\football_v\10_AI_AUTONOMOUS_ENGINE\tests\autonomous_engine_v2_8_batch_full_test.py,
,E:\football_v\10_AI_AUTONOMOUS_ENGINE\tests\autonomous_engine_v3_0_batch_full_test.py,
,E:\football_v\10_AI_AUTONOMOUS_ENGINE\tests\human_approval_v1_2_full_test.py,check
,E:\football_v\10_INTEGRATION_LAYER\test\full_pipeline_test.py,
,E:\football_v\110_FINAL_MARKET_DECISION_ENGINE\module.py,
,E:\football_v\116_REAL_MATCH_PIPELINE\module.py,
,E:\football_v\117_FEATURE_AUTO_GENERATOR\module.py,
,E:\football_v\118_MODEL_INFERENCE_SERVICE\module.py,
,E:\football_v\119_PREDICTION_OUTPUT_SERVICE\module.py,
DecisionRouter,E:\football_v\11_AI_ORCHESTRATION_LAYER\decision_router\decision_router.py,route
AgentFusionEngine,E:\football_v\11_System_Intelligence\agent_fusion_engine.py,fuse
AIPredictionOS,E:\football_v\11_System_Intelligence\ai_prediction_os.py,run
DecisionAPI,E:\football_v\11_System_Intelligence\decision_api.py,execute
DecisionContext,E:\football_v\11_System_Intelligence\decision_context.py,__init__|update|get
DecisionFusion,E:\football_v\11_System_Intelligence\decision_fusion.py,__init__|calculate
DecisionMemory,E:\football_v\11_System_Intelligence\decision_memory.py,__init__|save|history
DecisionReasoner,E:\football_v\11_System_Intelligence\decision_reasoner.py,__init__|decide
EvolutionEngine,E:\football_v\11_System_Intelligence\evolution_engine.py,__init__|evolve
KnowledgeMemoryBridge,E:\football_v\11_System_Intelligence\knowledge_memory_bridge.py,__init__|store_memory|retrieve_memory|analyze_feedback
MatchPredictionEngine,E:\football_v\11_System_Intelligence\match_prediction_engine.py,predict
MemoryAdapter,E:\football_v\11_System_Intelligence\memory_adapter.py,adapt
PredictionAgent,E:\football_v\11_System_Intelligence\prediction_agent.py,analyze
PredictionEvaluator,E:\football_v\11_System_Intelligence\prediction_evaluator.py,evaluate
PredictionReport,E:\football_v\11_System_Intelligence\prediction_report.py,generate
PredictionReportGenerator,E:\football_v\11_System_Intelligence\prediction_report_generator.py,generate
ReasoningRules,E:\football_v\11_System_Intelligence\reasoning_rules.py,evaluate
ScorePredictionEngine,E:\football_v\11_System_Intelligence\score_prediction_engine.py,predict
XGBoostPredictor,E:\football_v\11_System_Intelligence\xgboost_predictor.py,predict
,E:\football_v\11_System_Intelligence\tests\test_phase3_14_prediction.py,test_prediction
,E:\football_v\11_System_Intelligence\tests\test_phase3_3_reasoning.py,test_reasoning_engine|test_decision_reasoner
,E:\football_v\11_System_Intelligence\tests\test_phase3_4_decision_fusion.py,test_decision_fusion
,E:\football_v\11_System_Intelligence\tests\test_phase3_5_controller_upgrade.py,test_controller_upgrade|test_router|test_weight|test_feedback
,E:\football_v\11_System_Intelligence\tests\test_phase3_system_intelligence.py,test_controller_health|test_controller_execute
,E:\football_v\120_AI_REPORT_SERVICE\module.py,
ErrorAnalyzer,E:\football_v\12_AUTONOMOUS_LEARNING_ENGINE\error_analysis\error_analyzer.py,analyze
,E:\football_v\130_FINAL_SYSTEM_VALIDATION\module.py,
,E:\football_v\140_FINAL_INTERFACE_VALIDATION\module.py,health
,E:\football_v\150_FINAL_RUNTIME_VALIDATION\module.py,check
ExecutionEngine,E:\football_v\18_MODEL_EXECUTION_ENGINE\module.py,predict
,E:\football_v\18_MODEL_EXECUTION_ENGINE\batch_predictor\batch_predictor_V1.0.py,
,E:\football_v\18_MODEL_EXECUTION_ENGINE\prediction_pipeline\prediction_pipeline_V1.0.py,predict
,E:\football_v\18_MODEL_EXECUTION_ENGINE\prediction_scheduler\prediction_scheduler_V1.0.py,
,E:\football_v\19_API_LAYER\prediction_api\prediction_api_V1.0.py,
,E:\football_v\20_DASHBOARD_LAYER\prediction_dashboard\prediction_dashboard_V1.0.py,
,E:\football_v\24_PREDICTION_INTELLIGENCE_LAYER\handicap_engine.py,health_check
,E:\football_v\24_PREDICTION_INTELLIGENCE_LAYER\kelly_optimizer.py,health_check
,E:\football_v\24_PREDICTION_INTELLIGENCE_LAYER\market_risk_engine.py,health_check
,E:\football_v\24_PREDICTION_INTELLIGENCE_LAYER\module.py,health_check
,E:\football_v\24_PREDICTION_INTELLIGENCE_LAYER\probability_engine.py,health_check
,E:\football_v\24_PREDICTION_INTELLIGENCE_LAYER\score_prediction_engine.py,health_check
PredictionReport,E:\football_v\24_PREDICTION_INTELLIGENCE_LAYER\output_engine\prediction_report.py,generate
Predictor,E:\football_v\24_PREDICTION_INTELLIGENCE_LAYER\prediction_core\predictor.py,predict
DixonColesPredictor,E:\football_v\24_PREDICTION_INTELLIGENCE_LAYER\prediction_models\dixon_coles_predictor.py,predict
EloPredictor,E:\football_v\24_PREDICTION_INTELLIGENCE_LAYER\prediction_models\elo_predictor.py,predict
PoissonPredictor,E:\football_v\24_PREDICTION_INTELLIGENCE_LAYER\prediction_models\poisson_predictor.py,predict
XGBoostPredictor,E:\football_v\24_PREDICTION_INTELLIGENCE_LAYER\prediction_models\xgboost_predictor.py,predict
PredictionPipeline,E:\football_v\24_PREDICTION_INTELLIGENCE_LAYER\prediction_pipeline\prediction_pipeline.py,run
,E:\football_v\24_PREDICTION_INTELLIGENCE_LAYER\tests\test_prediction_engine_V2.0.py,test_prediction
PredictionJob,E:\football_v\26_AUTOMATION_LAYER\prediction_job\prediction_job_V2.0.py,execute
DecisionEngine,E:\football_v\29_DECISION_ENGINE\decision_engine.py,decide
KellyDecision,E:\football_v\29_DECISION_ENGINE\kelly_decision.py,calculate
,E:\football_v\53_REAL_MATCH_QUERY_ENGINE\database_reader.py,
,E:\football_v\70_AI_PREDICTION_CORE\module.py,
,E:\football_v\72_HANDICAP_DECISION_ENGINE\module.py,
,E:\football_v\74_FINAL_MATCH_ADVISOR\module.py,
,E:\football_v\81_MODEL_FUSION_PREDICTOR\module.py,
,E:\football_v\85_FINAL_DECISION_ENGINE\module.py,
,E:\football_v\88_HANDICAP_PREDICTION_ENGINE\module.py,
,E:\football_v\96_AI_PREDICTION_ORCHESTRATOR\module.py,
,E:\football_v\97_FINAL_MATCH_FORECAST_ENGINE\module.py,
,E:\football_v\97_TESTS\full_system_validation_V2.1.py,
,E:\football_v\97_TESTS\system_integration_test_V2.0.py,
,E:\football_v\97_TESTS\integration_test\run_integration_test_V1.5.py,run_test
,E:\football_v\98_AI_DECISION_REPORT_ENGINE\module.py,
,E:\football_v\98_PREDICTION_CONFIDENCE_ENGINE\module.py,
,E:\football_v\99_DOCUMENTATION\architecture_cleanup\FINAL_CLEANUP_V3.0\DEPRECATED_ARCHIVE\feature_builder.py,
,E:\football_v\99_DOCUMENTATION\architecture_cleanup\FINAL_CLEANUP_V3.0\DEPRECATED_ARCHIVE\feature_pipeline.py,
,E:\football_v\99_DOCUMENTATION\architecture_cleanup\FINAL_CLEANUP_V3.0\DEPRECATED_ARCHIVE\fusion_runner.py,
,E:\football_v\99_DOCUMENTATION\architecture_cleanup\FINAL_CLEANUP_V3.0\DEPRECATED_ARCHIVE\match_query.py,
,E:\football_v\99_DOCUMENTATION\architecture_cleanup\FINAL_CLEANUP_V3.0\DEPRECATED_ARCHIVE\model_executor.py,
,E:\football_v\99_DOCUMENTATION\architecture_cleanup\FINAL_CLEANUP_V3.0\DEPRECATED_ARCHIVE\model_runner.py,
,E:\football_v\99_DOCUMENTATION\architecture_cleanup\FINAL_CLEANUP_V3.0\DEPRECATED_ARCHIVE\prediction_pipeline.py,
,E:\football_v\99_DOCUMENTATION\architecture_cleanup\FINAL_CLEANUP_V3.0\DEPRECATED_ARCHIVE\prediction_storage.py,
,E:\football_v\99_DOCUMENTATION\architecture_cleanup\FINAL_CLEANUP_V3.0\DEPRECATED_ARCHIVE\release_checker.py,
,E:\football_v\99_DOCUMENTATION\architecture_cleanup\FINAL_CLEANUP_V3.0\DEPRECATED_ARCHIVE\result_writer.py,
,E:\football_v\99_DOCUMENTATION\architecture_cleanup\FINAL_CLEANUP_V3.0\DEPRECATED_ARCHIVE\risk_filter.py,
,E:\football_v\99_DOCUMENTATION\architecture_cleanup\FINAL_CLEANUP_V3.0\DEPRECATED_ARCHIVE\system_validator.py,
,E:\football_v\deploy\deploy_v15_phase3_3_reasoning.py,
,E:\football_v\deploy\deploy_v15_phase3_4.py,
,E:\football_v\deploy\deploy_v15_phase3_5.py,
,E:\football_v\deploy\deploy_v15_phase3_6.py,write_file
,E:\football_v\deploy\deploy_v15_phase3_7_real.py,write_file
,E:\football_v\deploy\deploy_v15_phase5_core.py,write
,E:\football_v\deploy\deploy_v15_phase6_training.py,write
,E:\football_v\deployment_scripts\deploy_remaining_batch_V1.5.py,write_files|create_reports
