FILE,STATUS,TARGET,DELETE_DECISION
E:\football_v\CHANGELOG.md,DOCUMENT_KEEP,,PENDING
E:\football_v\check_model_db.py,NEED_REVIEW,,PENDING
E:\football_v\check_model_history.py,NEED_REVIEW,,PENDING
E:\football_v\migrate_model_history.py,NEED_REVIEW,,PENDING
E:\football_v\model_execution_test_v1.py,TEST_KEEP,,PENDING
E:\football_v\model_import_test.py,TEST_KEEP,,PENDING
E:\football_v\model_import_test_v2.py,TEST_KEEP,,PENDING
E:\football_v\MODEL_LAYER_AUDIT_SOURCE.txt,NEED_REVIEW,,PENDING
E:\football_v\MODEL_LAYER_FULL_AUDIT_SCAN.py,NEED_REVIEW,,PENDING
E:\football_v\MODEL_LAYER_TREE.txt,NEED_REVIEW,,PENDING
E:\football_v\model_runtime_test_v1.py,TEST_KEEP,,PENDING
E:\football_v\phase5_model_scan.py,NEED_REVIEW,,PENDING
E:\football_v\release_registry_V1.5.json,NEED_REVIEW,,PENDING
E:\football_v\00_SYSTEM_TOOLS\model_data_snapshot_V4.0.py,NEED_REVIEW,,PENDING
E:\football_v\06_PREDICTION_ENGINE\prediction_registry.py,NEED_REVIEW,,PENDING
E:\football_v\07_BACKTEST_AI\model_feedback.py,NEED_REVIEW,,PENDING
E:\football_v\08_DECISION_ENGINE\decision_registry.py,NEED_REVIEW,,PENDING
E:\football_v\09_AI_ORCHESTRATION_LAYER\model_router.py,NEED_REVIEW,,PENDING
E:\football_v\09_Prediction_System\model_result_adapter.py,NEED_REVIEW,,PENDING
E:\football_v\104_MARKET_SENTIMENT_FUSION_ENGINE\module.py,NEED_REVIEW,,PENDING
E:\football_v\10_AI_AUTONOMOUS_ENGINE\model_change_tracker.py,NEED_REVIEW,,PENDING
E:\football_v\10_AI_AUTONOMOUS_ENGINE\model_self_optimizer.py,NEED_REVIEW,,PENDING
E:\football_v\118_MODEL_INFERENCE_SERVICE\module.py,NEED_REVIEW,,PENDING
E:\football_v\11_System_Intelligence\agent_fusion_engine.py,NEED_REVIEW,,PENDING
E:\football_v\11_System_Intelligence\decision_fusion.py,NEED_REVIEW,,PENDING
E:\football_v\11_System_Intelligence\dixon_coles_model.py,NEED_REVIEW,,PENDING
E:\football_v\11_System_Intelligence\dixon_coles_trainer.py,NEED_REVIEW,,PENDING
E:\football_v\11_System_Intelligence\elo_engine.py,NEED_REVIEW,,PENDING
E:\football_v\11_System_Intelligence\elo_trainer.py,NEED_REVIEW,,PENDING
E:\football_v\11_System_Intelligence\intelligence_fusion_engine.py,NEED_REVIEW,,PENDING
E:\football_v\11_System_Intelligence\model_accuracy_memory.py,NEED_REVIEW,,PENDING
E:\football_v\11_System_Intelligence\model_adjustment_engine.py,NEED_REVIEW,,PENDING
E:\football_v\11_System_Intelligence\model_conflict_detector.py,NEED_REVIEW,,PENDING
E:\football_v\11_System_Intelligence\model_fusion_core.py,NEED_REVIEW,,PENDING
E:\football_v\11_System_Intelligence\model_observer.py,NEED_REVIEW,,PENDING
E:\football_v\11_System_Intelligence\model_optimizer.py,NEED_REVIEW,,PENDING
E:\football_v\11_System_Intelligence\model_weight_optimizer.py,NEED_REVIEW,,PENDING
E:\football_v\11_System_Intelligence\poisson_model.py,NEED_REVIEW,,PENDING
E:\football_v\11_System_Intelligence\poisson_trainer.py,NEED_REVIEW,,PENDING
E:\football_v\11_System_Intelligence\probability_fusion_engine.py,NEED_REVIEW,,PENDING
E:\football_v\11_System_Intelligence\xgboost_predictor.py,NEED_REVIEW,,PENDING
E:\football_v\11_System_Intelligence\xgboost_trainer.py,NEED_REVIEW,,PENDING
E:\football_v\121_DATABASE_GOVERNANCE_LAYER\data_registry.py,NEED_REVIEW,,PENDING
E:\football_v\122_MODEL_STORE_LAYER\metadata_manager.py,NEED_REVIEW,,PENDING
E:\football_v\123_MODEL_WEIGHT_UPDATE_ENGINE\module.py,NEED_REVIEW,,PENDING
E:\football_v\124_DASHBOARD_LAYER\model_monitor.py,NEED_REVIEW,,PENDING
E:\football_v\126_MODEL_EXPLANATION_ENGINE\explanation_engine.py,NEED_REVIEW,,PENDING
E:\football_v\143_MODEL_CALL_ORCHESTRATOR\module.py,NEED_REVIEW,,PENDING
E:\football_v\17_MODEL_STORE_LAYER\deploy_model_store_batch_01_V1.0.py,NEED_REVIEW,,PENDING
E:\football_v\17_MODEL_STORE_LAYER\deploy_model_store_batch_02_V1.0.py,NEED_REVIEW,,PENDING
E:\football_v\17_MODEL_STORE_LAYER\model_loader.py,NEED_REVIEW,,PENDING
E:\football_v\17_MODEL_STORE_LAYER\module.py,NEED_REVIEW,,PENDING
E:\football_v\18_MODEL_EXECUTION_ENGINE\deploy_execution_engine_batch_01_V1.0.py,NEED_REVIEW,,PENDING
E:\football_v\18_MODEL_EXECUTION_ENGINE\execution_engine_api.py,NEED_REVIEW,,PENDING
E:\football_v\18_MODEL_EXECUTION_ENGINE\module.py,NEED_REVIEW,,PENDING
E:\football_v\18_MODEL_EXECUTION_ENGINE\__init__.py,NEED_REVIEW,,PENDING
E:\football_v\22_AI_FEATURE_STORE_LAYER\feature_registry.py,NEED_REVIEW,,PENDING
E:\football_v\23_MODEL_TRAINING_ENGINE\dixon_coles_trainer.py,NEED_REVIEW,,PENDING
E:\football_v\23_MODEL_TRAINING_ENGINE\elo_trainer.py,NEED_REVIEW,,PENDING
E:\football_v\23_MODEL_TRAINING_ENGINE\fusion_trainer.py,NEED_REVIEW,,PENDING
E:\football_v\23_MODEL_TRAINING_ENGINE\module.py,NEED_REVIEW,,PENDING
E:\football_v\23_MODEL_TRAINING_ENGINE\poisson_trainer.py,NEED_REVIEW,,PENDING
E:\football_v\23_MODEL_TRAINING_ENGINE\xgboost_trainer.py,NEED_REVIEW,,PENDING
E:\football_v\26_AUTOMATION_LAYER\model_scheduler.py,NEED_REVIEW,,PENDING
E:\football_v\27_MODEL_FUSION_ENGINE\confidence_engine.py,NEED_REVIEW,,PENDING
E:\football_v\27_MODEL_FUSION_ENGINE\fusion_engine_V2.1.py,NEED_REVIEW,,PENDING
E:\football_v\27_MODEL_FUSION_ENGINE\model_weight_engine.py,NEED_REVIEW,,PENDING
E:\football_v\31_SELF_LEARNING_ENGINE\model_update_engine.py,NEED_REVIEW,,PENDING
E:\football_v\37_MODEL_INTELLIGENCE_CONNECTOR\dixon_coles_loader.py,NEED_REVIEW,,PENDING
E:\football_v\42_REAL_FEATURE_GENERATOR\feature_registry.json,NEED_REVIEW,,PENDING
E:\football_v\44_PRODUCTION_PREDICTION_RUNTIME\production_registry.json,NEED_REVIEW,,PENDING
E:\football_v\76_MODEL_FEATURE_INTEGRATION\module.py,NEED_REVIEW,,PENDING
E:\football_v\77_ELO_RUNTIME_ENGINE\module.py,NEED_REVIEW,,PENDING
E:\football_v\78_DIXON_COLES_RUNTIME_ENGINE\module.py,NEED_REVIEW,,PENDING
E:\football_v\79_POISSON_RUNTIME_ENGINE\module.py,NEED_REVIEW,,PENDING
E:\football_v\80_XGBOOST_RUNTIME_ENGINE\module.py,NEED_REVIEW,,PENDING
E:\football_v\81_MODEL_FUSION_PREDICTOR\module.py,NEED_REVIEW,,PENDING
E:\football_v\95_MODEL_FEEDBACK_ENGINE\module.py,NEED_REVIEW,,PENDING
E:\football_v\97_MODEL_WEIGHT_OPTIMIZER\module.py,NEED_REVIEW,,PENDING
E:\football_v\99_DOCUMENTATION\Model_Registry_Audit_V1.0.txt,NEED_REVIEW,,PENDING
E:\football_v\99_DOCUMENTATION\MODEL_REGISTRY_FULL_SCAN_REPORT_V1.0.txt,NEED_REVIEW,,PENDING
E:\football_v\AI_RUNTIME\model_connector.py,NEED_REVIEW,,PENDING
E:\football_v\AI_RUNTIME\model_fusion.py,NEED_REVIEW,,PENDING
E:\football_v\AI_RUNTIME\model_outputs.py,NEED_REVIEW,,PENDING
E:\football_v\AI_RUNTIME\model_runtime_connector.py,NEED_REVIEW,,PENDING
E:\football_v\deployment_scripts\deploy_feature_model_layer_V1.0.py,NEED_REVIEW,,PENDING
E:\football_v\deployment_scripts\deploy_MODEL_LAYER_V2.10_OPTIMIZATION_ALL.ps1,NEED_REVIEW,,PENDING
E:\football_v\deployment_scripts\deploy_MODEL_LAYER_V2.11_FEEDBACK_LOOP_ALL.ps1,NEED_REVIEW,,PENDING
E:\football_v\deployment_scripts\deploy_model_layer_V2.3_REAL_ALL_FIX2.ps1,NEED_REVIEW,,PENDING
E:\football_v\deployment_scripts\deploy_phase10_batch02_real_model_V1.0.py,NEED_REVIEW,,PENDING
E:\football_v\deployment_scripts\model_history_migration_engine_V1.0.py,NEED_REVIEW,,PENDING
E:\football_v\deployment_scripts\model_layer_V2.3_initializer.py,NEED_REVIEW,,PENDING
E:\football_v\deployment_scripts\model_migration_engine_V1.0.py,NEED_REVIEW,,PENDING
E:\football_v\deployment_scripts\model_migration_engine_V1.1.py,NEED_REVIEW,,PENDING
E:\football_v\deployment_scripts\upgrade_model_registry_schema_V1.0.py,NEED_REVIEW,,PENDING
E:\football_v\.continue\rules\DEVELOPMENT_WORKFLOW.md,NEED_REVIEW,,PENDING
E:\football_v\.continue\rules\MODEL_DEVELOPMENT_RULES.md,NEED_REVIEW,,PENDING
E:\football_v\.venv\Lib\site-packages\pip\_internal\models\candidate.py,NEED_REVIEW,,PENDING
E:\football_v\.venv\Lib\site-packages\pip\_internal\models\direct_url.py,NEED_REVIEW,,PENDING
E:\football_v\.venv\Lib\site-packages\pip\_internal\models\format_control.py,NEED_REVIEW,,PENDING
E:\football_v\.venv\Lib\site-packages\pip\_internal\models\index.py,NEED_REVIEW,,PENDING
E:\football_v\.venv\Lib\site-packages\pip\_internal\models\installation_report.py,NEED_REVIEW,,PENDING
E:\football_v\.venv\Lib\site-packages\pip\_internal\models\link.py,NEED_REVIEW,,PENDING
E:\football_v\.venv\Lib\site-packages\pip\_internal\models\scheme.py,NEED_REVIEW,,PENDING
E:\football_v\.venv\Lib\site-packages\pip\_internal\models\search_scope.py,NEED_REVIEW,,PENDING
E:\football_v\.venv\Lib\site-packages\pip\_internal\models\selection_prefs.py,NEED_REVIEW,,PENDING
E:\football_v\.venv\Lib\site-packages\pip\_internal\models\target_python.py,NEED_REVIEW,,PENDING
E:\football_v\.venv\Lib\site-packages\pip\_internal\models\wheel.py,NEED_REVIEW,,PENDING
E:\football_v\.venv\Lib\site-packages\pip\_internal\models\__init__.py,NEED_REVIEW,,PENDING
E:\football_v\.venv\Lib\site-packages\pip\_internal\models\__pycache__\candidate.cpython-312.pyc,NEED_REVIEW,,PENDING
E:\football_v\.venv\Lib\site-packages\pip\_internal\models\__pycache__\direct_url.cpython-312.pyc,NEED_REVIEW,,PENDING
E:\football_v\.venv\Lib\site-packages\pip\_internal\models\__pycache__\format_control.cpython-312.pyc,NEED_REVIEW,,PENDING
E:\football_v\.venv\Lib\site-packages\pip\_internal\models\__pycache__\index.cpython-312.pyc,NEED_REVIEW,,PENDING
E:\football_v\.venv\Lib\site-packages\pip\_internal\models\__pycache__\installation_report.cpython-312.pyc,NEED_REVIEW,,PENDING
E:\football_v\.venv\Lib\site-packages\pip\_internal\models\__pycache__\link.cpython-312.pyc,NEED_REVIEW,,PENDING
E:\football_v\.venv\Lib\site-packages\pip\_internal\models\__pycache__\scheme.cpython-312.pyc,NEED_REVIEW,,PENDING
E:\football_v\.venv\Lib\site-packages\pip\_internal\models\__pycache__\search_scope.cpython-312.pyc,NEED_REVIEW,,PENDING
E:\football_v\.venv\Lib\site-packages\pip\_internal\models\__pycache__\selection_prefs.cpython-312.pyc,NEED_REVIEW,,PENDING
E:\football_v\.venv\Lib\site-packages\pip\_internal\models\__pycache__\target_python.cpython-312.pyc,NEED_REVIEW,,PENDING
E:\football_v\.venv\Lib\site-packages\pip\_internal\models\__pycache__\wheel.cpython-312.pyc,NEED_REVIEW,,PENDING
E:\football_v\.venv\Lib\site-packages\pip\_internal\models\__pycache__\__init__.cpython-312.pyc,NEED_REVIEW,,PENDING
E:\football_v\.venv\Lib\site-packages\pip\_vendor\pygments\modeline.py,NEED_REVIEW,,PENDING
E:\football_v\.venv\Lib\site-packages\pip\_vendor\requests\models.py,NEED_REVIEW,,PENDING
E:\football_v\.venv\Lib\site-packages\pip\_vendor\pygments\__pycache__\modeline.cpython-312.pyc,NEED_REVIEW,,PENDING
E:\football_v\.venv\Lib\site-packages\pip\_vendor\requests\__pycache__\models.cpython-312.pyc,NEED_REVIEW,,PENDING
E:\football_v\00_System_OS\03_MODEL_LAYER\check_match_source.py,NEED_REVIEW,,PENDING
E:\football_v\00_System_OS\03_MODEL_LAYER\database_test.py,TEST_KEEP,,PENDING
E:\football_v\00_System_OS\03_MODEL_LAYER\history_check.py,NEED_REVIEW,,PENDING
E:\football_v\00_System_OS\03_MODEL_LAYER\model_config.py,NEED_REVIEW,,PENDING
E:\football_v\00_System_OS\03_MODEL_LAYER\model_runtime_test.py,TEST_KEEP,,PENDING
E:\football_v\00_System_OS\03_MODEL_LAYER\old_history_check.py,NEED_REVIEW,,PENDING
E:\football_v\00_System_OS\03_MODEL_LAYER\test_model_loading.py,TEST_KEEP,,PENDING
E:\football_v\00_System_OS\integration_test\test_model_pipeline.py,TEST_KEEP,,PENDING
E:\football_v\00_System_OS\registry\dependency_engine.py,NEED_REVIEW,,PENDING
E:\football_v\00_System_OS\registry\dependency_map.json,NEED_REVIEW,,PENDING
E:\football_v\00_System_OS\registry\modules.json,NEED_REVIEW,,PENDING
E:\football_v\00_System_OS\registry\module_registry.json,NEED_REVIEW,,PENDING
E:\football_v\00_System_OS\registry\module_template.json,NEED_REVIEW,,PENDING
E:\football_v\00_System_OS\registry\registry.json,NEED_REVIEW,,PENDING
E:\football_v\00_System_OS\registry\registry_api.py,NEED_REVIEW,,PENDING
E:\football_v\00_System_OS\registry\registry_log.json,NEED_REVIEW,,PENDING
E:\football_v\00_System_OS\registry\registry_manager.py,NEED_REVIEW,,PENDING
E:\football_v\00_System_OS\registry\registry_scanner.py,NEED_REVIEW,,PENDING
E:\football_v\00_System_OS\01_DATA_LAYER\registry\data_lineage.py,NEED_REVIEW,,PENDING
E:\football_v\00_System_OS\01_DATA_LAYER\registry\import_tracker.py,NEED_REVIEW,,PENDING
E:\football_v\00_System_OS\01_DATA_LAYER\registry\quality_score.py,NEED_REVIEW,,PENDING
E:\football_v\00_System_OS\01_DATA_LAYER\registry\registry_manager.py,NEED_REVIEW,,PENDING
E:\football_v\00_System_OS\01_DATA_LAYER\scripts\registry_init.py,NEED_REVIEW,,PENDING
E:\football_v\00_System_OS\01_DATA_LAYER\scripts\registry_manager.py,NEED_REVIEW,,PENDING
E:\football_v\00_System_OS\01_DATA_LAYER\scripts\test_registry_flow.py,TEST_KEEP,,PENDING
E:\football_v\00_System_OS\03_MODEL_LAYER\database\model_store.db,NEED_REVIEW,,PENDING
E:\football_v\00_System_OS\03_MODEL_LAYER\Model_Pool\model_config.py,NEED_REVIEW,,PENDING
E:\football_v\00_System_OS\03_MODEL_LAYER\Model_Pool\__init__.py,NEED_REVIEW,,PENDING
E:\football_v\00_System_OS\03_MODEL_LAYER\Model_Registry\model_migration_registry_v1.0.json,NEED_REVIEW,,PENDING
E:\football_v\00_System_OS\03_MODEL_LAYER\Model_Registry\model_registry.json,NEED_REVIEW,,PENDING
E:\football_v\00_System_OS\03_MODEL_LAYER\__pycache__\model_config.cpython-312.pyc,NEED_REVIEW,,PENDING
E:\football_v\00_System_OS\03_MODEL_LAYER\Model_Pool\Dixon_Coles\dixon_coles.py,NEED_REVIEW,,PENDING
E:\football_v\00_System_OS\03_MODEL_LAYER\Model_Pool\Dixon_Coles\dixon_coles_history_engine.py,NEED_REVIEW,,PENDING
E:\football_v\00_System_OS\03_MODEL_LAYER\Model_Pool\Dixon_Coles\__init__.py,NEED_REVIEW,,PENDING
E:\football_v\00_System_OS\03_MODEL_LAYER\Model_Pool\Elo\elo_engine.py,NEED_REVIEW,,PENDING
E:\football_v\00_System_OS\03_MODEL_LAYER\Model_Pool\Elo\__init__.py,NEED_REVIEW,,PENDING
E:\football_v\00_System_OS\03_MODEL_LAYER\Model_Pool\Poisson\config.py,NEED_REVIEW,,PENDING
E:\football_v\00_System_OS\03_MODEL_LAYER\Model_Pool\Poisson\poisson_engine.py,NEED_REVIEW,,PENDING
E:\football_v\00_System_OS\03_MODEL_LAYER\Model_Pool\Poisson\poisson_history_engine.py,NEED_REVIEW,,PENDING
E:\football_v\00_System_OS\03_MODEL_LAYER\Model_Pool\Poisson\__init__.py,NEED_REVIEW,,PENDING
E:\football_v\00_System_OS\03_MODEL_LAYER\Model_Pool\XGBoost\backup_xgboost_fusion_v3_engine.py,BACKUP_REVIEW,,PENDING
E:\football_v\00_System_OS\03_MODEL_LAYER\Model_Pool\XGBoost\model_config.py,NEED_REVIEW,,PENDING
E:\football_v\00_System_OS\03_MODEL_LAYER\Model_Pool\XGBoost\xgboost_engine.py,NEED_REVIEW,,PENDING
E:\football_v\00_System_OS\03_MODEL_LAYER\Model_Pool\XGBoost\xgboost_fusion_engine.py,NEED_REVIEW,,PENDING
E:\football_v\00_System_OS\03_MODEL_LAYER\Model_Pool\XGBoost\xgboost_fusion_v2_engine.py,NEED_REVIEW,,PENDING
E:\football_v\00_System_OS\03_MODEL_LAYER\Model_Pool\XGBoost\xgboost_fusion_v2_engine_backup.py,BACKUP_REVIEW,,PENDING
E:\football_v\00_System_OS\03_MODEL_LAYER\Model_Pool\XGBoost\xgboost_fusion_v3_engine.py,NEED_REVIEW,,PENDING
E:\football_v\00_System_OS\03_MODEL_LAYER\Model_Pool\XGBoost\xgboost_fusion_v3_engine_backup.py,BACKUP_REVIEW,,PENDING
E:\football_v\00_System_OS\03_MODEL_LAYER\Model_Pool\XGBoost\__init__.py,NEED_REVIEW,,PENDING
E:\football_v\00_System_OS\03_MODEL_LAYER\Model_Pool\__pycache__\model_config.cpython-312.pyc,NEED_REVIEW,,PENDING
E:\football_v\00_System_OS\03_MODEL_LAYER\Model_Pool\__pycache__\__init__.cpython-312.pyc,NEED_REVIEW,,PENDING
E:\football_v\00_System_OS\03_MODEL_LAYER\Model_Pool\Dixon_Coles\__pycache__\dixon_coles.cpython-312.pyc,NEED_REVIEW,,PENDING
E:\football_v\00_System_OS\03_MODEL_LAYER\Model_Pool\Dixon_Coles\__pycache__\__init__.cpython-312.pyc,NEED_REVIEW,,PENDING
E:\football_v\00_System_OS\03_MODEL_LAYER\Model_Pool\Elo\__pycache__\elo_engine.cpython-312.pyc,NEED_REVIEW,,PENDING
E:\football_v\00_System_OS\03_MODEL_LAYER\Model_Pool\Elo\__pycache__\__init__.cpython-312.pyc,NEED_REVIEW,,PENDING
E:\football_v\00_System_OS\03_MODEL_LAYER\Model_Pool\Poisson\__pycache__\poisson_engine.cpython-312.pyc,NEED_REVIEW,,PENDING
E:\football_v\00_System_OS\03_MODEL_LAYER\Model_Pool\Poisson\__pycache__\__init__.cpython-312.pyc,NEED_REVIEW,,PENDING
E:\football_v\00_System_OS\03_MODEL_LAYER\Model_Pool\XGBoost\__pycache__\xgboost_engine.cpython-312.pyc,NEED_REVIEW,,PENDING
E:\football_v\00_System_OS\03_MODEL_LAYER\Model_Pool\XGBoost\__pycache__\xgboost_fusion_v2_engine.cpython-312.pyc,NEED_REVIEW,,PENDING
E:\football_v\00_System_OS\03_MODEL_LAYER\Model_Pool\XGBoost\__pycache__\__init__.cpython-312.pyc,NEED_REVIEW,,PENDING
E:\football_v\00_System_OS\ARCHITECTURE_CLEANUP\registry_manager\registry_manager_V1.0.py,NEED_REVIEW,,PENDING
E:\football_v\00_System_OS\ARCHITECTURE_CLEANUP\registry_manager\registry_manager_V1.1.py,NEED_REVIEW,,PENDING
E:\football_v\00_System_OS\ARCHITECTURE_CLEANUP\registry_manager\__pycache__\registry_manager_V1.1.cpython-312.pyc,NEED_REVIEW,,PENDING
E:\football_v\00_System_OS\Automation\task_manager\task_registry.json,NEED_REVIEW,,PENDING
E:\football_v\00_System_OS\documentation\checkpoint\FOOTBALL_AI_OS_DEVELOPMENT_BASELINE_REQUEST.txt,NEED_REVIEW,,PENDING
E:\football_v\00_System_OS\documentation\checkpoint\FOOTBALL_AI_OS_DEVELOPMENT_STARTUP_CHECKLIST_V1.0.md,NEED_REVIEW,,PENDING
E:\football_v\00_System_OS\documentation\checkpoint\FOOTBALL_AI_OS_DEVELOPMENT_TASK_TEMPLATE.txt,NEED_REVIEW,,PENDING
E:\football_v\00_System_OS\File_Manager\registry\asset_schema.json,NEED_REVIEW,,PENDING
E:\football_v\00_System_OS\File_Manager\registry\file_registry.json,NEED_REVIEW,,PENDING
E:\football_v\00_System_OS\File_Manager\registry\file_registry_v11.json,NEED_REVIEW,,PENDING
E:\football_v\00_System_OS\File_Manager\registry\file_registry_v11.py,NEED_REVIEW,,PENDING
E:\football_v\00_System_OS\File_Manager\version\version_registry.json,NEED_REVIEW,,PENDING
E:\football_v\00_SYSTEM_TOOLS\Architecture_Migration_Tool\architecture_registry.json,NEED_REVIEW,,PENDING
E:\football_v\00_SYSTEM_TOOLS\Architecture_Migration_Tool\architecture_registry_V1.9.json,NEED_REVIEW,,PENDING
E:\football_v\00_SYSTEM_TOOLS\Architecture_Migration_Tool\deprecated_registry.json,NEED_REVIEW,,PENDING
E:\football_v\00_SYSTEM_TOOLS\Checkpoint\model_layer_v1.3_checkpoint.json,NEED_REVIEW,,PENDING
E:\football_v\00_SYSTEM_TOOLS\Module_Deployment_Tool\modules\deploy_model_explanation_engine_test_V1.0.py,TEST_KEEP,,PENDING
E:\football_v\00_SYSTEM_TOOLS\Module_Deployment_Tool\modules\deploy_model_explanation_engine_V1.0.py,NEED_REVIEW,,PENDING
E:\football_v\00_SYSTEM_TOOLS\Module_Deployment_Tool\modules\deploy_model_layer_V1.0_V1.3.py,NEED_REVIEW,,PENDING
E:\football_v\00_SYSTEM_TOOLS\Module_Deployment_Tool\registry\deployment_tool_registry.json,NEED_REVIEW,,PENDING
E:\football_v\01_Data_Source\registry\source_registry.json,NEED_REVIEW,,PENDING
E:\football_v\01_Data_Source\registry\source_registry.py,NEED_REVIEW,,PENDING
E:\football_v\01_Data_Source\registry\source_registry.pynotepad,NEED_REVIEW,,PENDING
E:\football_v\02_Data_Platform\data_manager\dataset_registry.json,NEED_REVIEW,,PENDING
E:\football_v\02_Data_Platform\data_manager\dataset_registry.py,NEED_REVIEW,,PENDING
E:\football_v\02_Data_Platform\metadata\data_platform_registry.json,NEED_REVIEW,,PENDING
E:\football_v\02_Data_Platform\metadata\metadata_registry.json,NEED_REVIEW,,PENDING
E:\football_v\02_Data_Platform\raw\raw_registry.json,NEED_REVIEW,,PENDING
E:\football_v\02_Data_Platform\raw\raw_registry.py,NEED_REVIEW,,PENDING
E:\football_v\02_Data_Platform\registry\data_platform_registry.json,NEED_REVIEW,,PENDING
E:\football_v\02_Data_Platform\registry\data_platform_registry.py,NEED_REVIEW,,PENDING
E:\football_v\02_Data_Platform\storage_engine\storage_registry.json,NEED_REVIEW,,PENDING
E:\football_v\02_Data_Platform\data_manager\__pycache__\dataset_registry.cpython-312.pyc,NEED_REVIEW,,PENDING
E:\football_v\02_Data_Platform\metadata\lineage\lineage_registry.json,NEED_REVIEW,,PENDING
E:\football_v\02_Data_Platform\raw\__pycache__\raw_registry.cpython-312.pyc,NEED_REVIEW,,PENDING
E:\football_v\03_Data_Governance\Change_Control\CHANGELOG.md,DOCUMENT_KEEP,,PENDING
E:\football_v\03_Data_Governance\lineage\lineage_registry.json,NEED_REVIEW,,PENDING
E:\football_v\03_Data_Governance\Project_Control\Football_AI_OS_Migration_Development_Roadmap_V1.0.md,NEED_REVIEW,,PENDING
E:\football_v\03_Data_Governance\registry\audit_registry.json,NEED_REVIEW,,PENDING
E:\football_v\03_Data_Governance\registry\data_registry.json,NEED_REVIEW,,PENDING
E:\football_v\03_Data_Governance\registry\governance_registry.json,NEED_REVIEW,,PENDING
E:\football_v\03_Data_Governance\registry\lineage_registry.json,NEED_REVIEW,,PENDING
E:\football_v\03_Data_Governance\registry\quality_registry.json,NEED_REVIEW,,PENDING
E:\football_v\03_Data_Governance\registry\validation_registry.json,NEED_REVIEW,,PENDING
E:\football_v\03_MODEL_LAYER\analysis\accuracy_tracker_V2.11.py,NEED_REVIEW,,PENDING
E:\football_v\03_MODEL_LAYER\analysis\roi_analyzer_V2.11.py,NEED_REVIEW,,PENDING
E:\football_v\03_MODEL_LAYER\confidence_model\confidence_engine_V2.0.py,NEED_REVIEW,,PENDING
E:\football_v\03_MODEL_LAYER\database\model_store.db,NEED_REVIEW,,PENDING
E:\football_v\03_MODEL_LAYER\database\model_store_v23.db,NEED_REVIEW,,PENDING
E:\football_v\03_MODEL_LAYER\fusion_engine\fusion_engine_V2.3.py,NEED_REVIEW,,PENDING
E:\football_v\03_MODEL_LAYER\market_model\market_value_model_V1.0.py,NEED_REVIEW,,PENDING
E:\football_v\03_MODEL_LAYER\reports\model_feedback_report_V2.11.json,NEED_REVIEW,,PENDING
E:\football_v\03_MODEL_LAYER\risk_model\risk_engine_V2.0.py,NEED_REVIEW,,PENDING
E:\football_v\03_MODEL_LAYER\runtime\model_feedback_runtime.db,NEED_REVIEW,,PENDING
E:\football_v\03_MODEL_LAYER\legacy_import\01_Data_Engine\data_engine\dixon_coles.py,NEED_REVIEW,,PENDING
E:\football_v\03_MODEL_LAYER\legacy_import\01_Data_Engine\data_engine\elo_engine.py,NEED_REVIEW,,PENDING
E:\football_v\03_MODEL_LAYER\legacy_import\01_Data_Engine\data_engine\poisson_engine.py,NEED_REVIEW,,PENDING
E:\football_v\03_MODEL_LAYER\legacy_import\03_Machine_Learning\XGBoost\xgboost_engine.py,NEED_REVIEW,,PENDING
E:\football_v\03_MODEL_LAYER\legacy_import\03_Machine_Learning\XGBoost\xgboost_fusion_engine.py,NEED_REVIEW,,PENDING
E:\football_v\03_MODEL_LAYER\legacy_import\03_Machine_Learning\XGBoost\xgboost_fusion_v2_engine.py,NEED_REVIEW,,PENDING
E:\football_v\04_Data_Processing_AI\data_intelligence_engine\model_interface.py,NEED_REVIEW,,PENDING
E:\football_v\04_Data_Processing_AI\dynamic_feature_weight_engine\model_weight_manager.py,NEED_REVIEW,,PENDING
E:\football_v\04_Data_Processing_AI\feature_store\data_source_registry.py,NEED_REVIEW,,PENDING
E:\football_v\04_Data_Processing_AI\feature_store\elo_history_feature_engine.py,NEED_REVIEW,,PENDING
E:\football_v\04_Data_Processing_AI\feature_store\feature_model_adapter.py,NEED_REVIEW,,PENDING
E:\football_v\04_Data_Processing_AI\feature_store\feature_model_interface.py,NEED_REVIEW,,PENDING
E:\football_v\04_Data_Processing_AI\feature_store\feature_model_registry.py,NEED_REVIEW,,PENDING
E:\football_v\04_Data_Processing_AI\feature_store\feature_registry.py,NEED_REVIEW,,PENDING
E:\football_v\04_Data_Processing_AI\feature_store\historical_feature_registry.py,NEED_REVIEW,,PENDING
E:\football_v\04_Data_Processing_AI\feature_store\model_feedback_collector.py,NEED_REVIEW,,PENDING
E:\football_v\04_Data_Processing_AI\feature_store\model_training_exporter.py,NEED_REVIEW,,PENDING
E:\football_v\04_Data_Processing_AI\pipeline\pipeline_registry.json,NEED_REVIEW,,PENDING
E:\football_v\04_Data_Processing_AI\registry\cleaning_registry.json,NEED_REVIEW,,PENDING
E:\football_v\04_Data_Processing_AI\registry\feature_registry.json,NEED_REVIEW,,PENDING
E:\football_v\04_Data_Processing_AI\registry\pipeline_registry.json,NEED_REVIEW,,PENDING
E:\football_v\04_Data_Processing_AI\registry\processing_registry.json,NEED_REVIEW,,PENDING
E:\football_v\04_Data_Processing_AI\registry\transformation_registry.json,NEED_REVIEW,,PENDING
E:\football_v\04_Data_Processing_AI\data_intelligence_engine\registry\data_intelligence_registry.json,NEED_REVIEW,,PENDING
E:\football_v\04_Data_Processing_AI\data_intelligence_engine\__pycache__\model_interface.cpython-312.pyc,NEED_REVIEW,,PENDING
E:\football_v\04_Data_Processing_AI\dynamic_feature_weight_engine\registry\weight_registry.json,NEED_REVIEW,,PENDING
E:\football_v\04_Data_Processing_AI\dynamic_feature_weight_engine\__pycache__\model_weight_manager.cpython-312.pyc,NEED_REVIEW,,PENDING
E:\football_v\04_Data_Processing_AI\feature_store\adapters\dixon_coles_adapter.py,NEED_REVIEW,,PENDING
E:\football_v\04_Data_Processing_AI\feature_store\adapters\dixon_coles_feature_adapter.py,NEED_REVIEW,,PENDING
E:\football_v\04_Data_Processing_AI\feature_store\adapters\elo_adapter.py,NEED_REVIEW,,PENDING
E:\football_v\04_Data_Processing_AI\feature_store\adapters\elo_feature_adapter.py,NEED_REVIEW,,PENDING
E:\football_v\04_Data_Processing_AI\feature_store\adapters\fusion_adapter.py,NEED_REVIEW,,PENDING
E:\football_v\04_Data_Processing_AI\feature_store\adapters\fusion_feature_adapter.py,NEED_REVIEW,,PENDING
E:\football_v\04_Data_Processing_AI\feature_store\adapters\poisson_adapter.py,NEED_REVIEW,,PENDING
E:\football_v\04_Data_Processing_AI\feature_store\adapters\poisson_feature_adapter.py,NEED_REVIEW,,PENDING
E:\football_v\04_Data_Processing_AI\feature_store\adapters\xgboost_adapter.py,NEED_REVIEW,,PENDING
E:\football_v\04_Data_Processing_AI\feature_store\adapters\xgboost_feature_adapter.py,NEED_REVIEW,,PENDING
E:\football_v\04_Data_Processing_AI\feature_store\registry\adapter_registry.json,NEED_REVIEW,,PENDING
E:\football_v\04_Data_Processing_AI\feature_store\registry\feature_registry.json,NEED_REVIEW,,PENDING
E:\football_v\04_Data_Processing_AI\feature_store\reports\model_feature_mapping_report.json,NEED_REVIEW,,PENDING
E:\football_v\04_Data_Processing_AI\feature_store\tests\model_feature_adapter_test.py,TEST_KEEP,,PENDING
E:\football_v\04_Data_Processing_AI\feature_store\adapters\__pycache__\dixon_coles_adapter.cpython-312.pyc,NEED_REVIEW,,PENDING
E:\football_v\04_Data_Processing_AI\feature_store\adapters\__pycache__\elo_adapter.cpython-312.pyc,NEED_REVIEW,,PENDING
E:\football_v\04_Data_Processing_AI\feature_store\adapters\__pycache__\fusion_adapter.cpython-312.pyc,NEED_REVIEW,,PENDING
E:\football_v\04_Data_Processing_AI\feature_store\adapters\__pycache__\poisson_adapter.cpython-312.pyc,NEED_REVIEW,,PENDING
E:\football_v\04_Data_Processing_AI\feature_store\adapters\__pycache__\xgboost_adapter.cpython-312.pyc,NEED_REVIEW,,PENDING
E:\football_v\05_AI_Intelligence_Layer\controller\model_controller.py,NEED_REVIEW,,PENDING
E:\football_v\05_AI_Intelligence_Layer\FUSION_DECISION_ENGINE\decision_manager.py,NEED_REVIEW,,PENDING
E:\football_v\05_AI_Intelligence_Layer\FUSION_DECISION_ENGINE\fusion_engine.py,NEED_REVIEW,,PENDING
E:\football_v\05_AI_Intelligence_Layer\MODEL_ADAPTER_FRAMEWORK\adapter_base.py,NEED_REVIEW,,PENDING
E:\football_v\05_AI_Intelligence_Layer\MODEL_ADAPTER_FRAMEWORK\adapter_manager.py,NEED_REVIEW,,PENDING
E:\football_v\05_AI_Intelligence_Layer\MODEL_EVALUATION_ENGINE\error_analyzer.py,NEED_REVIEW,,PENDING
E:\football_v\05_AI_Intelligence_Layer\MODEL_EVALUATION_ENGINE\evaluator.py,NEED_REVIEW,,PENDING
E:\football_v\05_AI_Intelligence_Layer\MODEL_REGISTRY\model_catalog.py,NEED_REVIEW,,PENDING
E:\football_v\05_AI_Intelligence_Layer\MODEL_REGISTRY\model_registry.py,NEED_REVIEW,,PENDING
E:\football_v\05_AI_Intelligence_Layer\MODEL_REGISTRY\model_status_manager.py,NEED_REVIEW,,PENDING
E:\football_v\05_AI_Intelligence_Layer\MODEL_REGISTRY\model_version_manager.py,NEED_REVIEW,,PENDING
E:\football_v\05_AI_Intelligence_Layer\registry\ai_layer_registry.json,NEED_REVIEW,,PENDING
E:\football_v\05_AI_Intelligence_Layer\registry\model_registry.json,NEED_REVIEW,,PENDING
E:\football_v\05_AI_Intelligence_Layer\FUSION_DECISION_ENGINE\__pycache__\fusion_engine.cpython-312.pyc,NEED_REVIEW,,PENDING
E:\football_v\05_AI_Intelligence_Layer\MODEL_ADAPTER_FRAMEWORK\__pycache__\adapter_base.cpython-312.pyc,NEED_REVIEW,,PENDING
E:\football_v\05_AI_Intelligence_Layer\MODEL_EVALUATION_ENGINE\__pycache__\evaluator.cpython-312.pyc,NEED_REVIEW,,PENDING
E:\football_v\05_AI_Intelligence_Layer\MODEL_REGISTRY\__pycache__\model_registry.cpython-312.pyc,NEED_REVIEW,,PENDING
E:\football_v\05_MODEL_AI\MODEL_LAYER\feature_store_connector.py,MODEL_LAYER_KEEP,,PENDING
E:\football_v\05_MODEL_AI\MODEL_LAYER\model_interface.py,MODEL_LAYER_KEEP,,PENDING
E:\football_v\05_MODEL_AI\MODEL_LAYER\model_loader.py,MODEL_LAYER_KEEP,,PENDING
E:\football_v\05_MODEL_AI\MODEL_LAYER\model_registry.py,MODEL_LAYER_KEEP,,PENDING
E:\football_v\05_MODEL_AI\MODEL_LAYER\model_runtime.py,MODEL_LAYER_KEEP,,PENDING
E:\football_v\05_MODEL_AI\MODEL_LAYER\backtest\backtest_engine.py,MODEL_LAYER_KEEP,,PENDING
E:\football_v\05_MODEL_AI\MODEL_LAYER\backtest\model_accuracy_report.py,MODEL_LAYER_KEEP,,PENDING
E:\football_v\05_MODEL_AI\MODEL_LAYER\backtest\prediction_tracker.py,MODEL_LAYER_KEEP,,PENDING
E:\football_v\05_MODEL_AI\MODEL_LAYER\backtest\roi_analyzer.py,MODEL_LAYER_KEEP,,PENDING
E:\football_v\05_MODEL_AI\MODEL_LAYER\config\model_config.json,MODEL_LAYER_KEEP,,PENDING
E:\football_v\05_MODEL_AI\MODEL_LAYER\fusion\fusion_engine.py,MODEL_LAYER_KEEP,,PENDING
E:\football_v\05_MODEL_AI\MODEL_LAYER\fusion\probability_calculator.py,MODEL_LAYER_KEEP,,PENDING
E:\football_v\05_MODEL_AI\MODEL_LAYER\models\dixon_coles_model.py,MODEL_LAYER_KEEP,,PENDING
E:\football_v\05_MODEL_AI\MODEL_LAYER\models\elo_model.py,MODEL_LAYER_KEEP,,PENDING
E:\football_v\05_MODEL_AI\MODEL_LAYER\models\poisson_model.py,MODEL_LAYER_KEEP,,PENDING
E:\football_v\05_MODEL_AI\MODEL_LAYER\models\xgboost_model.py,MODEL_LAYER_KEEP,,PENDING
E:\football_v\05_MODEL_AI\MODEL_LAYER\reports\model_layer_report.json,MODEL_LAYER_KEEP,,PENDING
E:\football_v\05_MODEL_AI\MODEL_LAYER\tests\model_layer_v1.3_full_test.py,MODEL_LAYER_KEEP,,PENDING
E:\football_v\05_MODEL_AI\MODEL_LAYER\tests\test_elo_model_migration.py,MODEL_LAYER_KEEP,,PENDING
E:\football_v\05_MODEL_AI\MODEL_LAYER\__pycache__\model_interface.cpython-312.pyc,MODEL_LAYER_KEEP,,PENDING
E:\football_v\05_MODEL_AI\MODEL_LAYER\models\__pycache__\elo_model.cpython-312.pyc,MODEL_LAYER_KEEP,,PENDING
E:\football_v\05_MODEL_AI\MODEL_LAYER\tests\__pycache__\test_elo_model_migration.cpython-312-pytest-9.1.1.pyc,MODEL_LAYER_KEEP,,PENDING
E:\football_v\06_PREDICTION_INTELLIGENCE_ENGINE\advanced_model_connector\connector_manager.py,NEED_REVIEW,,PENDING
E:\football_v\06_PREDICTION_INTELLIGENCE_ENGINE\advanced_model_connector\dixon_coles_connector.py,NEED_REVIEW,,PENDING
E:\football_v\06_PREDICTION_INTELLIGENCE_ENGINE\advanced_model_connector\elo_connector.py,NEED_REVIEW,,PENDING
E:\football_v\06_PREDICTION_INTELLIGENCE_ENGINE\advanced_model_connector\poisson_connector.py,NEED_REVIEW,,PENDING
E:\football_v\06_PREDICTION_INTELLIGENCE_ENGINE\advanced_model_connector\xgboost_connector.py,NEED_REVIEW,,PENDING
E:\football_v\06_PREDICTION_INTELLIGENCE_ENGINE\model_connector\model_connector.py,NEED_REVIEW,,PENDING
E:\football_v\06_PREDICTION_INTELLIGENCE_ENGINE\probability_engine\probability_fusion.py,NEED_REVIEW,,PENDING
E:\football_v\06_PREDICTION_INTELLIGENCE_ENGINE\real_probability_engine\fusion_calculator.py,NEED_REVIEW,,PENDING
E:\football_v\06_PREDICTION_INTELLIGENCE_ENGINE\registry\batch_registry.json,NEED_REVIEW,,PENDING
E:\football_v\06_PREDICTION_INTELLIGENCE_ENGINE\registry\prediction_registry.json,NEED_REVIEW,,PENDING
E:\football_v\06_PREDICTION_INTELLIGENCE_ENGINE\risk_intelligence_engine\model_conflict.py,NEED_REVIEW,,PENDING
E:\football_v\06_PREDICTION_INTELLIGENCE_ENGINE\advanced_model_connector\__pycache__\connector_manager.cpython-312.pyc,NEED_REVIEW,,PENDING
E:\football_v\06_PREDICTION_INTELLIGENCE_ENGINE\model_connector\__pycache__\model_connector.cpython-312.pyc,NEED_REVIEW,,PENDING
E:\football_v\06_PREDICTION_INTELLIGENCE_ENGINE\probability_engine\__pycache__\probability_fusion.cpython-312.pyc,NEED_REVIEW,,PENDING
E:\football_v\06_PREDICTION_INTELLIGENCE_ENGINE\real_probability_engine\__pycache__\fusion_calculator.cpython-312.pyc,NEED_REVIEW,,PENDING
E:\football_v\07_AI_ORCHESTRATION_LAYER\model_router\model_selector.py,NEED_REVIEW,,PENDING
E:\football_v\07_AI_ORCHESTRATION_LAYER\model_router\router.py,NEED_REVIEW,,PENDING
E:\football_v\07_AI_ORCHESTRATION_LAYER\registry\orchestration_registry.json,NEED_REVIEW,,PENDING
E:\football_v\07_AI_ORCHESTRATION_LAYER\model_router\__pycache__\router.cpython-312.pyc,NEED_REVIEW,,PENDING
E:\football_v\07_BACKTEST_SYSTEM\model_comparison\comparison_engine.py,NEED_REVIEW,,PENDING
E:\football_v\07_BACKTEST_SYSTEM\model_evaluation\calibration.py,NEED_REVIEW,,PENDING
E:\football_v\07_BACKTEST_SYSTEM\model_evaluation\model_accuracy.py,NEED_REVIEW,,PENDING
E:\football_v\07_BACKTEST_SYSTEM\model_evaluation\probability_score.py,NEED_REVIEW,,PENDING
E:\football_v\07_BACKTEST_SYSTEM\registry\backtest_registry.json,TEST_KEEP,,PENDING
E:\football_v\08_DECISION_INTELLIGENCE_LAYER\explanation_engine\fusion_explainer.py,NEED_REVIEW,,PENDING
E:\football_v\08_DECISION_INTELLIGENCE_LAYER\explanation_engine\model_explainer.py,NEED_REVIEW,,PENDING
E:\football_v\08_DECISION_INTELLIGENCE_LAYER\fusion_analysis\fusion_analyzer.py,NEED_REVIEW,,PENDING
E:\football_v\08_DECISION_INTELLIGENCE_LAYER\registry\decision_registry.json,NEED_REVIEW,,PENDING
E:\football_v\09_MODEL_EXPLANATION_ENGINE\dixon_coles_explainer\dixon_coles_explainer.py,NEED_REVIEW,,PENDING
E:\football_v\09_MODEL_EXPLANATION_ENGINE\elo_explainer\elo_explainer.py,NEED_REVIEW,,PENDING
E:\football_v\09_MODEL_EXPLANATION_ENGINE\explanation_report\report_generator.py,NEED_REVIEW,,PENDING
E:\football_v\09_MODEL_EXPLANATION_ENGINE\fusion_explainer\fusion_explainer.py,NEED_REVIEW,,PENDING
E:\football_v\09_MODEL_EXPLANATION_ENGINE\poisson_explainer\poisson_explainer.py,NEED_REVIEW,,PENDING
E:\football_v\09_MODEL_EXPLANATION_ENGINE\registry\explanation_registry.json,NEED_REVIEW,,PENDING
E:\football_v\09_MODEL_EXPLANATION_ENGINE\reports\explanation_deploy_report.json,NEED_REVIEW,,PENDING
E:\football_v\09_MODEL_EXPLANATION_ENGINE\reports\explanation_test_report.json,TEST_KEEP,,PENDING
E:\football_v\09_MODEL_EXPLANATION_ENGINE\xgboost_explainer\xgboost_explainer.py,NEED_REVIEW,,PENDING
E:\football_v\09_Prediction_System\__pycache__\model_result_adapter.cpython-312.pyc,NEED_REVIEW,,PENDING
E:\football_v\10_GOVERNANCE_LAYER\audit\model_asset_alignment.py,GOVERNANCE_KEEP,,PENDING
E:\football_v\10_GOVERNANCE_LAYER\audit\Model_Asset_Alignment_Report_V1.0.csv,GOVERNANCE_KEEP,,PENDING
E:\football_v\10_GOVERNANCE_LAYER\audit\Model_Asset_Classification_Report_V1.0.md,GOVERNANCE_KEEP,,PENDING
E:\football_v\10_GOVERNANCE_LAYER\audit\Model_Asset_Review_V1.0.csv,GOVERNANCE_KEEP,,PENDING
E:\football_v\10_GOVERNANCE_LAYER\audit\Model_Freeze_Report_V1.0.md,GOVERNANCE_KEEP,,PENDING
E:\football_v\10_GOVERNANCE_LAYER\audit\model_governance_approval.py,GOVERNANCE_KEEP,,PENDING
E:\football_v\10_GOVERNANCE_LAYER\audit\Model_Governance_Approval_V1.0.csv,GOVERNANCE_KEEP,,PENDING
E:\football_v\10_GOVERNANCE_LAYER\audit\MODEL_LAYER_Governance_Report_V1.0.md,GOVERNANCE_KEEP,,PENDING
E:\football_v\10_GOVERNANCE_LAYER\audit\Model_Layer_Migration_Freeze_Report_V1.0.md,GOVERNANCE_KEEP,,PENDING
E:\football_v\10_GOVERNANCE_LAYER\audit\model_store_deep_comparison.py,GOVERNANCE_KEEP,,PENDING
E:\football_v\10_GOVERNANCE_LAYER\audit\Model_Store_Deep_Comparison_V1.0.csv,GOVERNANCE_KEEP,,PENDING
E:\football_v\10_GOVERNANCE_LAYER\audit\Phase11_FAST_Pipeline_Model_Validation.py,GOVERNANCE_KEEP,,PENDING
E:\football_v\10_GOVERNANCE_LAYER\audit\Phase11_FAST_Pipeline_Model_Validation_V1.0.json,GOVERNANCE_KEEP,,PENDING
E:\football_v\10_GOVERNANCE_LAYER\audit\PHASE12_MODEL_CHANGE_CONTROL_V1.0.md,GOVERNANCE_KEEP,,PENDING
E:\football_v\10_GOVERNANCE_LAYER\audit\PHASE14_Model_Integration_Control_V1.0.md,GOVERNANCE_KEEP,,PENDING
E:\football_v\10_GOVERNANCE_LAYER\audit\PHASE15_MODEL_REGISTRY_ALIGNMENT_V1.0.json,GOVERNANCE_KEEP,,PENDING
E:\football_v\10_GOVERNANCE_LAYER\audit\PHASE17_MODEL_CAPABILITY_AUDIT_V1.0.json,GOVERNANCE_KEEP,,PENDING
E:\football_v\10_GOVERNANCE_LAYER\audit\PHASE17_MODEL_FUSION_VALIDATION_V1.0.json,GOVERNANCE_KEEP,,PENDING
E:\football_v\10_GOVERNANCE_LAYER\audit\PHASE21_MODEL_MASTER_INDEX_V1.0.json,GOVERNANCE_KEEP,,PENDING
E:\football_v\10_GOVERNANCE_LAYER\audit\PHASE25_MODEL_UPGRADE_REQUEST_TEMPLATE_V1.0.md,GOVERNANCE_KEEP,,PENDING
E:\football_v\10_GOVERNANCE_LAYER\audit\PHASE26_MODEL_STATUS_BOARD_V1.0.json,GOVERNANCE_KEEP,,PENDING
E:\football_v\10_GOVERNANCE_LAYER\audit\PHASE28_FUSION_ENGINE_VALIDATION_V1.0.json,GOVERNANCE_KEEP,,PENDING
E:\football_v\10_GOVERNANCE_LAYER\audit\PHASE28_MODEL_EXECUTION_VALIDATION_V1.0.json,GOVERNANCE_KEEP,,PENDING
E:\football_v\10_GOVERNANCE_LAYER\audit\Phase9_Model_Governance_Check_V1.0.csv,GOVERNANCE_KEEP,,PENDING
E:\football_v\10_GOVERNANCE_LAYER\checkpoint\Checkpoint_MODEL_LAYER_V1.0.json,GOVERNANCE_KEEP,,PENDING
E:\football_v\10_GOVERNANCE_LAYER\checkpoint\Checkpoint_MODEL_LAYER_V1.1.json,GOVERNANCE_KEEP,,PENDING
E:\football_v\10_GOVERNANCE_LAYER\checkpoint\Checkpoint_MODEL_LAYER_V1.2.json,GOVERNANCE_KEEP,,PENDING
E:\football_v\10_GOVERNANCE_LAYER\checkpoint\Checkpoint_MODEL_LAYER_V1.3.json,GOVERNANCE_KEEP,,PENDING
E:\football_v\10_GOVERNANCE_LAYER\migration\Model_Migration_Decision_V1.0.csv,GOVERNANCE_KEEP,,PENDING
E:\football_v\10_GOVERNANCE_LAYER\model_control\Football_AI_OS_Model_Governance_Control_V1.0.json,GOVERNANCE_KEEP,,PENDING
E:\football_v\10_GOVERNANCE_LAYER\registry\Asset_Registry.csv,GOVERNANCE_KEEP,,PENDING
E:\football_v\10_GOVERNANCE_LAYER\registry\Database_Asset_Registry.csv,GOVERNANCE_KEEP,,PENDING
E:\football_v\10_GOVERNANCE_LAYER\registry\Database_Inventory.csv,GOVERNANCE_KEEP,,PENDING
E:\football_v\10_GOVERNANCE_LAYER\registry\Database_Registry.csv,GOVERNANCE_KEEP,,PENDING
E:\football_v\10_GOVERNANCE_LAYER\registry\Database_Registry_V1.0.csv,GOVERNANCE_KEEP,,PENDING
E:\football_v\10_GOVERNANCE_LAYER\registry\Data_Asset_Register_V1.0.csv,GOVERNANCE_KEEP,,PENDING
E:\football_v\10_GOVERNANCE_LAYER\registry\Feature_Final_Asset_Register_V1.0.csv,GOVERNANCE_KEEP,,PENDING
E:\football_v\10_GOVERNANCE_LAYER\registry\Feature_Registry.csv,GOVERNANCE_KEEP,,PENDING
E:\football_v\10_GOVERNANCE_LAYER\registry\Football_AI_OS_Legacy_Asset_Index_V1.0.csv,GOVERNANCE_KEEP,,PENDING
E:\football_v\10_GOVERNANCE_LAYER\registry\Layer_Approval_Register_V1.0.csv,GOVERNANCE_KEEP,,PENDING
E:\football_v\10_GOVERNANCE_LAYER\registry\Legacy_Retention_List_V1.0.csv,GOVERNANCE_KEEP,,PENDING
E:\football_v\10_GOVERNANCE_LAYER\registry\Model_Asset_Index_V1.0.csv,GOVERNANCE_KEEP,,PENDING
E:\football_v\10_GOVERNANCE_LAYER\registry\Model_Final_Asset_Register_V1.0.csv,GOVERNANCE_KEEP,,PENDING
E:\football_v\10_GOVERNANCE_LAYER\registry\Model_Final_Asset_Register_V1.1.csv,GOVERNANCE_KEEP,,PENDING
E:\football_v\10_GOVERNANCE_LAYER\registry\Model_Registry.csv,GOVERNANCE_KEEP,,PENDING
E:\football_v\10_GOVERNANCE_LAYER\registry\Omega_V3.2_Asset_Freeze_Register_V1.0.csv,GOVERNANCE_KEEP,,PENDING
E:\football_v\10_GOVERNANCE_LAYER\registry\Phase5_Asset_Registry_V1.0.csv,GOVERNANCE_KEEP,,PENDING
E:\football_v\10_GOVERNANCE_LAYER\registry\Phase5_Governance_Register_V1.0.csv,GOVERNANCE_KEEP,,PENDING
E:\football_v\10_GOVERNANCE_LAYER\registry\Phase6_Final_Freeze_Register_V1.0.csv,GOVERNANCE_KEEP,,PENDING
E:\football_v\10_GOVERNANCE_LAYER\registry\Prediction_Asset_Index_V1.0.csv,GOVERNANCE_KEEP,,PENDING
E:\football_v\10_GOVERNANCE_LAYER\registry\Prediction_Layer_Final_Asset_Register_V1.0.csv,GOVERNANCE_KEEP,,PENDING
E:\football_v\10_GOVERNANCE_LAYER\registry\Unused_Asset_Register_V1.0.csv,GOVERNANCE_KEEP,,PENDING
E:\football_v\10_INTEGRATION_LAYER\test\model_connection_test.py,TEST_KEEP,,PENDING
E:\football_v\10_MARKET_INTELLIGENCE_LAYER\handicap_model\handicap_engine.py,NEED_REVIEW,,PENDING
E:\football_v\10_MARKET_INTELLIGENCE_LAYER\market_risk_model\risk_engine.py,NEED_REVIEW,,PENDING
E:\football_v\10_MARKET_INTELLIGENCE_LAYER\registry\market_registry.json,NEED_REVIEW,,PENDING
E:\football_v\11_AI_ORCHESTRATION_LAYER\model_scheduler\scheduler.py,NEED_REVIEW,,PENDING
E:\football_v\11_AI_ORCHESTRATION_LAYER\registry\orchestration_registry.json,NEED_REVIEW,,PENDING
E:\football_v\11_System_Intelligence\reports\phase3_4_decision_fusion_report.json,NEED_REVIEW,,PENDING
E:\football_v\11_System_Intelligence\tests\test_phase3_4_decision_fusion.py,TEST_KEEP,,PENDING
E:\football_v\11_System_Intelligence\__pycache__\decision_fusion.cpython-312.pyc,NEED_REVIEW,,PENDING
E:\football_v\11_System_Intelligence\__pycache__\elo_engine.cpython-312.pyc,NEED_REVIEW,,PENDING
E:\football_v\11_System_Intelligence\__pycache__\elo_trainer.cpython-312.pyc,NEED_REVIEW,,PENDING
E:\football_v\11_System_Intelligence\__pycache__\intelligence_fusion_engine.cpython-312.pyc,NEED_REVIEW,,PENDING
E:\football_v\11_System_Intelligence\__pycache__\model_adjustment_engine.cpython-312.pyc,NEED_REVIEW,,PENDING
E:\football_v\11_System_Intelligence\__pycache__\model_fusion_core.cpython-312.pyc,NEED_REVIEW,,PENDING
E:\football_v\11_System_Intelligence\__pycache__\model_optimizer.cpython-312.pyc,NEED_REVIEW,,PENDING
E:\football_v\11_System_Intelligence\__pycache__\probability_fusion_engine.cpython-312.pyc,NEED_REVIEW,,PENDING
E:\football_v\11_System_Intelligence\tests\__pycache__\test_phase3_4_decision_fusion.cpython-312-pytest-9.1.1.pyc,TEST_KEEP,,PENDING
E:\football_v\12_API_LAYER\reports\real_model_runtime_report.json,NEED_REVIEW,,PENDING
E:\football_v\12_AUTONOMOUS_LEARNING_ENGINE\model_learning\learning_engine.py,NEED_REVIEW,,PENDING
E:\football_v\12_AUTONOMOUS_LEARNING_ENGINE\registry\learning_registry.json,NEED_REVIEW,,PENDING
E:\football_v\13_REPORT_INTELLIGENCE_LAYER\model_report\model_report.py,NEED_REVIEW,,PENDING
E:\football_v\13_REPORT_INTELLIGENCE_LAYER\registry\report_registry.json,NEED_REVIEW,,PENDING
E:\football_v\14_SYSTEM_MONITORING_LAYER\model_monitor\model_checker.py,NEED_REVIEW,,PENDING
E:\football_v\14_SYSTEM_MONITORING_LAYER\registry\monitoring_registry.json,NEED_REVIEW,,PENDING
E:\football_v\15_API_INTEGRATION_LAYER\registry\api_registry.json,NEED_REVIEW,,PENDING
E:\football_v\16_DATABASE_GOVERNANCE_LAYER\migration_engine\registry\migration_registry.json,NEED_REVIEW,,PENDING
E:\football_v\16_DATABASE_GOVERNANCE_LAYER\validation_engine\registry\validation_registry.json,NEED_REVIEW,,PENDING
E:\football_v\17_MODEL_STORE_LAYER\config\model_store_config.json,NEED_REVIEW,,PENDING
E:\football_v\17_MODEL_STORE_LAYER\model_artifact_manager\model_artifact_manager_V1.0.py,NEED_REVIEW,,PENDING
E:\football_v\17_MODEL_STORE_LAYER\model_cache_manager\model_cache_manager_V1.0.py,NEED_REVIEW,,PENDING
E:\football_v\17_MODEL_STORE_LAYER\model_deployment_manager\model_deployment_manager_V1.0.py,NEED_REVIEW,,PENDING
E:\football_v\17_MODEL_STORE_LAYER\model_loader\model_loader_V1.0.py,NEED_REVIEW,,PENDING
E:\football_v\17_MODEL_STORE_LAYER\model_metrics_manager\model_metrics_manager_V1.0.py,NEED_REVIEW,,PENDING
E:\football_v\17_MODEL_STORE_LAYER\model_parameter_manager\model_parameter_manager_V1.0.py,NEED_REVIEW,,PENDING
E:\football_v\17_MODEL_STORE_LAYER\model_registry\model_registry_V1.0.py,NEED_REVIEW,,PENDING
E:\football_v\17_MODEL_STORE_LAYER\model_registry\registry.json,NEED_REVIEW,,PENDING
E:\football_v\17_MODEL_STORE_LAYER\model_validator\model_validator_V1.0.py,NEED_REVIEW,,PENDING
E:\football_v\17_MODEL_STORE_LAYER\model_version_manager\model_version_manager_V1.0.py,NEED_REVIEW,,PENDING
E:\football_v\17_MODEL_STORE_LAYER\reports\model_store_batch_01_deployment_report.json,NEED_REVIEW,,PENDING
E:\football_v\17_MODEL_STORE_LAYER\reports\model_store_batch_02_deployment_report.json,NEED_REVIEW,,PENDING
E:\football_v\18_MODEL_EXECUTION_ENGINE\batch_predictor\batch_predictor_V1.0.py,NEED_REVIEW,,PENDING
E:\football_v\18_MODEL_EXECUTION_ENGINE\confidence_engine\confidence_engine_V1.0.py,NEED_REVIEW,,PENDING
E:\football_v\18_MODEL_EXECUTION_ENGINE\config\execution_config.json,NEED_REVIEW,,PENDING
E:\football_v\18_MODEL_EXECUTION_ENGINE\config\execution_runtime_config.json,NEED_REVIEW,,PENDING
E:\football_v\18_MODEL_EXECUTION_ENGINE\execution_monitor\execution_monitor_V1.0.py,NEED_REVIEW,,PENDING
E:\football_v\18_MODEL_EXECUTION_ENGINE\feature_loader\feature_loader_V1.0.py,NEED_REVIEW,,PENDING
E:\football_v\18_MODEL_EXECUTION_ENGINE\feature_loader\feature_loader_V1.2.py,NEED_REVIEW,,PENDING
E:\football_v\18_MODEL_EXECUTION_ENGINE\feature_loader\feature_loader_V1.3.py,NEED_REVIEW,,PENDING
E:\football_v\18_MODEL_EXECUTION_ENGINE\fusion_engine\fusion_engine_V1_2.py,NEED_REVIEW,,PENDING
E:\football_v\18_MODEL_EXECUTION_ENGINE\fusion_engine\__init__.py,NEED_REVIEW,,PENDING
E:\football_v\18_MODEL_EXECUTION_ENGINE\model_loader\model_adapter_V1.2.py,NEED_REVIEW,,PENDING
E:\football_v\18_MODEL_EXECUTION_ENGINE\model_loader\model_loader_V1.0.py,NEED_REVIEW,,PENDING
E:\football_v\18_MODEL_EXECUTION_ENGINE\model_loader\model_runner_V1.2.py,NEED_REVIEW,,PENDING
E:\football_v\18_MODEL_EXECUTION_ENGINE\output_manager\output_manager_V1.0.py,NEED_REVIEW,,PENDING
E:\football_v\18_MODEL_EXECUTION_ENGINE\prediction_pipeline\prediction_pipeline_V1.0.py,NEED_REVIEW,,PENDING
E:\football_v\18_MODEL_EXECUTION_ENGINE\prediction_pipeline\prediction_pipeline_V1.2.py,NEED_REVIEW,,PENDING
E:\football_v\18_MODEL_EXECUTION_ENGINE\prediction_scheduler\prediction_scheduler_V1.0.py,NEED_REVIEW,,PENDING
E:\football_v\18_MODEL_EXECUTION_ENGINE\reports\execution_engine_batch_01_deployment_report.json,NEED_REVIEW,,PENDING
E:\football_v\18_MODEL_EXECUTION_ENGINE\risk_engine\risk_engine_V1.0.py,NEED_REVIEW,,PENDING
E:\football_v\18_MODEL_EXECUTION_ENGINE\tests\test_execution_engine.py,TEST_KEEP,,PENDING
E:\football_v\18_MODEL_EXECUTION_ENGINE\tests\test_fusion_engine.py,TEST_KEEP,,PENDING
E:\football_v\18_MODEL_EXECUTION_ENGINE\tests\test_prediction_pipeline.py,TEST_KEEP,,PENDING
E:\football_v\18_MODEL_EXECUTION_ENGINE\__pycache__\fusion_engine.cpython-312.pyc,NEED_REVIEW,,PENDING
E:\football_v\18_MODEL_EXECUTION_ENGINE\__pycache__\module.cpython-312.pyc,NEED_REVIEW,,PENDING
E:\football_v\18_MODEL_EXECUTION_ENGINE\__pycache__\__init__.cpython-312.pyc,NEED_REVIEW,,PENDING
E:\football_v\18_MODEL_EXECUTION_ENGINE\archive\fusion_engine\fusion_engine_V1.0.py,NEED_REVIEW,,PENDING
E:\football_v\18_MODEL_EXECUTION_ENGINE\archive\fusion_engine\fusion_engine_v1.py,NEED_REVIEW,,PENDING
E:\football_v\18_MODEL_EXECUTION_ENGINE\fusion_engine\__pycache__\fusion_engine_V1.0.cpython-312.pyc,NEED_REVIEW,,PENDING
E:\football_v\18_MODEL_EXECUTION_ENGINE\fusion_engine\__pycache__\fusion_engine_V1_2.cpython-312.pyc,NEED_REVIEW,,PENDING
E:\football_v\18_MODEL_EXECUTION_ENGINE\fusion_engine\__pycache__\__init__.cpython-312.pyc,NEED_REVIEW,,PENDING
E:\football_v\18_MODEL_EXECUTION_ENGINE\tests\__pycache__\test_execution_engine.cpython-312-pytest-9.1.1.pyc,TEST_KEEP,,PENDING
E:\football_v\18_MODEL_EXECUTION_ENGINE\tests\__pycache__\test_fusion_engine.cpython-312-pytest-9.1.1.pyc,TEST_KEEP,,PENDING
E:\football_v\18_MODEL_EXECUTION_ENGINE\tests\__pycache__\test_prediction_pipeline.cpython-312-pytest-9.1.1.pyc,TEST_KEEP,,PENDING
E:\football_v\19_API_LAYER\api_registry\api_registry_V1.0.py,NEED_REVIEW,,PENDING
E:\football_v\19_API_LAYER\model_api\model_api_V1.0.py,NEED_REVIEW,,PENDING
E:\football_v\20_DASHBOARD_LAYER\model_dashboard\model_dashboard_V1.0.py,NEED_REVIEW,,PENDING
E:\football_v\21_PRODUCT_PACKAGE\version_registry\version_registry_V1.0.py,NEED_REVIEW,,PENDING
E:\football_v\23_MODEL_TRAINING_ENGINE\backtest_connector\backtest_connector_V2.0.py,TEST_KEEP,,PENDING
E:\football_v\23_MODEL_TRAINING_ENGINE\dataset_manager\dataset_manager_V2.0.py,NEED_REVIEW,,PENDING
E:\football_v\23_MODEL_TRAINING_ENGINE\evaluation_engine\evaluation_engine_V2.0.py,NEED_REVIEW,,PENDING
E:\football_v\23_MODEL_TRAINING_ENGINE\feature_loader\feature_loader_V2.0.py,NEED_REVIEW,,PENDING
E:\football_v\23_MODEL_TRAINING_ENGINE\model_trainer\model_trainer_V2.0.py,NEED_REVIEW,,PENDING
E:\football_v\23_MODEL_TRAINING_ENGINE\registry\model_version_registry.json,NEED_REVIEW,,PENDING
E:\football_v\23_MODEL_TRAINING_ENGINE\reports\training_engine_activation_report.json,NEED_REVIEW,,PENDING
E:\football_v\23_MODEL_TRAINING_ENGINE\tests\test_training_engine_V2.0.py,TEST_KEEP,,PENDING
E:\football_v\23_MODEL_TRAINING_ENGINE\training_pipeline\training_pipeline_V2.0.py,NEED_REVIEW,,PENDING
E:\football_v\24_PREDICTION_INTELLIGENCE_LAYER\prediction_models\dixon_coles_predictor.py,NEED_REVIEW,,PENDING
E:\football_v\24_PREDICTION_INTELLIGENCE_LAYER\prediction_models\elo_predictor.py,NEED_REVIEW,,PENDING
E:\football_v\24_PREDICTION_INTELLIGENCE_LAYER\prediction_models\poisson_predictor.py,NEED_REVIEW,,PENDING
E:\football_v\24_PREDICTION_INTELLIGENCE_LAYER\prediction_models\xgboost_predictor.py,NEED_REVIEW,,PENDING
E:\football_v\24_PREDICTION_INTELLIGENCE_LAYER\registry\prediction_registry.json,NEED_REVIEW,,PENDING
E:\football_v\25_BACKTEST_ENGINE\registry\backtest_registry.json,TEST_KEEP,,PENDING
E:\football_v\26_AUTOMATION_LAYER\registry\automation_registry.json,NEED_REVIEW,,PENDING
E:\football_v\27_MODEL_FUSION_ENGINE\registry\27_MODEL_FUSION_ENGINE_registry.json,NEED_REVIEW,,PENDING
E:\football_v\27_MODEL_FUSION_ENGINE\registry\fusion_registry.json,NEED_REVIEW,,PENDING
E:\football_v\28_PROBABILITY_CALIBRATION_ENGINE\registry\28_PROBABILITY_CALIBRATION_ENGINE_registry.json,NEED_REVIEW,,PENDING
E:\football_v\28_PROBABILITY_CALIBRATION_ENGINE\registry\calibration_registry.json,NEED_REVIEW,,PENDING
E:\football_v\29_DECISION_ENGINE\registry\29_DECISION_ENGINE_registry.json,NEED_REVIEW,,PENDING
E:\football_v\29_DECISION_ENGINE\registry\decision_registry.json,NEED_REVIEW,,PENDING
E:\football_v\30_MARKET_GAME_ENGINE\registry\30_MARKET_GAME_ENGINE_registry.json,NEED_REVIEW,,PENDING
E:\football_v\30_MARKET_GAME_ENGINE\registry\market_registry.json,NEED_REVIEW,,PENDING
E:\football_v\31_SELF_LEARNING_ENGINE\registry\learning_registry.json,NEED_REVIEW,,PENDING
E:\football_v\32_PRODUCTION_ORCHESTRATOR\registry\32_PRODUCTION_ORCHESTRATOR_registry.json,NEED_REVIEW,,PENDING
E:\football_v\32_PRODUCTION_ORCHESTRATOR\registry\production_registry.json,NEED_REVIEW,,PENDING
E:\football_v\37_MODEL_INTELLIGENCE_CONNECTOR\registry\37_MODEL_INTELLIGENCE_CONNECTOR_registry.json,NEED_REVIEW,,PENDING
E:\football_v\38_HANDICAP_VALUE_ENGINE\registry\38_HANDICAP_VALUE_ENGINE_registry.json,NEED_REVIEW,,PENDING
E:\football_v\39_MARKET_SENTIMENT_ENGINE\registry\39_MARKET_SENTIMENT_ENGINE_registry.json,NEED_REVIEW,,PENDING
E:\football_v\40_MATCH_PREDICTION_ENGINE\registry\40_MATCH_PREDICTION_ENGINE_registry.json,NEED_REVIEW,,PENDING
E:\football_v\40_MODEL_TRAINING_PIPELINE\config\training_config_V4.0.json,NEED_REVIEW,,PENDING
E:\football_v\40_MODEL_TRAINING_PIPELINE\reports\TRAINING_EXECUTION_STATUS_V4.0.json,NEED_REVIEW,,PENDING
E:\football_v\40_MODEL_TRAINING_PIPELINE\trainer\dixon_coles_trainer_V4.0.py,NEED_REVIEW,,PENDING
E:\football_v\40_MODEL_TRAINING_PIPELINE\trainer\elo_trainer_V4.0.py,NEED_REVIEW,,PENDING
E:\football_v\40_MODEL_TRAINING_PIPELINE\trainer\fusion_trainer_V4.0.py,NEED_REVIEW,,PENDING
E:\football_v\40_MODEL_TRAINING_PIPELINE\trainer\poisson_trainer_V4.0.py,NEED_REVIEW,,PENDING
E:\football_v\40_MODEL_TRAINING_PIPELINE\trainer\train_all_models_V4.0.json,NEED_REVIEW,,PENDING
E:\football_v\40_MODEL_TRAINING_PIPELINE\trainer\train_all_models_V4.0.py,NEED_REVIEW,,PENDING
E:\football_v\40_MODEL_TRAINING_PIPELINE\trainer\xgboost_trainer_V4.0.py,NEED_REVIEW,,PENDING
E:\football_v\50_MODEL_REGISTRY\models\elo_model_V4.0.json,PRODUCTION_REGISTRY_KEEP,,PENDING
E:\football_v\99_DOCUMENTATION\architecture\Football_AI_OS_Development_Roadmap_V1.2.md,NEED_REVIEW,,PENDING
E:\football_v\99_DOCUMENTATION\audit\MODEL_LAYER_FINAL_MAPPING_REPORT_V1.0.md,NEED_REVIEW,,PENDING
E:\football_v\99_DOCUMENTATION\checkpoints\Checkpoint-028_Core_Service_Fusion_Final.txt,NEED_REVIEW,,PENDING
E:\football_v\99_DOCUMENTATION\checkpoints\Checkpoint-039_Data_Source_Registry_V1.1.txt,NEED_REVIEW,,PENDING
E:\football_v\99_DOCUMENTATION\checkpoints\Checkpoint-047_Football_AI_OS_Enterprise_Development_Plan_V1.5.txt,NEED_REVIEW,,PENDING
E:\football_v\99_DOCUMENTATION\checkpoints\Checkpoint-050_Elo_Model_Migration_Validation_V1.0.txt,NEED_REVIEW,,PENDING
E:\football_v\99_DOCUMENTATION\checkpoints\Checkpoint-056_AI_Model_Engine_Framework_V1.0.txt,NEED_REVIEW,,PENDING
E:\football_v\99_DOCUMENTATION\checkpoints\Checkpoint_MODEL_LAYER_ELO_MIGRATION_V1.0.txt,NEED_REVIEW,,PENDING
E:\football_v\99_DOCUMENTATION\checkpoints\Elo_Model_Migration_V1.0.py,NEED_REVIEW,,PENDING
E:\football_v\99_DOCUMENTATION\checkpoints\Model_Layer_V1.3_Report.json,NEED_REVIEW,,PENDING
E:\football_v\99_DOCUMENTATION\FINAL_RELEASE_V4.0\MODEL_WEIGHT_CONFIG_V4.0.json,NEED_REVIEW,,PENDING
E:\football_v\99_DOCUMENTATION\FINAL_SYSTEM_COMPLETION_V4.0\MODEL_REGISTRY_V4.0.json,NEED_REVIEW,,PENDING
E:\football_v\99_DOCUMENTATION\FINAL_SYSTEM_COMPLETION_V4.0\MODEL_TRAINING_ENV_V4.0.json,NEED_REVIEW,,PENDING
E:\football_v\99_DOCUMENTATION\FIRST_REAL_PREDICTION_TEST_V4.0\fusion_result_V4.0.json,NEED_REVIEW,,PENDING
E:\football_v\99_DOCUMENTATION\FIRST_REAL_PREDICTION_TEST_V4.0\model_output_V4.0.json,NEED_REVIEW,,PENDING
E:\football_v\99_DOCUMENTATION\migration\ELO_LEGACY_SCAN_REPORT_SUMMARY_TOP200.txt,NEED_REVIEW,,PENDING
E:\football_v\99_DOCUMENTATION\migration\ELO_LEGACY_SCAN_REPORT_SUMMARY_V1.0.txt,NEED_REVIEW,,PENDING
E:\football_v\99_DOCUMENTATION\migration\ELO_LEGACY_SCAN_REPORT_V1.0.txt,NEED_REVIEW,,PENDING
E:\football_v\99_DOCUMENTATION\migration\ELO_LEGACY_SCAN_SUMMARY_V1.0.txt,NEED_REVIEW,,PENDING
E:\football_v\99_DOCUMENTATION\migration\ELO_LEGACY_TO_OMEGA_V3.2_DIFF_REPORT_V1.0.txt,NEED_REVIEW,,PENDING
E:\football_v\99_DOCUMENTATION\migration\LEGACY_MODEL_LIST.csv,NEED_REVIEW,,PENDING
E:\football_v\99_DOCUMENTATION\migration\MODEL_LAYER_MIGRATION_STATUS_V1.0.md,NEED_REVIEW,,PENDING
E:\football_v\99_DOCUMENTATION\migration\OMEGA_MODEL_LIST.csv,NEED_REVIEW,,PENDING
E:\football_v\99_DOCUMENTATION\Migration_Plan\Football_AI_OS_ELO_Migration_Design_V1.0.md,NEED_REVIEW,,PENDING
E:\football_v\99_DOCUMENTATION\MODEL_DATA_SNAPSHOT_V4.0\DATABASE_LOCATION_V4.0.json,NEED_REVIEW,,PENDING
E:\football_v\99_DOCUMENTATION\MODEL_DATA_SNAPSHOT_V4.0\DB_ARCHITECTURE_SCAN_V4.0.txt,NEED_REVIEW,,PENDING
E:\football_v\99_DOCUMENTATION\MODEL_DATA_SNAPSHOT_V4.0\FOOTBALL_V_DATA_SCAN_V4.0.txt,NEED_REVIEW,,PENDING
E:\football_v\99_DOCUMENTATION\MODEL_DATA_SNAPSHOT_V4.0\FULL_SYSTEM_SCAN_V4.0.txt,NEED_REVIEW,,PENDING
E:\football_v\99_DOCUMENTATION\MODEL_DATA_SNAPSHOT_V4.0\MODEL_DATA_SNAPSHOT_V4.0.json,NEED_REVIEW,,PENDING
E:\football_v\99_DOCUMENTATION\MODEL_LAYER_FULL_AUDIT\MODEL_LAYER_FULL_AUDIT.json,NEED_REVIEW,,PENDING
E:\football_v\99_DOCUMENTATION\MODEL_LAYER_FULL_AUDIT\MODEL_LAYER_FULL_AUDIT.txt,NEED_REVIEW,,PENDING
E:\football_v\99_DOCUMENTATION\MODEL_TRAINING_READY_V4.0\MODEL_TRAINING_READY_CHECKPOINT_V4.0.json,NEED_REVIEW,,PENDING
E:\football_v\99_DOCUMENTATION\MODEL_TRAINING_READY_V4.0\TRAINING_ENGINE_CHECKPOINT_V4.0.json,NEED_REVIEW,,PENDING
E:\football_v\99_DOCUMENTATION\reports\FEATURE_MODEL_DEPLOYMENT_V1.0_REPORT.json,NEED_REVIEW,,PENDING
E:\football_v\99_DOCUMENTATION\reports\FOOTBALL_AI_OS_MODEL_LAYER_V2.3_REAL_REPORT.json,NEED_REVIEW,,PENDING
E:\football_v\99_DOCUMENTATION\reports\MODEL_MIGRATION_V1.1_REPORT.json,NEED_REVIEW,,PENDING
E:\football_v\99_DOCUMENTATION\SYSTEM_CHECKPOINTS\MODEL_ASSET_SCAN_V4.0.txt,NEED_REVIEW,,PENDING
E:\football_v\99_DOCUMENTATION\V4_RUNTIME_VALIDATION_V4.0\model_validation_V4.0.json,NEED_REVIEW,,PENDING
E:\football_v\99_DOCUMENTATION\architecture_cleanup\FINAL_CLEANUP_V3.0\DEPRECATED_ARCHIVE\elo_loader.py,NEED_REVIEW,,PENDING
E:\football_v\99_DOCUMENTATION\architecture_cleanup\FINAL_CLEANUP_V3.0\DEPRECATED_ARCHIVE\feature_registry.py,NEED_REVIEW,,PENDING
E:\football_v\99_DOCUMENTATION\architecture_cleanup\FINAL_CLEANUP_V3.0\DEPRECATED_ARCHIVE\fusion_runner.py,NEED_REVIEW,,PENDING
E:\football_v\99_DOCUMENTATION\architecture_cleanup\FINAL_CLEANUP_V3.0\DEPRECATED_ARCHIVE\fusion_runtime.py,NEED_REVIEW,,PENDING
E:\football_v\99_DOCUMENTATION\architecture_cleanup\FINAL_CLEANUP_V3.0\DEPRECATED_ARCHIVE\model_api.py,NEED_REVIEW,,PENDING
E:\football_v\99_DOCUMENTATION\architecture_cleanup\FINAL_CLEANUP_V3.0\DEPRECATED_ARCHIVE\model_connector.py,NEED_REVIEW,,PENDING
E:\football_v\99_DOCUMENTATION\architecture_cleanup\FINAL_CLEANUP_V3.0\DEPRECATED_ARCHIVE\model_executor.py,NEED_REVIEW,,PENDING
E:\football_v\99_DOCUMENTATION\architecture_cleanup\FINAL_CLEANUP_V3.0\DEPRECATED_ARCHIVE\model_manager.py,NEED_REVIEW,,PENDING
E:\football_v\99_DOCUMENTATION\architecture_cleanup\FINAL_CLEANUP_V3.0\DEPRECATED_ARCHIVE\model_registry.py,NEED_REVIEW,,PENDING
E:\football_v\99_DOCUMENTATION\architecture_cleanup\FINAL_CLEANUP_V3.0\DEPRECATED_ARCHIVE\model_runner.py,NEED_REVIEW,,PENDING
E:\football_v\99_DOCUMENTATION\architecture_cleanup\FINAL_CLEANUP_V3.0\DEPRECATED_ARCHIVE\model_status.py,NEED_REVIEW,,PENDING
E:\football_v\99_DOCUMENTATION\architecture_cleanup\FINAL_CLEANUP_V3.0\DEPRECATED_ARCHIVE\model_update.py,NEED_REVIEW,,PENDING
E:\football_v\99_DOCUMENTATION\architecture_cleanup\FINAL_CLEANUP_V3.0\DEPRECATED_ARCHIVE\model_validator.py,NEED_REVIEW,,PENDING
E:\football_v\99_DOCUMENTATION\architecture_cleanup\FINAL_CLEANUP_V3.0\DEPRECATED_ARCHIVE\model_version_manager.py,NEED_REVIEW,,PENDING
E:\football_v\99_DOCUMENTATION\architecture_cleanup\FINAL_CLEANUP_V3.0\DEPRECATED_ARCHIVE\model_weight_loader.py,NEED_REVIEW,,PENDING
E:\football_v\99_DOCUMENTATION\architecture_cleanup\FINAL_CLEANUP_V3.0\DEPRECATED_ARCHIVE\poisson_loader.py,NEED_REVIEW,,PENDING
E:\football_v\99_DOCUMENTATION\architecture_cleanup\FINAL_CLEANUP_V3.0\DEPRECATED_ARCHIVE\system_registry.py,NEED_REVIEW,,PENDING
E:\football_v\99_DOCUMENTATION\architecture_cleanup\FINAL_CLEANUP_V3.0\DEPRECATED_ARCHIVE\test_model_store.py,TEST_KEEP,,PENDING
E:\football_v\99_DOCUMENTATION\architecture_cleanup\FINAL_CLEANUP_V3.0\DEPRECATED_ARCHIVE\xgboost_loader.py,NEED_REVIEW,,PENDING
E:\football_v\99_DOCUMENTATION\audit\MODEL_LAYER_VERIFY_BATCH_V1\Legacy_ModelLayer_TREE.txt,NEED_REVIEW,,PENDING
E:\football_v\99_DOCUMENTATION\audit\MODEL_LAYER_VERIFY_BATCH_V1\MODEL_CONFIG_INDEX.txt,NEED_REVIEW,,PENDING
E:\football_v\99_DOCUMENTATION\audit\MODEL_LAYER_VERIFY_BATCH_V1\Omega_ModelLayer_TREE.txt,NEED_REVIEW,,PENDING
E:\football_v\99_DOCUMENTATION\audit\MODEL_LAYER_VERIFY_BATCH_V1\PYTHON_MODEL_INDEX.txt,NEED_REVIEW,,PENDING
E:\football_v\99_DOCUMENTATION\audit\MODEL_LAYER_VERIFY_BATCH_V1\REGISTRY_INDEX.txt,NEED_REVIEW,,PENDING
E:\football_v\99_DOCUMENTATION\audit\MODEL_LAYER_VERIFY_BATCH_V1\ROOT_STRUCTURE.txt,NEED_REVIEW,,PENDING
E:\football_v\99_DOCUMENTATION\checkpoints\Model_Layer_V1.3_Backup\MODEL_LAYER\feature_store_connector.py,NEED_REVIEW,,PENDING
E:\football_v\99_DOCUMENTATION\checkpoints\Model_Layer_V1.3_Backup\MODEL_LAYER\model_interface.py,NEED_REVIEW,,PENDING
E:\football_v\99_DOCUMENTATION\checkpoints\Model_Layer_V1.3_Backup\MODEL_LAYER\model_loader.py,NEED_REVIEW,,PENDING
E:\football_v\99_DOCUMENTATION\checkpoints\Model_Layer_V1.3_Backup\MODEL_LAYER\model_registry.py,NEED_REVIEW,,PENDING
E:\football_v\99_DOCUMENTATION\checkpoints\Model_Layer_V1.3_Backup\MODEL_LAYER\model_runtime.py,NEED_REVIEW,,PENDING
E:\football_v\99_DOCUMENTATION\checkpoints\Model_Layer_V1.3_Backup\MODEL_LAYER\backtest\backtest_engine.py,TEST_KEEP,,PENDING
E:\football_v\99_DOCUMENTATION\checkpoints\Model_Layer_V1.3_Backup\MODEL_LAYER\backtest\model_accuracy_report.py,NEED_REVIEW,,PENDING
E:\football_v\99_DOCUMENTATION\checkpoints\Model_Layer_V1.3_Backup\MODEL_LAYER\backtest\prediction_tracker.py,NEED_REVIEW,,PENDING
E:\football_v\99_DOCUMENTATION\checkpoints\Model_Layer_V1.3_Backup\MODEL_LAYER\backtest\roi_analyzer.py,NEED_REVIEW,,PENDING
E:\football_v\99_DOCUMENTATION\checkpoints\Model_Layer_V1.3_Backup\MODEL_LAYER\config\model_config.json,NEED_REVIEW,,PENDING
E:\football_v\99_DOCUMENTATION\checkpoints\Model_Layer_V1.3_Backup\MODEL_LAYER\fusion\fusion_engine.py,NEED_REVIEW,,PENDING
E:\football_v\99_DOCUMENTATION\checkpoints\Model_Layer_V1.3_Backup\MODEL_LAYER\fusion\probability_calculator.py,NEED_REVIEW,,PENDING
E:\football_v\99_DOCUMENTATION\checkpoints\Model_Layer_V1.3_Backup\MODEL_LAYER\models\dixon_coles_model.py,NEED_REVIEW,,PENDING
E:\football_v\99_DOCUMENTATION\checkpoints\Model_Layer_V1.3_Backup\MODEL_LAYER\models\elo_model.py,NEED_REVIEW,,PENDING
E:\football_v\99_DOCUMENTATION\checkpoints\Model_Layer_V1.3_Backup\MODEL_LAYER\models\poisson_model.py,NEED_REVIEW,,PENDING
E:\football_v\99_DOCUMENTATION\checkpoints\Model_Layer_V1.3_Backup\MODEL_LAYER\models\xgboost_model.py,NEED_REVIEW,,PENDING
E:\football_v\99_DOCUMENTATION\checkpoints\Model_Layer_V1.3_Backup\MODEL_LAYER\reports\model_layer_report.json,NEED_REVIEW,,PENDING
E:\football_v\99_DOCUMENTATION\checkpoints\Model_Layer_V1.3_Backup\MODEL_LAYER\tests\model_layer_v1.3_full_test.py,TEST_KEEP,,PENDING
E:\football_v\99_DOCUMENTATION\checkpoints\Model_Layer_V1.3_Backup\MODEL_LAYER\tests\test_elo_model_migration.py,TEST_KEEP,,PENDING
E:\football_v\99_DOCUMENTATION\checkpoints\Model_Layer_V1.3_Backup\MODEL_LAYER\__pycache__\model_interface.cpython-312.pyc,NEED_REVIEW,,PENDING
E:\football_v\99_DOCUMENTATION\checkpoints\Model_Layer_V1.3_Backup\MODEL_LAYER\models\__pycache__\elo_model.cpython-312.pyc,NEED_REVIEW,,PENDING
E:\football_v\99_DOCUMENTATION\checkpoints\Model_Layer_V1.3_Backup\MODEL_LAYER\tests\__pycache__\test_elo_model_migration.cpython-312-pytest-9.1.1.pyc,TEST_KEEP,,PENDING
E:\football_v\99_DOCUMENTATION\Legacy_Asset_Index\Phase_1_Python_Asset\Python_Class_Registry_V1.0.csv,NEED_REVIEW,,PENDING
E:\football_v\99_DOCUMENTATION\Legacy_Asset_Index\Phase_1_Python_Asset\Python_Function_Registry_V1.0.csv,NEED_REVIEW,,PENDING
E:\football_v\99_DOCUMENTATION\Legacy_Asset_Index\Phase_2_Function_Registry\Function_Capability_Registry_V1.0.csv,NEED_REVIEW,,PENDING
E:\football_v\99_DOCUMENTATION\Legacy_Asset_Index\Phase_2_Function_Registry\Keyword_Discovery_Map_V1.0.csv,NEED_REVIEW,,PENDING
E:\football_v\99_DOCUMENTATION\Legacy_Asset_Index\Phase_2_Function_Registry\Module_Capability_Map_V1.0.csv,NEED_REVIEW,,PENDING
E:\football_v\99_DOCUMENTATION\Legacy_Asset_Index\Phase_3_Call_Graph\Call_Graph_Registry_V1.0.csv,NEED_REVIEW,,PENDING
E:\football_v\99_DOCUMENTATION\Legacy_Asset_Index\Phase_4_Database_Registry\Database_Asset_Registry_V1.0.csv,NEED_REVIEW,,PENDING
E:\football_v\99_DOCUMENTATION\Legacy_Asset_Index\Phase_4_Database_Registry\Database_SQL_Discovery_V1.0.csv,NEED_REVIEW,,PENDING
E:\football_v\99_DOCUMENTATION\Legacy_Asset_Index\Phase_4_Database_Registry\Database_Table_Registry_V1.0.csv,NEED_REVIEW,,PENDING
E:\football_v\99_DOCUMENTATION\Legacy_Asset_Index\Phase_5_Model_Registry\Model_Asset_Registry_V1.0.csv,NEED_REVIEW,,PENDING
E:\football_v\99_DOCUMENTATION\Legacy_Asset_Index\Phase_5_Model_Registry\Model_Code_Map_V1.0.csv,NEED_REVIEW,,PENDING
E:\football_v\99_DOCUMENTATION\Legacy_Asset_Index\Phase_5_Model_Registry\Model_Lifecycle_Map_V1.0.csv,NEED_REVIEW,,PENDING
E:\football_v\99_DOCUMENTATION\Legacy_Asset_Index\Phase_6_Feature_Registry\Feature_Asset_Registry_V1.0.csv,NEED_REVIEW,,PENDING
E:\football_v\99_DOCUMENTATION\Legacy_Asset_Index\Phase_6_Feature_Registry\Feature_Code_Map_V1.0.csv,NEED_REVIEW,,PENDING
E:\football_v\99_DOCUMENTATION\Legacy_Asset_Index\Phase_6_Feature_Registry\Feature_Data_Map_V1.0.csv,NEED_REVIEW,,PENDING
E:\football_v\99_DOCUMENTATION\Legacy_Asset_Index\Phase_7_Runtime_Registry\Entry_Runtime_Flow_V1.0.csv,NEED_REVIEW,,PENDING
E:\football_v\99_DOCUMENTATION\Legacy_Asset_Index\Phase_7_Runtime_Registry\Prediction_Decision_Map_V1.0.csv,NEED_REVIEW,,PENDING
E:\football_v\99_DOCUMENTATION\Legacy_Asset_Index\Phase_7_Runtime_Registry\Runtime_Asset_Registry_V1.0.csv,NEED_REVIEW,,PENDING
E:\football_v\99_DOCUMENTATION\Legacy_Asset_Index\Phase_8_Status_Registry\Asset_Status_Registry_V1.0.csv,NEED_REVIEW,,PENDING
E:\football_v\99_DOCUMENTATION\Legacy_Asset_Index\Phase_8_Status_Registry\Migration_Precheck_Report_V1.0.csv,NEED_REVIEW,,PENDING
E:\football_v\AI_RUNTIME\__pycache__\model_connector.cpython-312.pyc,NEED_REVIEW,,PENDING
E:\football_v\AI_RUNTIME\__pycache__\model_fusion.cpython-312.pyc,NEED_REVIEW,,PENDING
E:\football_v\AI_RUNTIME\__pycache__\model_outputs.cpython-312.pyc,NEED_REVIEW,,PENDING
E:\football_v\AI_RUNTIME\__pycache__\model_runtime_connector.cpython-312.pyc,NEED_REVIEW,,PENDING
E:\football_v\archive\V4_CLEANUP_ARCHIVE\deploy_MODEL_LAYER_V2.10_OPTIMIZATION_ALL.ps1,NEED_REVIEW,,PENDING
E:\football_v\archive\V4_CLEANUP_ARCHIVE\deploy_MODEL_LAYER_V2.11_FEEDBACK_LOOP_ALL.ps1,NEED_REVIEW,,PENDING
E:\football_v\LEGACY_IMPORT\03_SUPPORTING\dixon_coles_data.py,NEED_REVIEW,,PENDING
E:\football_v\LEGACY_IMPORT\03_SUPPORTING\elo_engine_data.py,NEED_REVIEW,,PENDING
E:\football_v\LEGACY_IMPORT\03_SUPPORTING\model_data_registry_engine.py,NEED_REVIEW,,PENDING
E:\football_v\LEGACY_IMPORT\03_SUPPORTING\poisson_engine_data.py,NEED_REVIEW,,PENDING
E:\football_v\LEGACY_IMPORT\01_PREDICTION_MODELS\Dixon_Coles\dixon_coles.py,NEED_REVIEW,,PENDING
E:\football_v\LEGACY_IMPORT\01_PREDICTION_MODELS\Dixon_Coles\dixon_coles_history_engine.py,NEED_REVIEW,,PENDING
E:\football_v\LEGACY_IMPORT\01_PREDICTION_MODELS\Elo\elo_engine.py,NEED_REVIEW,,PENDING
E:\football_v\LEGACY_IMPORT\01_PREDICTION_MODELS\Poisson\poisson_engine.py,NEED_REVIEW,,PENDING
E:\football_v\LEGACY_IMPORT\01_PREDICTION_MODELS\Poisson\poisson_history_engine.py,NEED_REVIEW,,PENDING
E:\football_v\LEGACY_IMPORT\01_PREDICTION_MODELS\XGBoost\xgboost_engine.py,NEED_REVIEW,,PENDING
E:\football_v\LEGACY_IMPORT\01_PREDICTION_MODELS\XGBoost\xgboost_fusion_engine.py,NEED_REVIEW,,PENDING
E:\football_v\LEGACY_IMPORT\01_PREDICTION_MODELS\XGBoost\xgboost_fusion_v2_engine.py,NEED_REVIEW,,PENDING
