"FullName","Length","LastWriteTime"
"E:\football_v\00_System_OS\03_MODEL_LAYER\Model_Pool\model_config.py","172","2026-07-26 13:55:34"
"E:\football_v\00_System_OS\03_MODEL_LAYER\Model_Pool\__init__.py","0","2026-07-26 08:24:23"
"E:\football_v\00_System_OS\03_MODEL_LAYER\Model_Pool\Dixon_Coles\dixon_coles.py","2417","2026-07-25 23:55:04"
"E:\football_v\00_System_OS\03_MODEL_LAYER\Model_Pool\Dixon_Coles\dixon_coles_history_engine.py","1820","2026-07-25 23:55:04"
"E:\football_v\00_System_OS\03_MODEL_LAYER\Model_Pool\Dixon_Coles\__init__.py","0","2026-07-26 08:24:23"
"E:\football_v\00_System_OS\03_MODEL_LAYER\Model_Pool\Dixon_Coles\__pycache__\dixon_coles.cpython-312.pyc","3273","2026-07-26 00:00:43"
"E:\football_v\00_System_OS\03_MODEL_LAYER\Model_Pool\Dixon_Coles\__pycache__\__init__.cpython-312.pyc","173","2026-07-26 08:31:34"
"E:\football_v\00_System_OS\03_MODEL_LAYER\Model_Pool\Elo\elo_engine.py","3959","2026-07-25 23:55:04"
"E:\football_v\00_System_OS\03_MODEL_LAYER\Model_Pool\Elo\__init__.py","0","2026-07-26 08:24:23"
"E:\football_v\00_System_OS\03_MODEL_LAYER\Model_Pool\Elo\__pycache__\elo_engine.cpython-312.pyc","3808","2026-07-26 00:00:43"
"E:\football_v\00_System_OS\03_MODEL_LAYER\Model_Pool\Elo\__pycache__\__init__.cpython-312.pyc","165","2026-07-26 08:31:34"
"E:\football_v\00_System_OS\03_MODEL_LAYER\Model_Pool\Poisson\config.py","125","2026-07-26 08:28:19"
"E:\football_v\00_System_OS\03_MODEL_LAYER\Model_Pool\Poisson\poisson_engine.py","4369","2026-07-26 08:34:35"
"E:\football_v\00_System_OS\03_MODEL_LAYER\Model_Pool\Poisson\poisson_history_engine.py","2565","2026-07-25 23:55:04"
"E:\football_v\00_System_OS\03_MODEL_LAYER\Model_Pool\Poisson\__init__.py","0","2026-07-26 08:24:23"
"E:\football_v\00_System_OS\03_MODEL_LAYER\Model_Pool\Poisson\__pycache__\poisson_engine.cpython-312.pyc","5067","2026-07-26 08:34:43"
"E:\football_v\00_System_OS\03_MODEL_LAYER\Model_Pool\Poisson\__pycache__\__init__.cpython-312.pyc","169","2026-07-26 08:31:34"
"E:\football_v\00_System_OS\03_MODEL_LAYER\Model_Pool\XGBoost\backup_xgboost_fusion_v3_engine.py","3867","2026-07-26 15:09:14"
"E:\football_v\00_System_OS\03_MODEL_LAYER\Model_Pool\XGBoost\model_config.py","197","2026-07-26 13:58:43"
"E:\football_v\00_System_OS\03_MODEL_LAYER\Model_Pool\XGBoost\xgboost_engine.py","2142","2026-07-25 23:55:04"
"E:\football_v\00_System_OS\03_MODEL_LAYER\Model_Pool\XGBoost\xgboost_fusion_engine.py","6631","2026-07-25 23:55:04"
"E:\football_v\00_System_OS\03_MODEL_LAYER\Model_Pool\XGBoost\xgboost_fusion_v2_engine.py","4061","2026-07-26 14:24:36"
"E:\football_v\00_System_OS\03_MODEL_LAYER\Model_Pool\XGBoost\xgboost_fusion_v2_engine_backup.py","4225","2026-07-26 14:14:56"
"E:\football_v\00_System_OS\03_MODEL_LAYER\Model_Pool\XGBoost\xgboost_fusion_v3_engine.py","3791","2026-07-26 15:11:50"
"E:\football_v\00_System_OS\03_MODEL_LAYER\Model_Pool\XGBoost\xgboost_fusion_v3_engine_backup.py","3964","2026-07-26 14:44:57"
"E:\football_v\00_System_OS\03_MODEL_LAYER\Model_Pool\XGBoost\__init__.py","0","2026-07-26 08:24:24"
"E:\football_v\00_System_OS\03_MODEL_LAYER\Model_Pool\XGBoost\__pycache__\xgboost_engine.cpython-312.pyc","2984","2026-07-26 00:00:43"
"E:\football_v\00_System_OS\03_MODEL_LAYER\Model_Pool\XGBoost\__pycache__\xgboost_fusion_v2_engine.cpython-312.pyc","5203","2026-07-26 14:24:51"
"E:\football_v\00_System_OS\03_MODEL_LAYER\Model_Pool\XGBoost\__pycache__\__init__.cpython-312.pyc","169","2026-07-26 08:31:34"
"E:\football_v\00_System_OS\03_MODEL_LAYER\Model_Pool\__pycache__\model_config.cpython-312.pyc","265","2026-07-26 11:35:45"
"E:\football_v\00_System_OS\03_MODEL_LAYER\Model_Pool\__pycache__\__init__.cpython-312.pyc","161","2026-07-26 08:31:34"
