file,exists,size,last_modified,delete_status
E:\football_v\CHANGELOG.md,YES,1700,2026-07-27 10:26:41.388480,PENDING_REVIEW
E:\football_v\check_model_db.py,YES,276,2026-07-26 08:54:54.854092,PENDING_REVIEW
E:\football_v\check_model_history.py,YES,1105,2026-07-26 08:19:35.769617,PENDING_REVIEW
E:\football_v\migrate_model_history.py,YES,1195,2026-07-26 08:17:37.520447,PENDING_REVIEW
E:\football_v\model_execution_test_v1.py,YES,697,2026-07-26 08:45:13.937935,PENDING_REVIEW
E:\football_v\model_import_test.py,YES,809,2026-07-26 08:23:18.415737,PENDING_REVIEW
E:\football_v\model_import_test_v2.py,YES,1062,2026-07-26 08:31:25.188624,PENDING_REVIEW
E:\football_v\MODEL_LAYER_AUDIT_SOURCE.txt,YES,18519,2026-07-27 19:24:48.400350,PENDING_REVIEW
E:\football_v\MODEL_LAYER_FULL_AUDIT_SCAN.py,YES,2565,2026-07-27 21:32:31.304610,PENDING_REVIEW
E:\football_v\MODEL_LAYER_TREE.txt,YES,1890,2026-07-27 19:24:55.008765,PENDING_REVIEW
E:\football_v\model_runtime_test_v1.py,YES,1304,2026-07-26 08:44:00.107023,PENDING_REVIEW
E:\football_v\phase5_model_scan.py,YES,3239,2026-07-24 23:48:01.358305,PENDING_REVIEW
E:\football_v\release_registry_V1.5.json,YES,354,2026-07-22 22:53:45.100356,PENDING_REVIEW
E:\football_v\00_SYSTEM_TOOLS\model_data_snapshot_V4.0.py,YES,1514,2026-07-23 14:51:13.943934,PENDING_REVIEW
E:\football_v\06_PREDICTION_ENGINE\prediction_registry.py,YES,477,2026-07-21 11:27:27.939322,PENDING_REVIEW
E:\football_v\07_BACKTEST_AI\model_feedback.py,YES,1026,2026-07-21 11:43:58.702817,PENDING_REVIEW
E:\football_v\08_DECISION_ENGINE\decision_registry.py,YES,467,2026-07-21 11:51:29.807723,PENDING_REVIEW
E:\football_v\09_AI_ORCHESTRATION_LAYER\model_router.py,YES,1154,2026-07-21 11:56:20.421206,PENDING_REVIEW
E:\football_v\09_Prediction_System\model_result_adapter.py,YES,172,2026-07-21 18:11:41.634081,PENDING_REVIEW
E:\football_v\104_MARKET_SENTIMENT_FUSION_ENGINE\module.py,YES,51,2026-07-23 00:17:54.048706,PENDING_REVIEW
E:\football_v\10_AI_AUTONOMOUS_ENGINE\model_change_tracker.py,YES,644,2026-07-21 12:44:05.320607,PENDING_REVIEW
E:\football_v\10_AI_AUTONOMOUS_ENGINE\model_self_optimizer.py,YES,554,2026-07-21 12:15:45.671176,PENDING_REVIEW
E:\football_v\118_MODEL_INFERENCE_SERVICE\module.py,YES,91,2026-07-23 00:23:35.315249,PENDING_REVIEW
E:\football_v\11_System_Intelligence\agent_fusion_engine.py,YES,197,2026-07-21 20:48:48.585041,PENDING_REVIEW
E:\football_v\11_System_Intelligence\decision_fusion.py,YES,343,2026-07-21 20:01:39.584808,PENDING_REVIEW
E:\football_v\11_System_Intelligence\dixon_coles_model.py,YES,190,2026-07-21 20:46:19.833400,PENDING_REVIEW
E:\football_v\11_System_Intelligence\dixon_coles_trainer.py,YES,147,2026-07-21 20:51:13.439939,PENDING_REVIEW
E:\football_v\11_System_Intelligence\elo_engine.py,YES,303,2026-07-21 20:46:19.832401,PENDING_REVIEW
E:\football_v\11_System_Intelligence\elo_trainer.py,YES,181,2026-07-21 20:51:13.438938,PENDING_REVIEW
E:\football_v\11_System_Intelligence\intelligence_fusion_engine.py,YES,319,2026-07-21 20:01:39.584808,PENDING_REVIEW
E:\football_v\11_System_Intelligence\model_accuracy_memory.py,YES,176,2026-07-21 20:48:48.601365,PENDING_REVIEW
E:\football_v\11_System_Intelligence\model_adjustment_engine.py,YES,145,2026-07-21 20:51:13.445209,PENDING_REVIEW
E:\football_v\11_System_Intelligence\model_conflict_detector.py,YES,211,2026-07-21 20:43:30.999119,PENDING_REVIEW
E:\football_v\11_System_Intelligence\model_fusion_core.py,YES,263,2026-07-21 20:46:19.833400,PENDING_REVIEW
E:\football_v\11_System_Intelligence\model_observer.py,YES,111,2026-07-21 18:11:41.634081,PENDING_REVIEW
E:\football_v\11_System_Intelligence\model_optimizer.py,YES,652,2026-07-21 20:07:44.601252,PENDING_REVIEW
E:\football_v\11_System_Intelligence\model_weight_optimizer.py,YES,216,2026-07-21 20:43:30.999119,PENDING_REVIEW
E:\football_v\11_System_Intelligence\poisson_model.py,YES,214,2026-07-21 20:46:19.832401,PENDING_REVIEW
E:\football_v\11_System_Intelligence\poisson_trainer.py,YES,140,2026-07-21 20:51:13.439939,PENDING_REVIEW
E:\football_v\11_System_Intelligence\probability_fusion_engine.py,YES,516,2026-07-21 20:43:30.967820,PENDING_REVIEW
E:\football_v\11_System_Intelligence\xgboost_predictor.py,YES,201,2026-07-21 20:46:19.833400,PENDING_REVIEW
E:\football_v\11_System_Intelligence\xgboost_trainer.py,YES,140,2026-07-21 20:51:13.442214,PENDING_REVIEW
E:\football_v\121_DATABASE_GOVERNANCE_LAYER\data_registry.py,YES,73,2026-07-23 00:32:29.164082,PENDING_REVIEW
E:\football_v\122_MODEL_STORE_LAYER\metadata_manager.py,YES,65,2026-07-23 00:32:29.164082,PENDING_REVIEW
E:\football_v\123_MODEL_WEIGHT_UPDATE_ENGINE\module.py,YES,97,2026-07-23 00:24:20.940756,PENDING_REVIEW
E:\football_v\124_DASHBOARD_LAYER\model_monitor.py,YES,63,2026-07-23 00:32:29.164082,PENDING_REVIEW
E:\football_v\126_MODEL_EXPLANATION_ENGINE\explanation_engine.py,YES,72,2026-07-23 00:32:29.164082,PENDING_REVIEW
E:\football_v\143_MODEL_CALL_ORCHESTRATOR\module.py,YES,212,2026-07-23 09:48:29.402560,PENDING_REVIEW
E:\football_v\17_MODEL_STORE_LAYER\deploy_model_store_batch_01_V1.0.py,YES,2888,2026-07-22 21:46:31.380732,PENDING_REVIEW
E:\football_v\17_MODEL_STORE_LAYER\deploy_model_store_batch_02_V1.0.py,YES,2050,2026-07-22 21:48:06.803178,PENDING_REVIEW
E:\football_v\17_MODEL_STORE_LAYER\model_loader.py,YES,247,2026-07-22 22:53:45.069925,PENDING_REVIEW
E:\football_v\17_MODEL_STORE_LAYER\module.py,YES,350,2026-07-22 22:57:42.658307,PENDING_REVIEW
E:\football_v\18_MODEL_EXECUTION_ENGINE\deploy_execution_engine_batch_01_V1.0.py,YES,3227,2026-07-22 21:49:58.991978,PENDING_REVIEW
E:\football_v\18_MODEL_EXECUTION_ENGINE\execution_engine_api.py,YES,301,2026-07-28 00:15:56.224061,PENDING_REVIEW
E:\football_v\18_MODEL_EXECUTION_ENGINE\module.py,YES,469,2026-07-22 22:57:42.658821,PENDING_REVIEW
E:\football_v\18_MODEL_EXECUTION_ENGINE\__init__.py,YES,0,2026-07-28 00:23:36.195821,PENDING_REVIEW
E:\football_v\22_AI_FEATURE_STORE_LAYER\feature_registry.py,YES,152,2026-07-22 23:16:58.022566,PENDING_REVIEW
E:\football_v\23_MODEL_TRAINING_ENGINE\dixon_coles_trainer.py,YES,154,2026-07-22 23:16:58.022566,PENDING_REVIEW
E:\football_v\23_MODEL_TRAINING_ENGINE\elo_trainer.py,YES,146,2026-07-22 23:16:58.022566,PENDING_REVIEW
E:\football_v\23_MODEL_TRAINING_ENGINE\fusion_trainer.py,YES,149,2026-07-22 23:16:58.022566,PENDING_REVIEW
E:\football_v\23_MODEL_TRAINING_ENGINE\module.py,YES,141,2026-07-22 23:16:58.022566,PENDING_REVIEW
E:\football_v\23_MODEL_TRAINING_ENGINE\poisson_trainer.py,YES,150,2026-07-22 23:16:58.022566,PENDING_REVIEW
E:\football_v\23_MODEL_TRAINING_ENGINE\xgboost_trainer.py,YES,150,2026-07-22 23:16:58.022566,PENDING_REVIEW
E:\football_v\26_AUTOMATION_LAYER\model_scheduler.py,YES,145,2026-07-22 23:16:58.038187,PENDING_REVIEW
E:\football_v\27_MODEL_FUSION_ENGINE\confidence_engine.py,YES,97,2026-07-22 23:39:59.212184,PENDING_REVIEW
E:\football_v\27_MODEL_FUSION_ENGINE\fusion_engine_V2.1.py,YES,178,2026-07-22 23:39:59.212184,PENDING_REVIEW
E:\football_v\27_MODEL_FUSION_ENGINE\model_weight_engine.py,YES,228,2026-07-22 23:39:59.212184,PENDING_REVIEW
E:\football_v\31_SELF_LEARNING_ENGINE\model_update_engine.py,YES,96,2026-07-22 23:39:59.212184,PENDING_REVIEW
E:\football_v\37_MODEL_INTELLIGENCE_CONNECTOR\dixon_coles_loader.py,YES,128,2026-07-22 23:44:42.149446,PENDING_REVIEW
E:\football_v\42_REAL_FEATURE_GENERATOR\feature_registry.json,YES,96,2026-07-22 23:50:58.513614,PENDING_REVIEW
E:\football_v\44_PRODUCTION_PREDICTION_RUNTIME\production_registry.json,YES,103,2026-07-22 23:50:58.517194,PENDING_REVIEW
E:\football_v\76_MODEL_FEATURE_INTEGRATION\module.py,YES,47,2026-07-23 00:14:16.919230,PENDING_REVIEW
E:\football_v\77_ELO_RUNTIME_ENGINE\module.py,YES,40,2026-07-23 00:14:16.919230,PENDING_REVIEW
E:\football_v\78_DIXON_COLES_RUNTIME_ENGINE\module.py,YES,48,2026-07-23 00:14:16.934850,PENDING_REVIEW
E:\football_v\79_POISSON_RUNTIME_ENGINE\module.py,YES,44,2026-07-23 00:14:16.934850,PENDING_REVIEW
E:\football_v\80_XGBOOST_RUNTIME_ENGINE\module.py,YES,44,2026-07-23 00:14:16.934850,PENDING_REVIEW
E:\football_v\81_MODEL_FUSION_PREDICTOR\module.py,YES,44,2026-07-23 00:14:16.934850,PENDING_REVIEW
E:\football_v\95_MODEL_FEEDBACK_ENGINE\module.py,YES,41,2026-07-23 00:15:17.975664,PENDING_REVIEW
E:\football_v\97_MODEL_WEIGHT_OPTIMIZER\module.py,YES,45,2026-07-23 00:17:05.912611,PENDING_REVIEW
E:\football_v\99_DOCUMENTATION\Model_Registry_Audit_V1.0.txt,YES,1097,2026-07-28 20:16:20.340438,PENDING_REVIEW
E:\football_v\99_DOCUMENTATION\MODEL_REGISTRY_FULL_SCAN_REPORT_V1.0.txt,YES,979,2026-07-28 20:18:39.601891,PENDING_REVIEW
E:\football_v\AI_RUNTIME\model_connector.py,YES,770,2026-07-24 18:23:32.551193,PENDING_REVIEW
E:\football_v\AI_RUNTIME\model_fusion.py,YES,1153,2026-07-26 13:28:24.505895,PENDING_REVIEW
E:\football_v\AI_RUNTIME\model_outputs.py,YES,2735,2026-07-26 13:25:26.179287,PENDING_REVIEW
E:\football_v\AI_RUNTIME\model_runtime_connector.py,YES,1296,2026-07-26 13:15:58.346987,PENDING_REVIEW
E:\football_v\deployment_scripts\deploy_feature_model_layer_V1.0.py,YES,5212,2026-07-23 18:57:31.565573,PENDING_REVIEW
E:\football_v\deployment_scripts\deploy_MODEL_LAYER_V2.10_OPTIMIZATION_ALL.ps1,YES,4172,2026-07-23 20:33:34.851224,PENDING_REVIEW
E:\football_v\deployment_scripts\deploy_MODEL_LAYER_V2.11_FEEDBACK_LOOP_ALL.ps1,YES,4263,2026-07-23 20:35:33.401958,PENDING_REVIEW
E:\football_v\deployment_scripts\deploy_model_layer_V2.3_REAL_ALL_FIX2.ps1,YES,2172,2026-07-23 20:05:22.917705,PENDING_REVIEW
E:\football_v\deployment_scripts\deploy_phase10_batch02_real_model_V1.0.py,YES,1974,2026-07-22 23:44:33.022346,PENDING_REVIEW
E:\football_v\deployment_scripts\model_history_migration_engine_V1.0.py,YES,2608,2026-07-26 08:15:43.982685,PENDING_REVIEW
E:\football_v\deployment_scripts\model_layer_V2.3_initializer.py,YES,3092,2026-07-23 20:04:58.832989,PENDING_REVIEW
E:\football_v\deployment_scripts\model_migration_engine_V1.0.py,YES,4747,2026-07-23 19:02:01.615720,PENDING_REVIEW
E:\football_v\deployment_scripts\model_migration_engine_V1.1.py,YES,2522,2026-07-23 19:02:46.933698,PENDING_REVIEW
E:\football_v\deployment_scripts\upgrade_model_registry_schema_V1.0.py,YES,651,2026-07-23 19:15:06.339711,PENDING_REVIEW
E:\football_v\.continue\rules\DEVELOPMENT_WORKFLOW.md,YES,166,2026-07-28 13:43:55.666373,PENDING_REVIEW
E:\football_v\.continue\rules\MODEL_DEVELOPMENT_RULES.md,YES,252,2026-07-28 13:43:55.666373,PENDING_REVIEW
E:\football_v\.venv\Lib\site-packages\pip\_internal\models\candidate.py,YES,753,2026-07-24 21:12:42.866138,PENDING_REVIEW
E:\football_v\.venv\Lib\site-packages\pip\_internal\models\direct_url.py,YES,6578,2026-07-24 21:12:42.866138,PENDING_REVIEW
E:\football_v\.venv\Lib\site-packages\pip\_internal\models\format_control.py,YES,2486,2026-07-24 21:12:42.866138,PENDING_REVIEW
E:\football_v\.venv\Lib\site-packages\pip\_internal\models\index.py,YES,1030,2026-07-24 21:12:42.866138,PENDING_REVIEW
E:\football_v\.venv\Lib\site-packages\pip\_internal\models\installation_report.py,YES,2818,2026-07-24 21:12:42.866138,PENDING_REVIEW
E:\football_v\.venv\Lib\site-packages\pip\_internal\models\link.py,YES,21448,2026-07-24 21:12:42.866138,PENDING_REVIEW
E:\football_v\.venv\Lib\site-packages\pip\_internal\models\scheme.py,YES,575,2026-07-24 21:12:42.866138,PENDING_REVIEW
E:\football_v\.venv\Lib\site-packages\pip\_internal\models\search_scope.py,YES,4531,2026-07-24 21:12:42.866138,PENDING_REVIEW
E:\football_v\.venv\Lib\site-packages\pip\_internal\models\selection_prefs.py,YES,2015,2026-07-24 21:12:42.866138,PENDING_REVIEW
E:\football_v\.venv\Lib\site-packages\pip\_internal\models\target_python.py,YES,4271,2026-07-24 21:12:42.879441,PENDING_REVIEW
E:\football_v\.venv\Lib\site-packages\pip\_internal\models\wheel.py,YES,4539,2026-07-24 21:12:42.879441,PENDING_REVIEW
E:\football_v\.venv\Lib\site-packages\pip\_internal\models\__init__.py,YES,63,2026-07-24 21:12:42.866138,PENDING_REVIEW
E:\football_v\.venv\Lib\site-packages\pip\_internal\models\__pycache__\candidate.cpython-312.pyc,YES,1578,2026-07-24 21:12:43.759604,PENDING_REVIEW
E:\football_v\.venv\Lib\site-packages\pip\_internal\models\__pycache__\direct_url.cpython-312.pyc,YES,10818,2026-07-24 21:12:43.759604,PENDING_REVIEW
E:\football_v\.venv\Lib\site-packages\pip\_internal\models\__pycache__\format_control.cpython-312.pyc,YES,4197,2026-07-24 21:12:43.759604,PENDING_REVIEW
E:\football_v\.venv\Lib\site-packages\pip\_internal\models\__pycache__\index.cpython-312.pyc,YES,1668,2026-07-24 21:12:43.775245,PENDING_REVIEW
E:\football_v\.venv\Lib\site-packages\pip\_internal\models\__pycache__\installation_report.cpython-312.pyc,YES,2251,2026-07-24 21:12:43.780208,PENDING_REVIEW
E:\football_v\.venv\Lib\site-packages\pip\_internal\models\__pycache__\link.cpython-312.pyc,YES,26957,2026-07-24 21:12:43.780208,PENDING_REVIEW
E:\football_v\.venv\Lib\site-packages\pip\_internal\models\__pycache__\scheme.cpython-312.pyc,YES,997,2026-07-24 21:12:43.795969,PENDING_REVIEW
E:\football_v\.venv\Lib\site-packages\pip\_internal\models\__pycache__\search_scope.cpython-312.pyc,YES,4961,2026-07-24 21:12:43.795969,PENDING_REVIEW
E:\football_v\.venv\Lib\site-packages\pip\_internal\models\__pycache__\selection_prefs.cpython-312.pyc,YES,1825,2026-07-24 21:12:43.795969,PENDING_REVIEW
E:\football_v\.venv\Lib\site-packages\pip\_internal\models\__pycache__\target_python.cpython-312.pyc,YES,4927,2026-07-24 21:12:43.795969,PENDING_REVIEW
E:\football_v\.venv\Lib\site-packages\pip\_internal\models\__pycache__\wheel.cpython-312.pyc,YES,6526,2026-07-24 21:12:43.816909,PENDING_REVIEW
E:\football_v\.venv\Lib\site-packages\pip\_internal\models\__pycache__\__init__.cpython-312.pyc,YES,240,2026-07-24 21:12:43.758424,PENDING_REVIEW
E:\football_v\.venv\Lib\site-packages\pip\_vendor\pygments\modeline.py,YES,1005,2026-07-24 21:12:43.130148,PENDING_REVIEW
E:\football_v\.venv\Lib\site-packages\pip\_vendor\requests\models.py,YES,35483,2026-07-24 21:12:43.196398,PENDING_REVIEW
E:\football_v\.venv\Lib\site-packages\pip\_vendor\pygments\__pycache__\modeline.cpython-312.pyc,YES,1535,2026-07-24 21:12:46.451034,PENDING_REVIEW
E:\football_v\.venv\Lib\site-packages\pip\_vendor\requests\__pycache__\models.cpython-312.pyc,YES,35404,2026-07-24 21:12:46.612941,PENDING_REVIEW
E:\football_v\00_System_OS\03_MODEL_LAYER\check_match_source.py,YES,315,2026-07-26 07:53:23.390201,PENDING_REVIEW
E:\football_v\00_System_OS\03_MODEL_LAYER\database_test.py,YES,870,2026-07-26 07:46:20.803173,PENDING_REVIEW
E:\football_v\00_System_OS\03_MODEL_LAYER\history_check.py,YES,751,2026-07-26 07:49:51.422011,PENDING_REVIEW
E:\football_v\00_System_OS\03_MODEL_LAYER\model_config.py,YES,248,2026-07-26 08:29:31.169582,PENDING_REVIEW
E:\football_v\00_System_OS\03_MODEL_LAYER\model_runtime_test.py,YES,862,2026-07-26 08:26:22.941842,PENDING_REVIEW
E:\football_v\00_System_OS\03_MODEL_LAYER\old_history_check.py,YES,385,2026-07-26 07:51:36.457146,PENDING_REVIEW
E:\football_v\00_System_OS\03_MODEL_LAYER\test_model_loading.py,YES,1417,2026-07-26 00:00:41.526006,PENDING_REVIEW
E:\football_v\00_System_OS\integration_test\test_model_pipeline.py,YES,216,2026-07-22 21:55:47.100010,PENDING_REVIEW
E:\football_v\00_System_OS\registry\dependency_engine.py,YES,1148,2026-07-18 20:10:53.821313,PENDING_REVIEW
E:\football_v\00_System_OS\registry\dependency_map.json,YES,450,2026-07-18 20:10:22.680367,PENDING_REVIEW
E:\football_v\00_System_OS\registry\modules.json,YES,658,2026-07-18 20:12:27.633786,PENDING_REVIEW
E:\football_v\00_System_OS\registry\module_registry.json,YES,0,2026-07-18 16:30:38.140491,PENDING_REVIEW
E:\football_v\00_System_OS\registry\module_template.json,YES,152,2026-07-18 20:04:59.953358,PENDING_REVIEW
E:\football_v\00_System_OS\registry\registry.json,YES,2461,2026-07-18 20:08:49.590894,PENDING_REVIEW
E:\football_v\00_System_OS\registry\registry_api.py,YES,906,2026-07-18 20:12:56.570301,PENDING_REVIEW
E:\football_v\00_System_OS\registry\registry_log.json,YES,125,2026-07-18 20:08:49.590894,PENDING_REVIEW
E:\football_v\00_System_OS\registry\registry_manager.py,YES,2351,2026-07-18 20:05:56.961614,PENDING_REVIEW
E:\football_v\00_System_OS\registry\registry_scanner.py,YES,2254,2026-07-18 20:08:34.303275,PENDING_REVIEW
E:\football_v\00_System_OS\01_DATA_LAYER\registry\data_lineage.py,YES,566,2026-07-19 11:15:23.723414,PENDING_REVIEW
E:\football_v\00_System_OS\01_DATA_LAYER\registry\import_tracker.py,YES,629,2026-07-19 11:16:02.391593,PENDING_REVIEW
E:\football_v\00_System_OS\01_DATA_LAYER\registry\quality_score.py,YES,527,2026-07-19 11:16:34.815010,PENDING_REVIEW
E:\football_v\00_System_OS\01_DATA_LAYER\registry\registry_manager.py,YES,1159,2026-07-19 11:54:38.316125,PENDING_REVIEW
E:\football_v\00_System_OS\01_DATA_LAYER\scripts\registry_init.py,YES,1666,2026-07-19 11:48:04.236548,PENDING_REVIEW
E:\football_v\00_System_OS\01_DATA_LAYER\scripts\registry_manager.py,YES,1557,2026-07-18 23:30:16.360543,PENDING_REVIEW
E:\football_v\00_System_OS\01_DATA_LAYER\scripts\test_registry_flow.py,YES,1666,2026-07-19 11:51:57.104519,PENDING_REVIEW
E:\football_v\00_System_OS\03_MODEL_LAYER\database\model_store.db,YES,82735104,2026-07-26 11:54:45.957122,PENDING_REVIEW
E:\football_v\00_System_OS\03_MODEL_LAYER\Model_Pool\model_config.py,YES,172,2026-07-26 13:55:34.427436,PENDING_REVIEW
E:\football_v\00_System_OS\03_MODEL_LAYER\Model_Pool\__init__.py,YES,0,2026-07-26 08:24:23.241803,PENDING_REVIEW
E:\football_v\00_System_OS\03_MODEL_LAYER\Model_Registry\model_migration_registry_v1.0.json,YES,1532,2026-07-25 23:45:04.050620,PENDING_REVIEW
E:\football_v\00_System_OS\03_MODEL_LAYER\Model_Registry\model_registry.json,YES,1891,2026-07-25 23:49:19.473316,PENDING_REVIEW
E:\football_v\00_System_OS\03_MODEL_LAYER\__pycache__\model_config.cpython-312.pyc,YES,508,2026-07-26 08:31:34.550801,PENDING_REVIEW
E:\football_v\00_System_OS\03_MODEL_LAYER\Model_Pool\Dixon_Coles\dixon_coles.py,YES,2417,2026-07-25 23:55:04.425164,PENDING_REVIEW
E:\football_v\00_System_OS\03_MODEL_LAYER\Model_Pool\Dixon_Coles\dixon_coles_history_engine.py,YES,1820,2026-07-25 23:55:04.440711,PENDING_REVIEW
E:\football_v\00_System_OS\03_MODEL_LAYER\Model_Pool\Dixon_Coles\__init__.py,YES,0,2026-07-26 08:24:23.323768,PENDING_REVIEW
E:\football_v\00_System_OS\03_MODEL_LAYER\Model_Pool\Elo\elo_engine.py,YES,3959,2026-07-25 23:55:04.440711,PENDING_REVIEW
E:\football_v\00_System_OS\03_MODEL_LAYER\Model_Pool\Elo\__init__.py,YES,0,2026-07-26 08:24:23.292521,PENDING_REVIEW
E:\football_v\00_System_OS\03_MODEL_LAYER\Model_Pool\Poisson\config.py,YES,125,2026-07-26 08:28:19.161068,PENDING_REVIEW
E:\football_v\00_System_OS\03_MODEL_LAYER\Model_Pool\Poisson\poisson_engine.py,YES,4369,2026-07-26 08:34:35.424889,PENDING_REVIEW
E:\football_v\00_System_OS\03_MODEL_LAYER\Model_Pool\Poisson\poisson_history_engine.py,YES,2565,2026-07-25 23:55:04.440711,PENDING_REVIEW
E:\football_v\00_System_OS\03_MODEL_LAYER\Model_Pool\Poisson\__init__.py,YES,0,2026-07-26 08:24:23.423382,PENDING_REVIEW
E:\football_v\00_System_OS\03_MODEL_LAYER\Model_Pool\XGBoost\backup_xgboost_fusion_v3_engine.py,YES,3867,2026-07-26 15:09:14.136290,PENDING_REVIEW
E:\football_v\00_System_OS\03_MODEL_LAYER\Model_Pool\XGBoost\model_config.py,YES,197,2026-07-26 13:58:43.875776,PENDING_REVIEW
E:\football_v\00_System_OS\03_MODEL_LAYER\Model_Pool\XGBoost\xgboost_engine.py,YES,2142,2026-07-25 23:55:04.456320,PENDING_REVIEW
E:\football_v\00_System_OS\03_MODEL_LAYER\Model_Pool\XGBoost\xgboost_fusion_engine.py,YES,6631,2026-07-25 23:55:04.456320,PENDING_REVIEW
E:\football_v\00_System_OS\03_MODEL_LAYER\Model_Pool\XGBoost\xgboost_fusion_v2_engine.py,YES,4061,2026-07-26 14:24:36.793883,PENDING_REVIEW
E:\football_v\00_System_OS\03_MODEL_LAYER\Model_Pool\XGBoost\xgboost_fusion_v2_engine_backup.py,YES,4225,2026-07-26 14:14:56.128175,PENDING_REVIEW
E:\football_v\00_System_OS\03_MODEL_LAYER\Model_Pool\XGBoost\xgboost_fusion_v3_engine.py,YES,3791,2026-07-26 15:11:50.132106,PENDING_REVIEW
E:\football_v\00_System_OS\03_MODEL_LAYER\Model_Pool\XGBoost\xgboost_fusion_v3_engine_backup.py,YES,3964,2026-07-26 14:44:57.200939,PENDING_REVIEW
E:\football_v\00_System_OS\03_MODEL_LAYER\Model_Pool\XGBoost\__init__.py,YES,0,2026-07-26 08:24:24.676207,PENDING_REVIEW
E:\football_v\00_System_OS\03_MODEL_LAYER\Model_Pool\__pycache__\model_config.cpython-312.pyc,YES,265,2026-07-26 11:35:45.608460,PENDING_REVIEW
E:\football_v\00_System_OS\03_MODEL_LAYER\Model_Pool\__pycache__\__init__.cpython-312.pyc,YES,161,2026-07-26 08:31:34.516657,PENDING_REVIEW
E:\football_v\00_System_OS\03_MODEL_LAYER\Model_Pool\Dixon_Coles\__pycache__\dixon_coles.cpython-312.pyc,YES,3273,2026-07-26 00:00:43.737870,PENDING_REVIEW
E:\football_v\00_System_OS\03_MODEL_LAYER\Model_Pool\Dixon_Coles\__pycache__\__init__.cpython-312.pyc,YES,173,2026-07-26 08:31:34.566335,PENDING_REVIEW
E:\football_v\00_System_OS\03_MODEL_LAYER\Model_Pool\Elo\__pycache__\elo_engine.cpython-312.pyc,YES,3808,2026-07-26 00:00:43.706625,PENDING_REVIEW
E:\football_v\00_System_OS\03_MODEL_LAYER\Model_Pool\Elo\__pycache__\__init__.cpython-312.pyc,YES,165,2026-07-26 08:31:34.520648,PENDING_REVIEW
E:\football_v\00_System_OS\03_MODEL_LAYER\Model_Pool\Poisson\__pycache__\poisson_engine.cpython-312.pyc,YES,5067,2026-07-26 08:34:43.739305,PENDING_REVIEW
E:\football_v\00_System_OS\03_MODEL_LAYER\Model_Pool\Poisson\__pycache__\__init__.cpython-312.pyc,YES,169,2026-07-26 08:31:34.566335,PENDING_REVIEW
E:\football_v\00_System_OS\03_MODEL_LAYER\Model_Pool\XGBoost\__pycache__\xgboost_engine.cpython-312.pyc,YES,2984,2026-07-26 00:00:43.753492,PENDING_REVIEW
E:\football_v\00_System_OS\03_MODEL_LAYER\Model_Pool\XGBoost\__pycache__\xgboost_fusion_v2_engine.cpython-312.pyc,YES,5203,2026-07-26 14:24:51.613949,PENDING_REVIEW
E:\football_v\00_System_OS\03_MODEL_LAYER\Model_Pool\XGBoost\__pycache__\__init__.cpython-312.pyc,YES,169,2026-07-26 08:31:34.566335,PENDING_REVIEW
E:\football_v\00_System_OS\ARCHITECTURE_CLEANUP\registry_manager\registry_manager_V1.0.py,YES,744,2026-07-22 22:08:26.559458,PENDING_REVIEW
E:\football_v\00_System_OS\ARCHITECTURE_CLEANUP\registry_manager\registry_manager_V1.1.py,YES,828,2026-07-22 22:09:06.060973,PENDING_REVIEW
E:\football_v\00_System_OS\ARCHITECTURE_CLEANUP\registry_manager\__pycache__\registry_manager_V1.1.cpython-312.pyc,YES,1185,2026-07-22 22:09:16.776225,PENDING_REVIEW
E:\football_v\00_System_OS\Automation\task_manager\task_registry.json,YES,415,2026-07-18 18:43:27.875566,PENDING_REVIEW
E:\football_v\00_System_OS\documentation\checkpoint\FOOTBALL_AI_OS_DEVELOPMENT_BASELINE_REQUEST.txt,YES,389,2026-07-23 17:57:18.357249,PENDING_REVIEW
E:\football_v\00_System_OS\documentation\checkpoint\FOOTBALL_AI_OS_DEVELOPMENT_STARTUP_CHECKLIST_V1.0.md,YES,1500,2026-07-23 17:57:18.273928,PENDING_REVIEW
E:\football_v\00_System_OS\documentation\checkpoint\FOOTBALL_AI_OS_DEVELOPMENT_TASK_TEMPLATE.txt,YES,284,2026-07-23 17:57:18.507872,PENDING_REVIEW
E:\football_v\00_System_OS\File_Manager\registry\asset_schema.json,YES,2100,2026-07-18 17:12:51.367191,PENDING_REVIEW
E:\football_v\00_System_OS\File_Manager\registry\file_registry.json,YES,6802,2026-07-18 16:49:31.495670,PENDING_REVIEW
E:\football_v\00_System_OS\File_Manager\registry\file_registry_v11.json,YES,9122,2026-07-18 17:33:19.177824,PENDING_REVIEW
E:\football_v\00_System_OS\File_Manager\registry\file_registry_v11.py,YES,2431,2026-07-18 17:15:54.523124,PENDING_REVIEW
E:\football_v\00_System_OS\File_Manager\version\version_registry.json,YES,6135,2026-07-18 17:40:50.076298,PENDING_REVIEW
E:\football_v\00_SYSTEM_TOOLS\Architecture_Migration_Tool\architecture_registry.json,YES,114906,2026-07-23 13:17:41.597169,PENDING_REVIEW
E:\football_v\00_SYSTEM_TOOLS\Architecture_Migration_Tool\architecture_registry_V1.9.json,YES,187,2026-07-23 13:36:56.308003,PENDING_REVIEW
E:\football_v\00_SYSTEM_TOOLS\Architecture_Migration_Tool\deprecated_registry.json,YES,147,2026-07-23 13:17:41.597169,PENDING_REVIEW
E:\football_v\00_SYSTEM_TOOLS\Checkpoint\model_layer_v1.3_checkpoint.json,YES,407,2026-07-21 11:16:36.960502,PENDING_REVIEW
E:\football_v\00_SYSTEM_TOOLS\Module_Deployment_Tool\modules\deploy_model_explanation_engine_test_V1.0.py,YES,1366,2026-07-22 16:47:59.877810,PENDING_REVIEW
E:\football_v\00_SYSTEM_TOOLS\Module_Deployment_Tool\modules\deploy_model_explanation_engine_V1.0.py,YES,3039,2026-07-22 16:47:57.425364,PENDING_REVIEW
E:\football_v\00_SYSTEM_TOOLS\Module_Deployment_Tool\modules\deploy_model_layer_V1.0_V1.3.py,YES,13366,2026-07-21 11:16:21.446699,PENDING_REVIEW
E:\football_v\00_SYSTEM_TOOLS\Module_Deployment_Tool\registry\deployment_tool_registry.json,YES,168,2026-07-22 13:53:47.925557,PENDING_REVIEW
E:\football_v\01_Data_Source\registry\source_registry.json,YES,1248,2026-07-20 16:57:19.445473,PENDING_REVIEW
E:\football_v\01_Data_Source\registry\source_registry.py,YES,1531,2026-07-20 16:58:20.087039,PENDING_REVIEW
E:\football_v\01_Data_Source\registry\source_registry.pynotepad,YES,0,2026-07-20 16:57:54.615253,PENDING_REVIEW
E:\football_v\02_Data_Platform\data_manager\dataset_registry.json,YES,583,2026-07-20 17:49:20.861633,PENDING_REVIEW
E:\football_v\02_Data_Platform\data_manager\dataset_registry.py,YES,2340,2026-07-20 17:48:23.445551,PENDING_REVIEW
E:\football_v\02_Data_Platform\metadata\data_platform_registry.json,YES,729,2026-07-20 17:14:38.601409,PENDING_REVIEW
E:\football_v\02_Data_Platform\metadata\metadata_registry.json,YES,597,2026-07-20 18:04:56.836331,PENDING_REVIEW
E:\football_v\02_Data_Platform\raw\raw_registry.json,YES,55041,2026-07-20 17:17:53.148925,PENDING_REVIEW
E:\football_v\02_Data_Platform\raw\raw_registry.py,YES,907,2026-07-20 17:17:15.998988,PENDING_REVIEW
E:\football_v\02_Data_Platform\registry\data_platform_registry.json,YES,526,2026-07-20 17:27:24.570534,PENDING_REVIEW
E:\football_v\02_Data_Platform\registry\data_platform_registry.py,YES,1063,2026-07-20 17:25:28.959380,PENDING_REVIEW
E:\football_v\02_Data_Platform\storage_engine\storage_registry.json,YES,696,2026-07-20 17:40:04.507786,PENDING_REVIEW
E:\football_v\02_Data_Platform\data_manager\__pycache__\dataset_registry.cpython-312.pyc,YES,2670,2026-07-20 17:55:22.290526,PENDING_REVIEW
E:\football_v\02_Data_Platform\metadata\lineage\lineage_registry.json,YES,318,2026-07-20 18:07:23.682222,PENDING_REVIEW
E:\football_v\02_Data_Platform\raw\__pycache__\raw_registry.cpython-312.pyc,YES,1620,2026-07-20 17:17:53.133299,PENDING_REVIEW
E:\football_v\03_Data_Governance\Change_Control\CHANGELOG.md,YES,337,2026-07-26 20:16:38.363243,PENDING_REVIEW
E:\football_v\03_Data_Governance\lineage\lineage_registry.json,YES,626,2026-07-20 18:25:08.821122,PENDING_REVIEW
E:\football_v\03_Data_Governance\Project_Control\Football_AI_OS_Migration_Development_Roadmap_V1.0.md,YES,4079,2026-07-25 07:53:06.727658,PENDING_REVIEW
E:\football_v\03_Data_Governance\registry\audit_registry.json,YES,157,2026-07-20 18:26:56.945734,PENDING_REVIEW
E:\football_v\03_Data_Governance\registry\data_registry.json,YES,119,2026-07-20 16:19:54.577532,PENDING_REVIEW
E:\football_v\03_Data_Governance\registry\governance_registry.json,YES,166,2026-07-20 18:29:15.056407,PENDING_REVIEW
E:\football_v\03_Data_Governance\registry\lineage_registry.json,YES,159,2026-07-20 18:25:08.821122,PENDING_REVIEW
E:\football_v\03_Data_Governance\registry\quality_registry.json,YES,159,2026-07-20 18:16:27.727592,PENDING_REVIEW
E:\football_v\03_Data_Governance\registry\validation_registry.json,YES,162,2026-07-20 18:21:34.593237,PENDING_REVIEW
E:\football_v\03_MODEL_LAYER\analysis\accuracy_tracker_V2.11.py,YES,321,2026-07-23 22:58:16.385779,PENDING_REVIEW
E:\football_v\03_MODEL_LAYER\analysis\roi_analyzer_V2.11.py,YES,393,2026-07-23 22:58:16.370154,PENDING_REVIEW
E:\football_v\03_MODEL_LAYER\confidence_model\confidence_engine_V2.0.py,YES,70,2026-07-23 20:05:57.073177,PENDING_REVIEW
E:\football_v\03_MODEL_LAYER\database\model_store.db,YES,16384,2026-07-28 18:46:41.673347,PENDING_REVIEW
E:\football_v\03_MODEL_LAYER\database\model_store_v23.db,YES,8192,2026-07-23 20:05:57.280428,PENDING_REVIEW
E:\football_v\03_MODEL_LAYER\fusion_engine\fusion_engine_V2.3.py,YES,116,2026-07-23 20:05:57.073177,PENDING_REVIEW
E:\football_v\03_MODEL_LAYER\market_model\market_value_model_V1.0.py,YES,71,2026-07-23 20:05:57.073177,PENDING_REVIEW
E:\football_v\03_MODEL_LAYER\reports\model_feedback_report_V2.11.json,YES,218,2026-07-23 22:58:16.741796,PENDING_REVIEW
E:\football_v\03_MODEL_LAYER\risk_model\risk_engine_V2.0.py,YES,64,2026-07-23 20:05:57.073177,PENDING_REVIEW
E:\football_v\03_MODEL_LAYER\runtime\model_feedback_runtime.db,YES,8192,2026-07-23 22:58:16.261192,PENDING_REVIEW
E:\football_v\03_MODEL_LAYER\legacy_import\01_Data_Engine\data_engine\dixon_coles.py,YES,2408,2026-07-16 21:19:01.497634,PENDING_REVIEW
E:\football_v\03_MODEL_LAYER\legacy_import\01_Data_Engine\data_engine\elo_engine.py,YES,3950,2026-07-16 21:08:33.498935,PENDING_REVIEW
E:\football_v\03_MODEL_LAYER\legacy_import\01_Data_Engine\data_engine\poisson_engine.py,YES,4180,2026-07-17 13:25:12.369717,PENDING_REVIEW
E:\football_v\03_MODEL_LAYER\legacy_import\03_Machine_Learning\XGBoost\xgboost_engine.py,YES,2133,2026-07-17 13:45:32.463853,PENDING_REVIEW
E:\football_v\03_MODEL_LAYER\legacy_import\03_Machine_Learning\XGBoost\xgboost_fusion_engine.py,YES,6622,2026-07-17 14:43:57.383551,PENDING_REVIEW
E:\football_v\03_MODEL_LAYER\legacy_import\03_Machine_Learning\XGBoost\xgboost_fusion_v2_engine.py,YES,3167,2026-07-17 15:45:33.166920,PENDING_REVIEW
E:\football_v\04_Data_Processing_AI\data_intelligence_engine\model_interface.py,YES,356,2026-07-22 12:44:19.935998,PENDING_REVIEW
E:\football_v\04_Data_Processing_AI\dynamic_feature_weight_engine\model_weight_manager.py,YES,254,2026-07-22 13:18:25.801262,PENDING_REVIEW
E:\football_v\04_Data_Processing_AI\feature_store\data_source_registry.py,YES,311,2026-07-21 11:00:51.271250,PENDING_REVIEW
E:\football_v\04_Data_Processing_AI\feature_store\elo_history_feature_engine.py,YES,301,2026-07-21 10:49:15.639935,PENDING_REVIEW
E:\football_v\04_Data_Processing_AI\feature_store\feature_model_adapter.py,YES,452,2026-07-21 10:37:04.905620,PENDING_REVIEW
E:\football_v\04_Data_Processing_AI\feature_store\feature_model_interface.py,YES,153,2026-07-21 10:41:19.370538,PENDING_REVIEW
E:\football_v\04_Data_Processing_AI\feature_store\feature_model_registry.py,YES,269,2026-07-21 10:41:19.370538,PENDING_REVIEW
E:\football_v\04_Data_Processing_AI\feature_store\feature_registry.py,YES,570,2026-07-22 12:03:03.487421,PENDING_REVIEW
E:\football_v\04_Data_Processing_AI\feature_store\historical_feature_registry.py,YES,281,2026-07-21 10:49:15.639935,PENDING_REVIEW
E:\football_v\04_Data_Processing_AI\feature_store\model_feedback_collector.py,YES,236,2026-07-21 11:12:26.807232,PENDING_REVIEW
E:\football_v\04_Data_Processing_AI\feature_store\model_training_exporter.py,YES,424,2026-07-21 10:46:18.593228,PENDING_REVIEW
E:\football_v\04_Data_Processing_AI\pipeline\pipeline_registry.json,YES,454,2026-07-20 18:59:56.468538,PENDING_REVIEW
E:\football_v\04_Data_Processing_AI\registry\cleaning_registry.json,YES,163,2026-07-20 18:44:16.668798,PENDING_REVIEW
E:\football_v\04_Data_Processing_AI\registry\feature_registry.json,YES,170,2026-07-20 18:55:50.196789,PENDING_REVIEW
E:\football_v\04_Data_Processing_AI\registry\pipeline_registry.json,YES,164,2026-07-20 18:59:56.482141,PENDING_REVIEW
E:\football_v\04_Data_Processing_AI\registry\processing_registry.json,YES,250,2026-07-20 18:41:31.868769,PENDING_REVIEW
E:\football_v\04_Data_Processing_AI\registry\transformation_registry.json,YES,177,2026-07-20 18:51:43.259180,PENDING_REVIEW
E:\football_v\04_Data_Processing_AI\data_intelligence_engine\registry\data_intelligence_registry.json,YES,215,2026-07-22 12:44:19.935998,PENDING_REVIEW
E:\football_v\04_Data_Processing_AI\data_intelligence_engine\__pycache__\model_interface.cpython-312.pyc,YES,723,2026-07-22 12:46:57.549663,PENDING_REVIEW
E:\football_v\04_Data_Processing_AI\dynamic_feature_weight_engine\registry\weight_registry.json,YES,220,2026-07-22 13:18:25.801262,PENDING_REVIEW
E:\football_v\04_Data_Processing_AI\dynamic_feature_weight_engine\__pycache__\model_weight_manager.cpython-312.pyc,YES,600,2026-07-22 13:23:03.279177,PENDING_REVIEW
E:\football_v\04_Data_Processing_AI\feature_store\adapters\dixon_coles_adapter.py,YES,368,2026-07-22 12:20:58.472332,PENDING_REVIEW
E:\football_v\04_Data_Processing_AI\feature_store\adapters\dixon_coles_feature_adapter.py,YES,404,2026-07-21 10:41:19.355010,PENDING_REVIEW
E:\football_v\04_Data_Processing_AI\feature_store\adapters\elo_adapter.py,YES,328,2026-07-22 12:20:58.472332,PENDING_REVIEW
E:\football_v\04_Data_Processing_AI\feature_store\adapters\elo_feature_adapter.py,YES,397,2026-07-21 10:41:19.355010,PENDING_REVIEW
E:\football_v\04_Data_Processing_AI\feature_store\adapters\fusion_adapter.py,YES,387,2026-07-22 12:20:58.472332,PENDING_REVIEW
E:\football_v\04_Data_Processing_AI\feature_store\adapters\fusion_feature_adapter.py,YES,160,2026-07-21 10:41:19.370538,PENDING_REVIEW
E:\football_v\04_Data_Processing_AI\feature_store\adapters\poisson_adapter.py,YES,365,2026-07-22 12:20:58.472332,PENDING_REVIEW
E:\football_v\04_Data_Processing_AI\feature_store\adapters\poisson_feature_adapter.py,YES,379,2026-07-21 10:41:19.355010,PENDING_REVIEW
E:\football_v\04_Data_Processing_AI\feature_store\adapters\xgboost_adapter.py,YES,303,2026-07-22 12:20:58.472332,PENDING_REVIEW
E:\football_v\04_Data_Processing_AI\feature_store\adapters\xgboost_feature_adapter.py,YES,280,2026-07-21 10:41:19.370538,PENDING_REVIEW
E:\football_v\04_Data_Processing_AI\feature_store\registry\adapter_registry.json,YES,266,2026-07-22 12:20:58.487920,PENDING_REVIEW
E:\football_v\04_Data_Processing_AI\feature_store\registry\feature_registry.json,YES,166,2026-07-21 09:09:53.235040,PENDING_REVIEW
E:\football_v\04_Data_Processing_AI\feature_store\reports\model_feature_mapping_report.json,YES,242,2026-07-21 10:41:19.370538,PENDING_REVIEW
E:\football_v\04_Data_Processing_AI\feature_store\tests\model_feature_adapter_test.py,YES,867,2026-07-21 10:41:19.370538,PENDING_REVIEW
E:\football_v\04_Data_Processing_AI\feature_store\adapters\__pycache__\dixon_coles_adapter.cpython-312.pyc,YES,733,2026-07-22 12:36:57.393990,PENDING_REVIEW
E:\football_v\04_Data_Processing_AI\feature_store\adapters\__pycache__\elo_adapter.cpython-312.pyc,YES,706,2026-07-22 12:36:57.393990,PENDING_REVIEW
E:\football_v\04_Data_Processing_AI\feature_store\adapters\__pycache__\fusion_adapter.cpython-312.pyc,YES,726,2026-07-22 12:36:57.393990,PENDING_REVIEW
E:\football_v\04_Data_Processing_AI\feature_store\adapters\__pycache__\poisson_adapter.cpython-312.pyc,YES,725,2026-07-22 12:36:57.393990,PENDING_REVIEW
E:\football_v\04_Data_Processing_AI\feature_store\adapters\__pycache__\xgboost_adapter.cpython-312.pyc,YES,700,2026-07-22 12:36:57.393990,PENDING_REVIEW
E:\football_v\05_AI_Intelligence_Layer\controller\model_controller.py,YES,1100,2026-07-20 19:03:35.764811,PENDING_REVIEW
E:\football_v\05_AI_Intelligence_Layer\FUSION_DECISION_ENGINE\decision_manager.py,YES,117,2026-07-22 13:32:56.894069,PENDING_REVIEW
E:\football_v\05_AI_Intelligence_Layer\FUSION_DECISION_ENGINE\fusion_engine.py,YES,173,2026-07-22 13:32:56.894069,PENDING_REVIEW
E:\football_v\05_AI_Intelligence_Layer\MODEL_ADAPTER_FRAMEWORK\adapter_base.py,YES,217,2026-07-22 13:32:56.893004,PENDING_REVIEW
E:\football_v\05_AI_Intelligence_Layer\MODEL_ADAPTER_FRAMEWORK\adapter_manager.py,YES,151,2026-07-22 13:32:56.894069,PENDING_REVIEW
E:\football_v\05_AI_Intelligence_Layer\MODEL_EVALUATION_ENGINE\error_analyzer.py,YES,180,2026-07-22 13:32:56.894069,PENDING_REVIEW
E:\football_v\05_AI_Intelligence_Layer\MODEL_EVALUATION_ENGINE\evaluator.py,YES,192,2026-07-22 13:32:56.894069,PENDING_REVIEW
E:\football_v\05_AI_Intelligence_Layer\MODEL_REGISTRY\model_catalog.py,YES,242,2026-07-22 13:32:56.889880,PENDING_REVIEW
E:\football_v\05_AI_Intelligence_Layer\MODEL_REGISTRY\model_registry.py,YES,427,2026-07-22 13:32:56.888881,PENDING_REVIEW
E:\football_v\05_AI_Intelligence_Layer\MODEL_REGISTRY\model_status_manager.py,YES,119,2026-07-22 13:32:56.892004,PENDING_REVIEW
E:\football_v\05_AI_Intelligence_Layer\MODEL_REGISTRY\model_version_manager.py,YES,123,2026-07-22 13:32:56.892004,PENDING_REVIEW
E:\football_v\05_AI_Intelligence_Layer\registry\ai_layer_registry.json,YES,173,2026-07-22 13:32:56.894069,PENDING_REVIEW
E:\football_v\05_AI_Intelligence_Layer\registry\model_registry.json,YES,606,2026-07-20 19:03:35.764811,PENDING_REVIEW
E:\football_v\05_AI_Intelligence_Layer\FUSION_DECISION_ENGINE\__pycache__\fusion_engine.cpython-312.pyc,YES,518,2026-07-22 13:37:54.102829,PENDING_REVIEW
E:\football_v\05_AI_Intelligence_Layer\MODEL_ADAPTER_FRAMEWORK\__pycache__\adapter_base.cpython-312.pyc,YES,726,2026-07-22 13:37:54.102829,PENDING_REVIEW
E:\football_v\05_AI_Intelligence_Layer\MODEL_EVALUATION_ENGINE\__pycache__\evaluator.cpython-312.pyc,YES,548,2026-07-22 13:37:54.102829,PENDING_REVIEW
E:\football_v\05_AI_Intelligence_Layer\MODEL_REGISTRY\__pycache__\model_registry.cpython-312.pyc,YES,915,2026-07-22 13:37:54.086045,PENDING_REVIEW
E:\football_v\05_MODEL_AI\MODEL_LAYER\feature_store_connector.py,YES,283,2026-07-21 11:16:36.954954,PENDING_REVIEW
E:\football_v\05_MODEL_AI\MODEL_LAYER\model_interface.py,YES,609,2026-07-21 11:16:36.941210,PENDING_REVIEW
E:\football_v\05_MODEL_AI\MODEL_LAYER\model_loader.py,YES,275,2026-07-21 11:16:36.941210,PENDING_REVIEW
E:\football_v\05_MODEL_AI\MODEL_LAYER\model_registry.py,YES,459,2026-07-21 11:16:36.941210,PENDING_REVIEW
E:\football_v\05_MODEL_AI\MODEL_LAYER\model_runtime.py,YES,311,2026-07-21 11:16:36.941210,PENDING_REVIEW
E:\football_v\05_MODEL_AI\MODEL_LAYER\backtest\backtest_engine.py,YES,292,2026-07-21 11:16:36.956952,PENDING_REVIEW
E:\football_v\05_MODEL_AI\MODEL_LAYER\backtest\model_accuracy_report.py,YES,263,2026-07-21 11:16:36.958946,PENDING_REVIEW
E:\football_v\05_MODEL_AI\MODEL_LAYER\backtest\prediction_tracker.py,YES,339,2026-07-21 11:16:36.957955,PENDING_REVIEW
E:\football_v\05_MODEL_AI\MODEL_LAYER\backtest\roi_analyzer.py,YES,239,2026-07-21 11:16:36.959500,PENDING_REVIEW
E:\football_v\05_MODEL_AI\MODEL_LAYER\config\model_config.json,YES,241,2026-07-21 11:16:36.959500,PENDING_REVIEW
E:\football_v\05_MODEL_AI\MODEL_LAYER\fusion\fusion_engine.py,YES,964,2026-07-21 11:16:36.955952,PENDING_REVIEW
E:\football_v\05_MODEL_AI\MODEL_LAYER\fusion\probability_calculator.py,YES,367,2026-07-21 11:16:36.956952,PENDING_REVIEW
E:\football_v\05_MODEL_AI\MODEL_LAYER\models\dixon_coles_model.py,YES,576,2026-07-21 11:16:36.941210,PENDING_REVIEW
E:\football_v\05_MODEL_AI\MODEL_LAYER\models\elo_model.py,YES,6592,2026-07-27 10:26:41.333465,PENDING_REVIEW
E:\football_v\05_MODEL_AI\MODEL_LAYER\models\poisson_model.py,YES,569,2026-07-21 11:16:36.941210,PENDING_REVIEW
E:\football_v\05_MODEL_AI\MODEL_LAYER\models\xgboost_model.py,YES,569,2026-07-21 11:16:36.954954,PENDING_REVIEW
E:\football_v\05_MODEL_AI\MODEL_LAYER\reports\model_layer_report.json,YES,269,2026-07-21 11:16:36.959500,PENDING_REVIEW
E:\football_v\05_MODEL_AI\MODEL_LAYER\tests\model_layer_v1.3_full_test.py,YES,990,2026-07-21 11:16:36.961499,PENDING_REVIEW
E:\football_v\05_MODEL_AI\MODEL_LAYER\tests\test_elo_model_migration.py,YES,2290,2026-07-27 10:26:41.331471,PENDING_REVIEW
E:\football_v\05_MODEL_AI\MODEL_LAYER\__pycache__\model_interface.cpython-312.pyc,YES,1178,2026-07-27 10:23:06.478556,PENDING_REVIEW
E:\football_v\05_MODEL_AI\MODEL_LAYER\models\__pycache__\elo_model.cpython-312.pyc,YES,7852,2026-07-27 23:45:37.833652,PENDING_REVIEW
E:\football_v\05_MODEL_AI\MODEL_LAYER\tests\__pycache__\test_elo_model_migration.cpython-312-pytest-9.1.1.pyc,YES,10081,2026-07-27 10:23:06.429533,PENDING_REVIEW
E:\football_v\06_PREDICTION_INTELLIGENCE_ENGINE\advanced_model_connector\connector_manager.py,YES,250,2026-07-22 14:14:54.754014,PENDING_REVIEW
E:\football_v\06_PREDICTION_INTELLIGENCE_ENGINE\advanced_model_connector\dixon_coles_connector.py,YES,90,2026-07-22 14:14:54.754014,PENDING_REVIEW
E:\football_v\06_PREDICTION_INTELLIGENCE_ENGINE\advanced_model_connector\elo_connector.py,YES,75,2026-07-22 14:14:54.754014,PENDING_REVIEW
E:\football_v\06_PREDICTION_INTELLIGENCE_ENGINE\advanced_model_connector\poisson_connector.py,YES,83,2026-07-22 14:14:54.754014,PENDING_REVIEW
E:\football_v\06_PREDICTION_INTELLIGENCE_ENGINE\advanced_model_connector\xgboost_connector.py,YES,83,2026-07-22 14:14:54.754014,PENDING_REVIEW
E:\football_v\06_PREDICTION_INTELLIGENCE_ENGINE\model_connector\model_connector.py,YES,244,2026-07-22 14:02:21.456889,PENDING_REVIEW
E:\football_v\06_PREDICTION_INTELLIGENCE_ENGINE\probability_engine\probability_fusion.py,YES,231,2026-07-22 14:02:21.441267,PENDING_REVIEW
E:\football_v\06_PREDICTION_INTELLIGENCE_ENGINE\real_probability_engine\fusion_calculator.py,YES,241,2026-07-22 14:14:54.754014,PENDING_REVIEW
E:\football_v\06_PREDICTION_INTELLIGENCE_ENGINE\registry\batch_registry.json,YES,305,2026-07-22 14:14:54.754014,PENDING_REVIEW
E:\football_v\06_PREDICTION_INTELLIGENCE_ENGINE\registry\prediction_registry.json,YES,235,2026-07-22 14:02:21.456889,PENDING_REVIEW
E:\football_v\06_PREDICTION_INTELLIGENCE_ENGINE\risk_intelligence_engine\model_conflict.py,YES,81,2026-07-22 14:14:54.754014,PENDING_REVIEW
E:\football_v\06_PREDICTION_INTELLIGENCE_ENGINE\advanced_model_connector\__pycache__\connector_manager.cpython-312.pyc,YES,559,2026-07-22 14:16:02.581565,PENDING_REVIEW
E:\football_v\06_PREDICTION_INTELLIGENCE_ENGINE\model_connector\__pycache__\model_connector.cpython-312.pyc,YES,536,2026-07-22 14:09:50.595263,PENDING_REVIEW
E:\football_v\06_PREDICTION_INTELLIGENCE_ENGINE\probability_engine\__pycache__\probability_fusion.cpython-312.pyc,YES,556,2026-07-22 14:09:50.579675,PENDING_REVIEW
E:\football_v\06_PREDICTION_INTELLIGENCE_ENGINE\real_probability_engine\__pycache__\fusion_calculator.cpython-312.pyc,YES,575,2026-07-22 14:16:02.581565,PENDING_REVIEW
E:\football_v\07_AI_ORCHESTRATION_LAYER\model_router\model_selector.py,YES,88,2026-07-22 14:18:31.660755,PENDING_REVIEW
E:\football_v\07_AI_ORCHESTRATION_LAYER\model_router\router.py,YES,222,2026-07-22 14:18:31.660755,PENDING_REVIEW
E:\football_v\07_AI_ORCHESTRATION_LAYER\registry\orchestration_registry.json,YES,732,2026-07-22 14:18:31.660755,PENDING_REVIEW
E:\football_v\07_AI_ORCHESTRATION_LAYER\model_router\__pycache__\router.cpython-312.pyc,YES,519,2026-07-22 14:19:58.941226,PENDING_REVIEW
E:\football_v\07_BACKTEST_SYSTEM\model_comparison\comparison_engine.py,YES,142,2026-07-22 16:41:05.254216,PENDING_REVIEW
E:\football_v\07_BACKTEST_SYSTEM\model_evaluation\calibration.py,YES,144,2026-07-22 16:41:05.254216,PENDING_REVIEW
E:\football_v\07_BACKTEST_SYSTEM\model_evaluation\model_accuracy.py,YES,151,2026-07-22 16:41:05.254216,PENDING_REVIEW
E:\football_v\07_BACKTEST_SYSTEM\model_evaluation\probability_score.py,YES,154,2026-07-22 16:41:05.254216,PENDING_REVIEW
E:\football_v\07_BACKTEST_SYSTEM\registry\backtest_registry.json,YES,224,2026-07-22 16:41:05.254216,PENDING_REVIEW
E:\football_v\08_DECISION_INTELLIGENCE_LAYER\explanation_engine\fusion_explainer.py,YES,164,2026-07-22 14:59:09.207615,PENDING_REVIEW
E:\football_v\08_DECISION_INTELLIGENCE_LAYER\explanation_engine\model_explainer.py,YES,160,2026-07-22 14:59:09.206208,PENDING_REVIEW
E:\football_v\08_DECISION_INTELLIGENCE_LAYER\fusion_analysis\fusion_analyzer.py,YES,214,2026-07-22 16:45:58.926022,PENDING_REVIEW
E:\football_v\08_DECISION_INTELLIGENCE_LAYER\registry\decision_registry.json,YES,284,2026-07-22 16:45:58.941649,PENDING_REVIEW
E:\football_v\09_MODEL_EXPLANATION_ENGINE\dixon_coles_explainer\dixon_coles_explainer.py,YES,293,2026-07-22 16:48:14.504602,PENDING_REVIEW
E:\football_v\09_MODEL_EXPLANATION_ENGINE\elo_explainer\elo_explainer.py,YES,263,2026-07-22 16:48:14.504602,PENDING_REVIEW
E:\football_v\09_MODEL_EXPLANATION_ENGINE\explanation_report\report_generator.py,YES,220,2026-07-22 16:48:14.504602,PENDING_REVIEW
E:\football_v\09_MODEL_EXPLANATION_ENGINE\fusion_explainer\fusion_explainer.py,YES,322,2026-07-22 16:48:14.504602,PENDING_REVIEW
E:\football_v\09_MODEL_EXPLANATION_ENGINE\poisson_explainer\poisson_explainer.py,YES,275,2026-07-22 16:48:14.504602,PENDING_REVIEW
E:\football_v\09_MODEL_EXPLANATION_ENGINE\registry\explanation_registry.json,YES,233,2026-07-22 16:48:14.504602,PENDING_REVIEW
E:\football_v\09_MODEL_EXPLANATION_ENGINE\reports\explanation_deploy_report.json,YES,227,2026-07-22 16:48:14.504602,PENDING_REVIEW
E:\football_v\09_MODEL_EXPLANATION_ENGINE\reports\explanation_test_report.json,YES,1261,2026-07-22 16:48:14.588202,PENDING_REVIEW
E:\football_v\09_MODEL_EXPLANATION_ENGINE\xgboost_explainer\xgboost_explainer.py,YES,272,2026-07-22 16:48:14.504602,PENDING_REVIEW
E:\football_v\09_Prediction_System\__pycache__\model_result_adapter.cpython-312.pyc,YES,519,2026-07-21 18:11:42.155740,PENDING_REVIEW
E:\football_v\10_GOVERNANCE_LAYER\audit\model_asset_alignment.py,YES,1868,2026-07-25 12:50:04.535324,PENDING_REVIEW
E:\football_v\10_GOVERNANCE_LAYER\audit\Model_Asset_Alignment_Report_V1.0.csv,YES,1530,2026-07-25 12:50:15.747936,PENDING_REVIEW
E:\football_v\10_GOVERNANCE_LAYER\audit\Model_Asset_Classification_Report_V1.0.md,YES,782,2026-07-25 12:21:28.505311,PENDING_REVIEW
E:\football_v\10_GOVERNANCE_LAYER\audit\Model_Asset_Review_V1.0.csv,YES,1914,2026-07-25 12:30:08.013648,PENDING_REVIEW
E:\football_v\10_GOVERNANCE_LAYER\audit\Model_Freeze_Report_V1.0.md,YES,411,2026-07-25 12:51:13.559192,PENDING_REVIEW
E:\football_v\10_GOVERNANCE_LAYER\audit\model_governance_approval.py,YES,5694,2026-07-25 13:01:25.029746,PENDING_REVIEW
E:\football_v\10_GOVERNANCE_LAYER\audit\Model_Governance_Approval_V1.0.csv,YES,1277,2026-07-25 13:01:43.123291,PENDING_REVIEW
E:\football_v\10_GOVERNANCE_LAYER\audit\MODEL_LAYER_Governance_Report_V1.0.md,YES,878,2026-07-25 12:38:34.540709,PENDING_REVIEW
E:\football_v\10_GOVERNANCE_LAYER\audit\Model_Layer_Migration_Freeze_Report_V1.0.md,YES,517,2026-07-25 13:01:43.139002,PENDING_REVIEW
E:\football_v\10_GOVERNANCE_LAYER\audit\model_store_deep_comparison.py,YES,2192,2026-07-25 12:18:34.837418,PENDING_REVIEW
E:\football_v\10_GOVERNANCE_LAYER\audit\Model_Store_Deep_Comparison_V1.0.csv,YES,1406,2026-07-25 12:19:01.145016,PENDING_REVIEW
E:\football_v\10_GOVERNANCE_LAYER\audit\Phase11_FAST_Pipeline_Model_Validation.py,YES,2317,2026-07-25 14:39:03.263550,PENDING_REVIEW
E:\football_v\10_GOVERNANCE_LAYER\audit\Phase11_FAST_Pipeline_Model_Validation_V1.0.json,YES,26032,2026-07-25 14:39:04.614497,PENDING_REVIEW
E:\football_v\10_GOVERNANCE_LAYER\audit\PHASE12_MODEL_CHANGE_CONTROL_V1.0.md,YES,239,2026-07-25 16:16:11.712752,PENDING_REVIEW
E:\football_v\10_GOVERNANCE_LAYER\audit\PHASE14_Model_Integration_Control_V1.0.md,YES,289,2026-07-25 16:18:09.303436,PENDING_REVIEW
E:\football_v\10_GOVERNANCE_LAYER\audit\PHASE15_MODEL_REGISTRY_ALIGNMENT_V1.0.json,YES,237,2026-07-25 16:22:15.325727,PENDING_REVIEW
E:\football_v\10_GOVERNANCE_LAYER\audit\PHASE17_MODEL_CAPABILITY_AUDIT_V1.0.json,YES,341,2026-07-25 16:24:50.883920,PENDING_REVIEW
E:\football_v\10_GOVERNANCE_LAYER\audit\PHASE17_MODEL_FUSION_VALIDATION_V1.0.json,YES,325,2026-07-25 16:24:50.883920,PENDING_REVIEW
E:\football_v\10_GOVERNANCE_LAYER\audit\PHASE21_MODEL_MASTER_INDEX_V1.0.json,YES,814,2026-07-25 16:32:14.299294,PENDING_REVIEW
E:\football_v\10_GOVERNANCE_LAYER\audit\PHASE25_MODEL_UPGRADE_REQUEST_TEMPLATE_V1.0.md,YES,159,2026-07-25 16:41:53.735068,PENDING_REVIEW
E:\football_v\10_GOVERNANCE_LAYER\audit\PHASE26_MODEL_STATUS_BOARD_V1.0.json,YES,548,2026-07-25 16:41:53.735068,PENDING_REVIEW
E:\football_v\10_GOVERNANCE_LAYER\audit\PHASE28_FUSION_ENGINE_VALIDATION_V1.0.json,YES,722,2026-07-25 16:45:01.420134,PENDING_REVIEW
E:\football_v\10_GOVERNANCE_LAYER\audit\PHASE28_MODEL_EXECUTION_VALIDATION_V1.0.json,YES,722,2026-07-25 16:45:01.420134,PENDING_REVIEW
E:\football_v\10_GOVERNANCE_LAYER\audit\Phase9_Model_Governance_Check_V1.0.csv,YES,1877,2026-07-25 13:53:36.005442,PENDING_REVIEW
E:\football_v\10_GOVERNANCE_LAYER\checkpoint\Checkpoint_MODEL_LAYER_V1.0.json,YES,622,2026-07-25 12:30:23.795487,PENDING_REVIEW
E:\football_v\10_GOVERNANCE_LAYER\checkpoint\Checkpoint_MODEL_LAYER_V1.1.json,YES,746,2026-07-25 12:38:57.556212,PENDING_REVIEW
E:\football_v\10_GOVERNANCE_LAYER\checkpoint\Checkpoint_MODEL_LAYER_V1.2.json,YES,520,2026-07-25 12:51:14.863270,PENDING_REVIEW
E:\football_v\10_GOVERNANCE_LAYER\checkpoint\Checkpoint_MODEL_LAYER_V1.3.json,YES,585,2026-07-25 13:01:43.139002,PENDING_REVIEW
E:\football_v\10_GOVERNANCE_LAYER\migration\Model_Migration_Decision_V1.0.csv,YES,929,2026-07-25 12:38:47.197442,PENDING_REVIEW
E:\football_v\10_GOVERNANCE_LAYER\model_control\Football_AI_OS_Model_Governance_Control_V1.0.json,YES,282,2026-07-25 16:14:31.690501,PENDING_REVIEW
E:\football_v\10_GOVERNANCE_LAYER\registry\Asset_Registry.csv,YES,628,2026-07-25 10:49:24.200944,PENDING_REVIEW
E:\football_v\10_GOVERNANCE_LAYER\registry\Database_Asset_Registry.csv,YES,3905,2026-07-25 11:08:38.004348,PENDING_REVIEW
E:\football_v\10_GOVERNANCE_LAYER\registry\Database_Inventory.csv,YES,1870,2026-07-25 11:15:26.076579,PENDING_REVIEW
E:\football_v\10_GOVERNANCE_LAYER\registry\Database_Registry.csv,YES,447,2026-07-25 11:37:36.356353,PENDING_REVIEW
E:\football_v\10_GOVERNANCE_LAYER\registry\Database_Registry_V1.0.csv,YES,445,2026-07-25 11:46:37.263511,PENDING_REVIEW
E:\football_v\10_GOVERNANCE_LAYER\registry\Data_Asset_Register_V1.0.csv,YES,830,2026-07-25 12:34:18.860007,PENDING_REVIEW
E:\football_v\10_GOVERNANCE_LAYER\registry\Feature_Final_Asset_Register_V1.0.csv,YES,1317,2026-07-25 12:59:30.701290,PENDING_REVIEW
E:\football_v\10_GOVERNANCE_LAYER\registry\Feature_Registry.csv,YES,501,2026-07-25 10:37:46.913839,PENDING_REVIEW
E:\football_v\10_GOVERNANCE_LAYER\registry\Football_AI_OS_Legacy_Asset_Index_V1.0.csv,YES,1577,2026-07-25 12:22:43.762740,PENDING_REVIEW
E:\football_v\10_GOVERNANCE_LAYER\registry\Layer_Approval_Register_V1.0.csv,YES,1483,2026-07-25 13:17:17.393386,PENDING_REVIEW
E:\football_v\10_GOVERNANCE_LAYER\registry\Legacy_Retention_List_V1.0.csv,YES,431,2026-07-25 12:34:07.461123,PENDING_REVIEW
E:\football_v\10_GOVERNANCE_LAYER\registry\Model_Asset_Index_V1.0.csv,YES,2099,2026-07-25 12:21:18.631624,PENDING_REVIEW
E:\football_v\10_GOVERNANCE_LAYER\registry\Model_Final_Asset_Register_V1.0.csv,YES,360,2026-07-25 13:01:43.123291,PENDING_REVIEW
E:\football_v\10_GOVERNANCE_LAYER\registry\Model_Final_Asset_Register_V1.1.csv,YES,1220,2026-07-25 12:51:13.492983,PENDING_REVIEW
E:\football_v\10_GOVERNANCE_LAYER\registry\Model_Registry.csv,YES,371,2026-07-25 10:37:45.306388,PENDING_REVIEW
E:\football_v\10_GOVERNANCE_LAYER\registry\Omega_V3.2_Asset_Freeze_Register_V1.0.csv,YES,1386,2026-07-25 13:19:44.491251,PENDING_REVIEW
E:\football_v\10_GOVERNANCE_LAYER\registry\Phase5_Asset_Registry_V1.0.csv,YES,1740,2026-07-25 13:12:57.302846,PENDING_REVIEW
E:\football_v\10_GOVERNANCE_LAYER\registry\Phase5_Governance_Register_V1.0.csv,YES,1026,2026-07-25 13:14:46.029552,PENDING_REVIEW
E:\football_v\10_GOVERNANCE_LAYER\registry\Phase6_Final_Freeze_Register_V1.0.csv,YES,384,2026-07-25 13:27:14.365483,PENDING_REVIEW
E:\football_v\10_GOVERNANCE_LAYER\registry\Prediction_Asset_Index_V1.0.csv,YES,609,2026-07-25 13:03:45.780093,PENDING_REVIEW
E:\football_v\10_GOVERNANCE_LAYER\registry\Prediction_Layer_Final_Asset_Register_V1.0.csv,YES,170,2026-07-25 13:06:04.639112,PENDING_REVIEW
E:\football_v\10_GOVERNANCE_LAYER\registry\Unused_Asset_Register_V1.0.csv,YES,27443,2026-07-25 14:11:05.398914,PENDING_REVIEW
E:\football_v\10_INTEGRATION_LAYER\test\model_connection_test.py,YES,157,2026-07-23 20:11:25.204663,PENDING_REVIEW
E:\football_v\10_MARKET_INTELLIGENCE_LAYER\handicap_model\handicap_engine.py,YES,240,2026-07-22 16:50:45.878770,PENDING_REVIEW
E:\football_v\10_MARKET_INTELLIGENCE_LAYER\market_risk_model\risk_engine.py,YES,241,2026-07-22 16:50:45.878770,PENDING_REVIEW
E:\football_v\10_MARKET_INTELLIGENCE_LAYER\registry\market_registry.json,YES,204,2026-07-22 16:50:45.878770,PENDING_REVIEW
E:\football_v\11_AI_ORCHESTRATION_LAYER\model_scheduler\scheduler.py,YES,233,2026-07-22 16:53:31.608673,PENDING_REVIEW
E:\football_v\11_AI_ORCHESTRATION_LAYER\registry\orchestration_registry.json,YES,408,2026-07-22 16:53:31.613135,PENDING_REVIEW
E:\football_v\11_System_Intelligence\reports\phase3_4_decision_fusion_report.json,YES,85,2026-07-21 20:01:39.585801,PENDING_REVIEW
E:\football_v\11_System_Intelligence\tests\test_phase3_4_decision_fusion.py,YES,256,2026-07-21 20:01:39.585801,PENDING_REVIEW
E:\football_v\11_System_Intelligence\__pycache__\decision_fusion.cpython-312.pyc,YES,865,2026-07-21 20:01:40.139778,PENDING_REVIEW
E:\football_v\11_System_Intelligence\__pycache__\elo_engine.cpython-312.pyc,YES,683,2026-07-21 20:46:20.478040,PENDING_REVIEW
E:\football_v\11_System_Intelligence\__pycache__\elo_trainer.cpython-312.pyc,YES,490,2026-07-21 20:51:21.088250,PENDING_REVIEW
E:\football_v\11_System_Intelligence\__pycache__\intelligence_fusion_engine.cpython-312.pyc,YES,681,2026-07-21 20:01:40.139778,PENDING_REVIEW
E:\football_v\11_System_Intelligence\__pycache__\model_adjustment_engine.cpython-312.pyc,YES,508,2026-07-21 20:51:21.088250,PENDING_REVIEW
E:\football_v\11_System_Intelligence\__pycache__\model_fusion_core.cpython-312.pyc,YES,620,2026-07-21 20:46:20.480037,PENDING_REVIEW
E:\football_v\11_System_Intelligence\__pycache__\model_optimizer.cpython-312.pyc,YES,1224,2026-07-21 20:07:45.140550,PENDING_REVIEW
E:\football_v\11_System_Intelligence\__pycache__\probability_fusion_engine.cpython-312.pyc,YES,953,2026-07-21 20:43:39.875888,PENDING_REVIEW
E:\football_v\11_System_Intelligence\tests\__pycache__\test_phase3_4_decision_fusion.cpython-312-pytest-9.1.1.pyc,YES,1275,2026-07-21 20:01:40.139778,PENDING_REVIEW
E:\football_v\12_API_LAYER\reports\real_model_runtime_report.json,YES,905,2026-07-23 20:59:44.309015,PENDING_REVIEW
E:\football_v\12_AUTONOMOUS_LEARNING_ENGINE\model_learning\learning_engine.py,YES,235,2026-07-22 16:58:03.502945,PENDING_REVIEW
E:\football_v\12_AUTONOMOUS_LEARNING_ENGINE\registry\learning_registry.json,YES,342,2026-07-22 16:58:03.502945,PENDING_REVIEW
E:\football_v\13_REPORT_INTELLIGENCE_LAYER\model_report\model_report.py,YES,230,2026-07-22 17:02:17.676022,PENDING_REVIEW
E:\football_v\13_REPORT_INTELLIGENCE_LAYER\registry\report_registry.json,YES,336,2026-07-22 17:02:17.691581,PENDING_REVIEW
E:\football_v\14_SYSTEM_MONITORING_LAYER\model_monitor\model_checker.py,YES,300,2026-07-22 17:19:53.566704,PENDING_REVIEW
E:\football_v\14_SYSTEM_MONITORING_LAYER\registry\monitoring_registry.json,YES,290,2026-07-22 17:19:53.582325,PENDING_REVIEW
E:\football_v\15_API_INTEGRATION_LAYER\registry\api_registry.json,YES,272,2026-07-22 17:24:43.925829,PENDING_REVIEW
E:\football_v\16_DATABASE_GOVERNANCE_LAYER\migration_engine\registry\migration_registry.json,YES,125,2026-07-22 21:34:48.725459,PENDING_REVIEW
E:\football_v\16_DATABASE_GOVERNANCE_LAYER\validation_engine\registry\validation_registry.json,YES,116,2026-07-22 21:38:48.437893,PENDING_REVIEW
E:\football_v\17_MODEL_STORE_LAYER\config\model_store_config.json,YES,313,2026-07-22 21:46:44.261218,PENDING_REVIEW
E:\football_v\17_MODEL_STORE_LAYER\model_artifact_manager\model_artifact_manager_V1.0.py,YES,111,2026-07-22 21:46:44.261218,PENDING_REVIEW
E:\football_v\17_MODEL_STORE_LAYER\model_cache_manager\model_cache_manager_V1.0.py,YES,168,2026-07-22 21:48:17.076913,PENDING_REVIEW
E:\football_v\17_MODEL_STORE_LAYER\model_deployment_manager\model_deployment_manager_V1.0.py,YES,239,2026-07-22 21:48:17.079016,PENDING_REVIEW
E:\football_v\17_MODEL_STORE_LAYER\model_loader\model_loader_V1.0.py,YES,412,2026-07-22 21:48:17.073564,PENDING_REVIEW
E:\football_v\17_MODEL_STORE_LAYER\model_metrics_manager\model_metrics_manager_V1.0.py,YES,110,2026-07-22 21:46:44.261218,PENDING_REVIEW
E:\football_v\17_MODEL_STORE_LAYER\model_parameter_manager\model_parameter_manager_V1.0.py,YES,112,2026-07-22 21:46:44.261218,PENDING_REVIEW
E:\football_v\17_MODEL_STORE_LAYER\model_registry\model_registry_V1.0.py,YES,984,2026-07-22 21:46:44.261218,PENDING_REVIEW
E:\football_v\17_MODEL_STORE_LAYER\model_registry\registry.json,YES,276,2026-07-22 21:46:44.328013,PENDING_REVIEW
E:\football_v\17_MODEL_STORE_LAYER\model_validator\model_validator_V1.0.py,YES,209,2026-07-22 21:48:17.075912,PENDING_REVIEW
E:\football_v\17_MODEL_STORE_LAYER\model_version_manager\model_version_manager_V1.0.py,YES,173,2026-07-22 21:46:44.261218,PENDING_REVIEW
E:\football_v\17_MODEL_STORE_LAYER\reports\model_store_batch_01_deployment_report.json,YES,162,2026-07-22 21:46:44.261218,PENDING_REVIEW
E:\football_v\17_MODEL_STORE_LAYER\reports\model_store_batch_02_deployment_report.json,YES,162,2026-07-22 21:48:17.079908,PENDING_REVIEW
E:\football_v\18_MODEL_EXECUTION_ENGINE\batch_predictor\batch_predictor_V1.0.py,YES,101,2026-07-22 21:52:07.978154,PENDING_REVIEW
E:\football_v\18_MODEL_EXECUTION_ENGINE\confidence_engine\confidence_engine_V1.0.py,YES,90,2026-07-22 21:53:26.394582,PENDING_REVIEW
E:\football_v\18_MODEL_EXECUTION_ENGINE\config\execution_config.json,YES,280,2026-07-22 21:50:11.251899,PENDING_REVIEW
E:\football_v\18_MODEL_EXECUTION_ENGINE\config\execution_runtime_config.json,YES,246,2026-07-28 00:16:33.956257,PENDING_REVIEW
E:\football_v\18_MODEL_EXECUTION_ENGINE\execution_monitor\execution_monitor_V1.0.py,YES,90,2026-07-22 21:53:26.394582,PENDING_REVIEW
E:\football_v\18_MODEL_EXECUTION_ENGINE\feature_loader\feature_loader_V1.0.py,YES,1405,2026-07-26 11:23:20.068974,PENDING_REVIEW
E:\football_v\18_MODEL_EXECUTION_ENGINE\feature_loader\feature_loader_V1.2.py,YES,2535,2026-07-26 12:15:03.191869,PENDING_REVIEW
E:\football_v\18_MODEL_EXECUTION_ENGINE\feature_loader\feature_loader_V1.3.py,YES,2660,2026-07-26 12:22:30.536393,PENDING_REVIEW
E:\football_v\18_MODEL_EXECUTION_ENGINE\fusion_engine\fusion_engine_V1_2.py,YES,1489,2026-07-26 12:28:25.253818,PENDING_REVIEW
E:\football_v\18_MODEL_EXECUTION_ENGINE\fusion_engine\__init__.py,YES,0,2026-07-26 12:30:24.858748,PENDING_REVIEW
E:\football_v\18_MODEL_EXECUTION_ENGINE\model_loader\model_adapter_V1.2.py,YES,784,2026-07-26 12:10:15.568561,PENDING_REVIEW
E:\football_v\18_MODEL_EXECUTION_ENGINE\model_loader\model_loader_V1.0.py,YES,1160,2026-07-26 11:24:32.470790,PENDING_REVIEW
E:\football_v\18_MODEL_EXECUTION_ENGINE\model_loader\model_runner_V1.2.py,YES,448,2026-07-26 12:11:45.533742,PENDING_REVIEW
E:\football_v\18_MODEL_EXECUTION_ENGINE\output_manager\output_manager_V1.0.py,YES,1118,2026-07-26 11:54:37.646860,PENDING_REVIEW
E:\football_v\18_MODEL_EXECUTION_ENGINE\prediction_pipeline\prediction_pipeline_V1.0.py,YES,1130,2026-07-26 11:57:41.059910,PENDING_REVIEW
E:\football_v\18_MODEL_EXECUTION_ENGINE\prediction_pipeline\prediction_pipeline_V1.2.py,YES,1238,2026-07-26 12:29:11.241529,PENDING_REVIEW
E:\football_v\18_MODEL_EXECUTION_ENGINE\prediction_scheduler\prediction_scheduler_V1.0.py,YES,106,2026-07-22 21:52:07.978154,PENDING_REVIEW
E:\football_v\18_MODEL_EXECUTION_ENGINE\reports\execution_engine_batch_01_deployment_report.json,YES,167,2026-07-22 21:50:11.269003,PENDING_REVIEW
E:\football_v\18_MODEL_EXECUTION_ENGINE\risk_engine\risk_engine_V1.0.py,YES,84,2026-07-22 21:53:26.394582,PENDING_REVIEW
E:\football_v\18_MODEL_EXECUTION_ENGINE\tests\test_execution_engine.py,YES,127,2026-07-28 00:15:56.225059,PENDING_REVIEW
E:\football_v\18_MODEL_EXECUTION_ENGINE\tests\test_fusion_engine.py,YES,41,2026-07-28 00:15:56.226055,PENDING_REVIEW
E:\football_v\18_MODEL_EXECUTION_ENGINE\tests\test_prediction_pipeline.py,YES,43,2026-07-28 00:15:56.225059,PENDING_REVIEW
E:\football_v\18_MODEL_EXECUTION_ENGINE\__pycache__\fusion_engine.cpython-312.pyc,YES,512,2026-07-26 11:56:33.145317,PENDING_REVIEW
E:\football_v\18_MODEL_EXECUTION_ENGINE\__pycache__\module.cpython-312.pyc,YES,734,2026-07-28 00:18:17.879693,PENDING_REVIEW
E:\football_v\18_MODEL_EXECUTION_ENGINE\__pycache__\__init__.cpython-312.pyc,YES,148,2026-07-28 00:24:18.857463,PENDING_REVIEW
E:\football_v\18_MODEL_EXECUTION_ENGINE\archive\fusion_engine\fusion_engine_V1.0.py,YES,749,2026-07-26 11:51:24.941621,PENDING_REVIEW
E:\football_v\18_MODEL_EXECUTION_ENGINE\archive\fusion_engine\fusion_engine_v1.py,YES,338,2026-07-26 11:56:24.750423,PENDING_REVIEW
E:\football_v\18_MODEL_EXECUTION_ENGINE\fusion_engine\__pycache__\fusion_engine_V1.0.cpython-312.pyc,YES,868,2026-07-26 11:57:06.034184,PENDING_REVIEW
E:\football_v\18_MODEL_EXECUTION_ENGINE\fusion_engine\__pycache__\fusion_engine_V1_2.cpython-312.pyc,YES,1509,2026-07-26 12:32:24.582090,PENDING_REVIEW
E:\football_v\18_MODEL_EXECUTION_ENGINE\fusion_engine\__pycache__\__init__.cpython-312.pyc,YES,162,2026-07-26 12:31:06.771000,PENDING_REVIEW
E:\football_v\18_MODEL_EXECUTION_ENGINE\tests\__pycache__\test_execution_engine.cpython-312-pytest-9.1.1.pyc,YES,1129,2026-07-28 00:17:14.141007,PENDING_REVIEW
E:\football_v\18_MODEL_EXECUTION_ENGINE\tests\__pycache__\test_fusion_engine.cpython-312-pytest-9.1.1.pyc,YES,631,2026-07-28 00:17:14.440952,PENDING_REVIEW
E:\football_v\18_MODEL_EXECUTION_ENGINE\tests\__pycache__\test_prediction_pipeline.cpython-312-pytest-9.1.1.pyc,YES,639,2026-07-28 00:17:14.440952,PENDING_REVIEW
E:\football_v\19_API_LAYER\api_registry\api_registry_V1.0.py,YES,85,2026-07-22 21:53:26.410444,PENDING_REVIEW
E:\football_v\19_API_LAYER\model_api\model_api_V1.0.py,YES,82,2026-07-22 21:53:26.394582,PENDING_REVIEW
E:\football_v\20_DASHBOARD_LAYER\model_dashboard\model_dashboard_V1.0.py,YES,88,2026-07-22 21:53:26.410444,PENDING_REVIEW
E:\football_v\21_PRODUCT_PACKAGE\version_registry\version_registry_V1.0.py,YES,89,2026-07-22 21:53:26.410444,PENDING_REVIEW
E:\football_v\23_MODEL_TRAINING_ENGINE\backtest_connector\backtest_connector_V2.0.py,YES,145,2026-07-22 23:35:57.971276,PENDING_REVIEW
E:\football_v\23_MODEL_TRAINING_ENGINE\dataset_manager\dataset_manager_V2.0.py,YES,178,2026-07-22 23:35:57.947734,PENDING_REVIEW
E:\football_v\23_MODEL_TRAINING_ENGINE\evaluation_engine\evaluation_engine_V2.0.py,YES,141,2026-07-22 23:35:57.969883,PENDING_REVIEW
E:\football_v\23_MODEL_TRAINING_ENGINE\feature_loader\feature_loader_V2.0.py,YES,134,2026-07-22 23:35:57.968202,PENDING_REVIEW
E:\football_v\23_MODEL_TRAINING_ENGINE\model_trainer\model_trainer_V2.0.py,YES,146,2026-07-22 23:35:57.969883,PENDING_REVIEW
E:\football_v\23_MODEL_TRAINING_ENGINE\registry\model_version_registry.json,YES,195,2026-07-22 23:35:57.971276,PENDING_REVIEW
E:\football_v\23_MODEL_TRAINING_ENGINE\reports\training_engine_activation_report.json,YES,115,2026-07-22 23:35:57.972309,PENDING_REVIEW
E:\football_v\23_MODEL_TRAINING_ENGINE\tests\test_training_engine_V2.0.py,YES,164,2026-07-22 23:35:57.973286,PENDING_REVIEW
E:\football_v\23_MODEL_TRAINING_ENGINE\training_pipeline\training_pipeline_V2.0.py,YES,145,2026-07-22 23:35:57.969149,PENDING_REVIEW
E:\football_v\24_PREDICTION_INTELLIGENCE_LAYER\prediction_models\dixon_coles_predictor.py,YES,121,2026-07-22 23:34:21.054417,PENDING_REVIEW
E:\football_v\24_PREDICTION_INTELLIGENCE_LAYER\prediction_models\elo_predictor.py,YES,106,2026-07-22 23:34:21.054417,PENDING_REVIEW
E:\football_v\24_PREDICTION_INTELLIGENCE_LAYER\prediction_models\poisson_predictor.py,YES,114,2026-07-22 23:34:21.054417,PENDING_REVIEW
E:\football_v\24_PREDICTION_INTELLIGENCE_LAYER\prediction_models\xgboost_predictor.py,YES,114,2026-07-22 23:34:21.054417,PENDING_REVIEW
E:\football_v\24_PREDICTION_INTELLIGENCE_LAYER\registry\prediction_registry.json,YES,94,2026-07-22 23:34:21.054417,PENDING_REVIEW
E:\football_v\25_BACKTEST_ENGINE\registry\backtest_registry.json,YES,74,2026-07-22 23:37:58.226362,PENDING_REVIEW
E:\football_v\26_AUTOMATION_LAYER\registry\automation_registry.json,YES,75,2026-07-22 23:37:58.246745,PENDING_REVIEW
E:\football_v\27_MODEL_FUSION_ENGINE\registry\27_MODEL_FUSION_ENGINE_registry.json,YES,94,2026-07-22 23:41:41.487389,PENDING_REVIEW
E:\football_v\27_MODEL_FUSION_ENGINE\registry\fusion_registry.json,YES,78,2026-07-22 23:39:59.212184,PENDING_REVIEW
E:\football_v\28_PROBABILITY_CALIBRATION_ENGINE\registry\28_PROBABILITY_CALIBRATION_ENGINE_registry.json,YES,105,2026-07-22 23:41:41.489386,PENDING_REVIEW
E:\football_v\28_PROBABILITY_CALIBRATION_ENGINE\registry\calibration_registry.json,YES,63,2026-07-22 23:39:59.212184,PENDING_REVIEW
E:\football_v\29_DECISION_ENGINE\registry\29_DECISION_ENGINE_registry.json,YES,90,2026-07-22 23:41:41.491407,PENDING_REVIEW
E:\football_v\29_DECISION_ENGINE\registry\decision_registry.json,YES,55,2026-07-22 23:39:59.212184,PENDING_REVIEW
E:\football_v\30_MARKET_GAME_ENGINE\registry\30_MARKET_GAME_ENGINE_registry.json,YES,93,2026-07-22 23:41:41.491407,PENDING_REVIEW
E:\football_v\30_MARKET_GAME_ENGINE\registry\market_registry.json,YES,58,2026-07-22 23:39:59.212184,PENDING_REVIEW
E:\football_v\31_SELF_LEARNING_ENGINE\registry\learning_registry.json,YES,53,2026-07-22 23:39:59.212184,PENDING_REVIEW
E:\football_v\32_PRODUCTION_ORCHESTRATOR\registry\32_PRODUCTION_ORCHESTRATOR_registry.json,YES,98,2026-07-22 23:41:41.491407,PENDING_REVIEW
E:\football_v\32_PRODUCTION_ORCHESTRATOR\registry\production_registry.json,YES,63,2026-07-22 23:39:59.228964,PENDING_REVIEW
E:\football_v\37_MODEL_INTELLIGENCE_CONNECTOR\registry\37_MODEL_INTELLIGENCE_CONNECTOR_registry.json,YES,101,2026-07-22 23:44:42.150769,PENDING_REVIEW
E:\football_v\38_HANDICAP_VALUE_ENGINE\registry\38_HANDICAP_VALUE_ENGINE_registry.json,YES,94,2026-07-22 23:44:42.153763,PENDING_REVIEW
E:\football_v\39_MARKET_SENTIMENT_ENGINE\registry\39_MARKET_SENTIMENT_ENGINE_registry.json,YES,96,2026-07-22 23:44:42.156996,PENDING_REVIEW
E:\football_v\40_MATCH_PREDICTION_ENGINE\registry\40_MATCH_PREDICTION_ENGINE_registry.json,YES,96,2026-07-22 23:44:42.160865,PENDING_REVIEW
E:\football_v\40_MODEL_TRAINING_PIPELINE\config\training_config_V4.0.json,YES,831,2026-07-23 14:41:47.002069,PENDING_REVIEW
E:\football_v\40_MODEL_TRAINING_PIPELINE\reports\TRAINING_EXECUTION_STATUS_V4.0.json,YES,691,2026-07-23 14:48:37.542864,PENDING_REVIEW
E:\football_v\40_MODEL_TRAINING_PIPELINE\trainer\dixon_coles_trainer_V4.0.py,YES,256,2026-07-23 14:44:59.925240,PENDING_REVIEW
E:\football_v\40_MODEL_TRAINING_PIPELINE\trainer\elo_trainer_V4.0.py,YES,1617,2026-07-23 14:57:46.964384,PENDING_REVIEW
E:\football_v\40_MODEL_TRAINING_PIPELINE\trainer\fusion_trainer_V4.0.py,YES,249,2026-07-23 14:44:59.925240,PENDING_REVIEW
E:\football_v\40_MODEL_TRAINING_PIPELINE\trainer\poisson_trainer_V4.0.py,YES,248,2026-07-23 14:44:59.925240,PENDING_REVIEW
E:\football_v\40_MODEL_TRAINING_PIPELINE\trainer\train_all_models_V4.0.json,YES,280,2026-07-23 14:44:59.925240,PENDING_REVIEW
E:\football_v\40_MODEL_TRAINING_PIPELINE\trainer\train_all_models_V4.0.py,YES,1872,2026-07-23 14:48:37.433614,PENDING_REVIEW
E:\football_v\40_MODEL_TRAINING_PIPELINE\trainer\xgboost_trainer_V4.0.py,YES,248,2026-07-23 14:44:59.925240,PENDING_REVIEW
E:\football_v\50_MODEL_REGISTRY\models\elo_model_V4.0.json,YES,146,2026-07-23 14:57:48.144390,PENDING_REVIEW
E:\football_v\99_DOCUMENTATION\architecture\Football_AI_OS_Development_Roadmap_V1.2.md,YES,5799,2026-07-20 15:58:31.865555,PENDING_REVIEW
E:\football_v\99_DOCUMENTATION\audit\MODEL_LAYER_FINAL_MAPPING_REPORT_V1.0.md,YES,1954,2026-07-27 23:33:27.216614,PENDING_REVIEW
E:\football_v\99_DOCUMENTATION\checkpoints\Checkpoint-028_Core_Service_Fusion_Final.txt,YES,471,2026-07-20 14:05:46.068443,PENDING_REVIEW
E:\football_v\99_DOCUMENTATION\checkpoints\Checkpoint-039_Data_Source_Registry_V1.1.txt,YES,329,2026-07-20 16:58:55.383892,PENDING_REVIEW
E:\football_v\99_DOCUMENTATION\checkpoints\Checkpoint-047_Football_AI_OS_Enterprise_Development_Plan_V1.5.txt,YES,5324,2026-07-20 19:46:28.820673,PENDING_REVIEW
E:\football_v\99_DOCUMENTATION\checkpoints\Checkpoint-050_Elo_Model_Migration_Validation_V1.0.txt,YES,968,2026-07-27 23:51:01.907940,PENDING_REVIEW
E:\football_v\99_DOCUMENTATION\checkpoints\Checkpoint-056_AI_Model_Engine_Framework_V1.0.txt,YES,526,2026-07-20 19:03:35.780432,PENDING_REVIEW
E:\football_v\99_DOCUMENTATION\checkpoints\Checkpoint_MODEL_LAYER_ELO_MIGRATION_V1.0.txt,YES,526,2026-07-27 23:54:49.112164,PENDING_REVIEW
E:\football_v\99_DOCUMENTATION\checkpoints\Elo_Model_Migration_V1.0.py,YES,6592,2026-07-27 10:26:41.333465,PENDING_REVIEW
E:\football_v\99_DOCUMENTATION\checkpoints\Model_Layer_V1.3_Report.json,YES,269,2026-07-21 11:16:36.959500,PENDING_REVIEW
E:\football_v\99_DOCUMENTATION\FINAL_RELEASE_V4.0\MODEL_WEIGHT_CONFIG_V4.0.json,YES,371,2026-07-23 14:31:15.393767,PENDING_REVIEW
E:\football_v\99_DOCUMENTATION\FINAL_SYSTEM_COMPLETION_V4.0\MODEL_REGISTRY_V4.0.json,YES,174,2026-07-23 14:37:51.589838,PENDING_REVIEW
E:\football_v\99_DOCUMENTATION\FINAL_SYSTEM_COMPLETION_V4.0\MODEL_TRAINING_ENV_V4.0.json,YES,183,2026-07-23 14:37:51.589838,PENDING_REVIEW
E:\football_v\99_DOCUMENTATION\FIRST_REAL_PREDICTION_TEST_V4.0\fusion_result_V4.0.json,YES,317,2026-07-23 14:32:45.214422,PENDING_REVIEW
E:\football_v\99_DOCUMENTATION\FIRST_REAL_PREDICTION_TEST_V4.0\model_output_V4.0.json,YES,258,2026-07-23 14:32:45.214422,PENDING_REVIEW
E:\football_v\99_DOCUMENTATION\migration\ELO_LEGACY_SCAN_REPORT_SUMMARY_TOP200.txt,YES,19601,2026-07-28 20:10:24.392246,PENDING_REVIEW
E:\football_v\99_DOCUMENTATION\migration\ELO_LEGACY_SCAN_REPORT_SUMMARY_V1.0.txt,YES,9946251,2026-07-28 20:14:33.950869,PENDING_REVIEW
E:\football_v\99_DOCUMENTATION\migration\ELO_LEGACY_SCAN_REPORT_V1.0.txt,YES,48273917,2026-07-28 19:56:27.785392,PENDING_REVIEW
E:\football_v\99_DOCUMENTATION\migration\ELO_LEGACY_SCAN_SUMMARY_V1.0.txt,YES,17969704,2026-07-28 19:58:45.398457,PENDING_REVIEW
E:\football_v\99_DOCUMENTATION\migration\ELO_LEGACY_TO_OMEGA_V3.2_DIFF_REPORT_V1.0.txt,YES,1171,2026-07-28 20:15:39.431190,PENDING_REVIEW
E:\football_v\99_DOCUMENTATION\migration\LEGACY_MODEL_LIST.csv,YES,3724,2026-07-27 23:45:18.993778,PENDING_REVIEW
E:\football_v\99_DOCUMENTATION\migration\MODEL_LAYER_MIGRATION_STATUS_V1.0.md,YES,687,2026-07-27 23:44:52.354353,PENDING_REVIEW
E:\football_v\99_DOCUMENTATION\migration\OMEGA_MODEL_LIST.csv,YES,229,2026-07-27 23:45:07.280882,PENDING_REVIEW
E:\football_v\99_DOCUMENTATION\Migration_Plan\Football_AI_OS_ELO_Migration_Design_V1.0.md,YES,3547,2026-07-27 10:04:11.695950,PENDING_REVIEW
E:\football_v\99_DOCUMENTATION\MODEL_DATA_SNAPSHOT_V4.0\DATABASE_LOCATION_V4.0.json,YES,419,2026-07-23 14:59:40.631675,PENDING_REVIEW
E:\football_v\99_DOCUMENTATION\MODEL_DATA_SNAPSHOT_V4.0\DB_ARCHITECTURE_SCAN_V4.0.txt,YES,18391,2026-07-23 15:08:45.324500,PENDING_REVIEW
E:\football_v\99_DOCUMENTATION\MODEL_DATA_SNAPSHOT_V4.0\FOOTBALL_V_DATA_SCAN_V4.0.txt,YES,42415,2026-07-23 15:03:49.898118,PENDING_REVIEW
E:\football_v\99_DOCUMENTATION\MODEL_DATA_SNAPSHOT_V4.0\FULL_SYSTEM_SCAN_V4.0.txt,YES,163354,2026-07-23 15:33:20.073734,PENDING_REVIEW
E:\football_v\99_DOCUMENTATION\MODEL_DATA_SNAPSHOT_V4.0\MODEL_DATA_SNAPSHOT_V4.0.json,YES,278,2026-07-23 14:51:14.078750,PENDING_REVIEW
E:\football_v\99_DOCUMENTATION\MODEL_LAYER_FULL_AUDIT\MODEL_LAYER_FULL_AUDIT.json,YES,571564,2026-07-27 21:32:35.275038,PENDING_REVIEW
E:\football_v\99_DOCUMENTATION\MODEL_LAYER_FULL_AUDIT\MODEL_LAYER_FULL_AUDIT.txt,YES,167943,2026-07-27 21:32:35.275038,PENDING_REVIEW
E:\football_v\99_DOCUMENTATION\MODEL_TRAINING_READY_V4.0\MODEL_TRAINING_READY_CHECKPOINT_V4.0.json,YES,465,2026-07-23 14:41:47.408465,PENDING_REVIEW
E:\football_v\99_DOCUMENTATION\MODEL_TRAINING_READY_V4.0\TRAINING_ENGINE_CHECKPOINT_V4.0.json,YES,163,2026-07-23 14:44:59.925240,PENDING_REVIEW
E:\football_v\99_DOCUMENTATION\reports\FEATURE_MODEL_DEPLOYMENT_V1.0_REPORT.json,YES,2456,2026-07-23 18:57:45.281849,PENDING_REVIEW
E:\football_v\99_DOCUMENTATION\reports\FOOTBALL_AI_OS_MODEL_LAYER_V2.3_REAL_REPORT.json,YES,494,2026-07-23 20:05:57.324526,PENDING_REVIEW
E:\football_v\99_DOCUMENTATION\reports\MODEL_MIGRATION_V1.1_REPORT.json,YES,521,2026-07-23 19:02:47.230109,PENDING_REVIEW
E:\football_v\99_DOCUMENTATION\SYSTEM_CHECKPOINTS\MODEL_ASSET_SCAN_V4.0.txt,YES,270,2026-07-23 16:09:18.017414,PENDING_REVIEW
E:\football_v\99_DOCUMENTATION\V4_RUNTIME_VALIDATION_V4.0\model_validation_V4.0.json,YES,291,2026-07-23 14:32:08.923453,PENDING_REVIEW
E:\football_v\99_DOCUMENTATION\architecture_cleanup\FINAL_CLEANUP_V3.0\DEPRECATED_ARCHIVE\elo_loader.py,YES,128,2026-07-22 23:44:42.148871,PENDING_REVIEW
E:\football_v\99_DOCUMENTATION\architecture_cleanup\FINAL_CLEANUP_V3.0\DEPRECATED_ARCHIVE\feature_registry.py,YES,73,2026-07-23 00:32:29.164082,PENDING_REVIEW
E:\football_v\99_DOCUMENTATION\architecture_cleanup\FINAL_CLEANUP_V3.0\DEPRECATED_ARCHIVE\fusion_runner.py,YES,42,2026-07-23 00:05:09.672795,PENDING_REVIEW
E:\football_v\99_DOCUMENTATION\architecture_cleanup\FINAL_CLEANUP_V3.0\DEPRECATED_ARCHIVE\fusion_runtime.py,YES,34,2026-07-23 00:06:29.033463,PENDING_REVIEW
E:\football_v\99_DOCUMENTATION\architecture_cleanup\FINAL_CLEANUP_V3.0\DEPRECATED_ARCHIVE\model_api.py,YES,231,2026-07-22 22:53:45.084700,PENDING_REVIEW
E:\football_v\99_DOCUMENTATION\architecture_cleanup\FINAL_CLEANUP_V3.0\DEPRECATED_ARCHIVE\model_connector.py,YES,128,2026-07-22 23:44:42.147876,PENDING_REVIEW
E:\football_v\99_DOCUMENTATION\architecture_cleanup\FINAL_CLEANUP_V3.0\DEPRECATED_ARCHIVE\model_executor.py,YES,42,2026-07-23 00:05:09.671230,PENDING_REVIEW
E:\football_v\99_DOCUMENTATION\architecture_cleanup\FINAL_CLEANUP_V3.0\DEPRECATED_ARCHIVE\model_manager.py,YES,65,2026-07-23 00:32:29.164082,PENDING_REVIEW
E:\football_v\99_DOCUMENTATION\architecture_cleanup\FINAL_CLEANUP_V3.0\DEPRECATED_ARCHIVE\model_registry.py,YES,247,2026-07-22 22:53:45.068921,PENDING_REVIEW
E:\football_v\99_DOCUMENTATION\architecture_cleanup\FINAL_CLEANUP_V3.0\DEPRECATED_ARCHIVE\model_runner.py,YES,42,2026-07-23 00:05:09.671230,PENDING_REVIEW
E:\football_v\99_DOCUMENTATION\architecture_cleanup\FINAL_CLEANUP_V3.0\DEPRECATED_ARCHIVE\model_status.py,YES,243,2026-07-22 22:53:45.100356,PENDING_REVIEW
E:\football_v\99_DOCUMENTATION\architecture_cleanup\FINAL_CLEANUP_V3.0\DEPRECATED_ARCHIVE\model_update.py,YES,72,2026-07-23 00:32:29.178805,PENDING_REVIEW
E:\football_v\99_DOCUMENTATION\architecture_cleanup\FINAL_CLEANUP_V3.0\DEPRECATED_ARCHIVE\model_validator.py,YES,26,2026-07-23 00:02:43.725453,PENDING_REVIEW
E:\football_v\99_DOCUMENTATION\architecture_cleanup\FINAL_CLEANUP_V3.0\DEPRECATED_ARCHIVE\model_version_manager.py,YES,247,2026-07-22 22:53:45.071919,PENDING_REVIEW
E:\football_v\99_DOCUMENTATION\architecture_cleanup\FINAL_CLEANUP_V3.0\DEPRECATED_ARCHIVE\model_weight_loader.py,YES,34,2026-07-23 00:06:29.033463,PENDING_REVIEW
E:\football_v\99_DOCUMENTATION\architecture_cleanup\FINAL_CLEANUP_V3.0\DEPRECATED_ARCHIVE\poisson_loader.py,YES,128,2026-07-22 23:44:42.149446,PENDING_REVIEW
E:\football_v\99_DOCUMENTATION\architecture_cleanup\FINAL_CLEANUP_V3.0\DEPRECATED_ARCHIVE\system_registry.py,YES,73,2026-07-23 00:32:29.164082,PENDING_REVIEW
E:\football_v\99_DOCUMENTATION\architecture_cleanup\FINAL_CLEANUP_V3.0\DEPRECATED_ARCHIVE\test_model_store.py,YES,247,2026-07-22 22:53:45.073647,PENDING_REVIEW
E:\football_v\99_DOCUMENTATION\architecture_cleanup\FINAL_CLEANUP_V3.0\DEPRECATED_ARCHIVE\xgboost_loader.py,YES,128,2026-07-22 23:44:42.149446,PENDING_REVIEW
E:\football_v\99_DOCUMENTATION\audit\MODEL_LAYER_VERIFY_BATCH_V1\Legacy_ModelLayer_TREE.txt,YES,3664,2026-07-27 23:37:16.552598,PENDING_REVIEW
E:\football_v\99_DOCUMENTATION\audit\MODEL_LAYER_VERIFY_BATCH_V1\MODEL_CONFIG_INDEX.txt,YES,31131,2026-07-27 23:37:17.795638,PENDING_REVIEW
E:\football_v\99_DOCUMENTATION\audit\MODEL_LAYER_VERIFY_BATCH_V1\Omega_ModelLayer_TREE.txt,YES,1890,2026-07-27 23:37:16.612741,PENDING_REVIEW
E:\football_v\99_DOCUMENTATION\audit\MODEL_LAYER_VERIFY_BATCH_V1\PYTHON_MODEL_INDEX.txt,YES,26854,2026-07-27 23:37:18.962289,PENDING_REVIEW
E:\football_v\99_DOCUMENTATION\audit\MODEL_LAYER_VERIFY_BATCH_V1\REGISTRY_INDEX.txt,YES,7380,2026-07-27 23:37:19.574940,PENDING_REVIEW
E:\football_v\99_DOCUMENTATION\audit\MODEL_LAYER_VERIFY_BATCH_V1\ROOT_STRUCTURE.txt,YES,17349,2026-07-27 23:37:19.700312,PENDING_REVIEW
E:\football_v\99_DOCUMENTATION\checkpoints\Model_Layer_V1.3_Backup\MODEL_LAYER\feature_store_connector.py,YES,283,2026-07-21 11:16:36.954954,PENDING_REVIEW
E:\football_v\99_DOCUMENTATION\checkpoints\Model_Layer_V1.3_Backup\MODEL_LAYER\model_interface.py,YES,609,2026-07-21 11:16:36.941210,PENDING_REVIEW
E:\football_v\99_DOCUMENTATION\checkpoints\Model_Layer_V1.3_Backup\MODEL_LAYER\model_loader.py,YES,275,2026-07-21 11:16:36.941210,PENDING_REVIEW
E:\football_v\99_DOCUMENTATION\checkpoints\Model_Layer_V1.3_Backup\MODEL_LAYER\model_registry.py,YES,459,2026-07-21 11:16:36.941210,PENDING_REVIEW
E:\football_v\99_DOCUMENTATION\checkpoints\Model_Layer_V1.3_Backup\MODEL_LAYER\model_runtime.py,YES,311,2026-07-21 11:16:36.941210,PENDING_REVIEW
E:\football_v\99_DOCUMENTATION\checkpoints\Model_Layer_V1.3_Backup\MODEL_LAYER\backtest\backtest_engine.py,YES,292,2026-07-21 11:16:36.956952,PENDING_REVIEW
E:\football_v\99_DOCUMENTATION\checkpoints\Model_Layer_V1.3_Backup\MODEL_LAYER\backtest\model_accuracy_report.py,YES,263,2026-07-21 11:16:36.958946,PENDING_REVIEW
E:\football_v\99_DOCUMENTATION\checkpoints\Model_Layer_V1.3_Backup\MODEL_LAYER\backtest\prediction_tracker.py,YES,339,2026-07-21 11:16:36.957955,PENDING_REVIEW
E:\football_v\99_DOCUMENTATION\checkpoints\Model_Layer_V1.3_Backup\MODEL_LAYER\backtest\roi_analyzer.py,YES,239,2026-07-21 11:16:36.959500,PENDING_REVIEW
E:\football_v\99_DOCUMENTATION\checkpoints\Model_Layer_V1.3_Backup\MODEL_LAYER\config\model_config.json,YES,241,2026-07-21 11:16:36.959500,PENDING_REVIEW
E:\football_v\99_DOCUMENTATION\checkpoints\Model_Layer_V1.3_Backup\MODEL_LAYER\fusion\fusion_engine.py,YES,964,2026-07-21 11:16:36.955952,PENDING_REVIEW
E:\football_v\99_DOCUMENTATION\checkpoints\Model_Layer_V1.3_Backup\MODEL_LAYER\fusion\probability_calculator.py,YES,367,2026-07-21 11:16:36.956952,PENDING_REVIEW
E:\football_v\99_DOCUMENTATION\checkpoints\Model_Layer_V1.3_Backup\MODEL_LAYER\models\dixon_coles_model.py,YES,576,2026-07-21 11:16:36.941210,PENDING_REVIEW
E:\football_v\99_DOCUMENTATION\checkpoints\Model_Layer_V1.3_Backup\MODEL_LAYER\models\elo_model.py,YES,6592,2026-07-27 10:26:41.333465,PENDING_REVIEW
E:\football_v\99_DOCUMENTATION\checkpoints\Model_Layer_V1.3_Backup\MODEL_LAYER\models\poisson_model.py,YES,569,2026-07-21 11:16:36.941210,PENDING_REVIEW
E:\football_v\99_DOCUMENTATION\checkpoints\Model_Layer_V1.3_Backup\MODEL_LAYER\models\xgboost_model.py,YES,569,2026-07-21 11:16:36.954954,PENDING_REVIEW
E:\football_v\99_DOCUMENTATION\checkpoints\Model_Layer_V1.3_Backup\MODEL_LAYER\reports\model_layer_report.json,YES,269,2026-07-21 11:16:36.959500,PENDING_REVIEW
E:\football_v\99_DOCUMENTATION\checkpoints\Model_Layer_V1.3_Backup\MODEL_LAYER\tests\model_layer_v1.3_full_test.py,YES,990,2026-07-21 11:16:36.961499,PENDING_REVIEW
E:\football_v\99_DOCUMENTATION\checkpoints\Model_Layer_V1.3_Backup\MODEL_LAYER\tests\test_elo_model_migration.py,YES,2290,2026-07-27 10:26:41.331471,PENDING_REVIEW
E:\football_v\99_DOCUMENTATION\checkpoints\Model_Layer_V1.3_Backup\MODEL_LAYER\__pycache__\model_interface.cpython-312.pyc,YES,1178,2026-07-27 10:23:06.478556,PENDING_REVIEW
E:\football_v\99_DOCUMENTATION\checkpoints\Model_Layer_V1.3_Backup\MODEL_LAYER\models\__pycache__\elo_model.cpython-312.pyc,YES,7852,2026-07-27 23:45:37.833652,PENDING_REVIEW
E:\football_v\99_DOCUMENTATION\checkpoints\Model_Layer_V1.3_Backup\MODEL_LAYER\tests\__pycache__\test_elo_model_migration.cpython-312-pytest-9.1.1.pyc,YES,10081,2026-07-27 10:23:06.429533,PENDING_REVIEW
E:\football_v\99_DOCUMENTATION\Legacy_Asset_Index\Phase_1_Python_Asset\Python_Class_Registry_V1.0.csv,YES,130582,2026-07-24 23:43:20.810980,PENDING_REVIEW
E:\football_v\99_DOCUMENTATION\Legacy_Asset_Index\Phase_1_Python_Asset\Python_Function_Registry_V1.0.csv,YES,578980,2026-07-24 23:43:20.826607,PENDING_REVIEW
E:\football_v\99_DOCUMENTATION\Legacy_Asset_Index\Phase_2_Function_Registry\Function_Capability_Registry_V1.0.csv,YES,305130,2026-07-24 23:45:49.861856,PENDING_REVIEW
E:\football_v\99_DOCUMENTATION\Legacy_Asset_Index\Phase_2_Function_Registry\Keyword_Discovery_Map_V1.0.csv,YES,427314,2026-07-24 23:45:49.882082,PENDING_REVIEW
E:\football_v\99_DOCUMENTATION\Legacy_Asset_Index\Phase_2_Function_Registry\Module_Capability_Map_V1.0.csv,YES,187192,2026-07-24 23:45:49.861856,PENDING_REVIEW
E:\football_v\99_DOCUMENTATION\Legacy_Asset_Index\Phase_3_Call_Graph\Call_Graph_Registry_V1.0.csv,YES,996489,2026-07-24 23:46:48.157058,PENDING_REVIEW
E:\football_v\99_DOCUMENTATION\Legacy_Asset_Index\Phase_4_Database_Registry\Database_Asset_Registry_V1.0.csv,YES,1604,2026-07-24 23:47:38.119881,PENDING_REVIEW
E:\football_v\99_DOCUMENTATION\Legacy_Asset_Index\Phase_4_Database_Registry\Database_SQL_Discovery_V1.0.csv,YES,772,2026-07-24 23:47:38.119881,PENDING_REVIEW
E:\football_v\99_DOCUMENTATION\Legacy_Asset_Index\Phase_4_Database_Registry\Database_Table_Registry_V1.0.csv,YES,22206,2026-07-24 23:47:38.119881,PENDING_REVIEW
E:\football_v\99_DOCUMENTATION\Legacy_Asset_Index\Phase_5_Model_Registry\Model_Asset_Registry_V1.0.csv,YES,113785,2026-07-24 23:48:05.643475,PENDING_REVIEW
E:\football_v\99_DOCUMENTATION\Legacy_Asset_Index\Phase_5_Model_Registry\Model_Code_Map_V1.0.csv,YES,97874,2026-07-24 23:48:05.674719,PENDING_REVIEW
E:\football_v\99_DOCUMENTATION\Legacy_Asset_Index\Phase_5_Model_Registry\Model_Lifecycle_Map_V1.0.csv,YES,20186,2026-07-24 23:48:05.674719,PENDING_REVIEW
E:\football_v\99_DOCUMENTATION\Legacy_Asset_Index\Phase_6_Feature_Registry\Feature_Asset_Registry_V1.0.csv,YES,144341,2026-07-28 18:50:03.055561,PENDING_REVIEW
E:\football_v\99_DOCUMENTATION\Legacy_Asset_Index\Phase_6_Feature_Registry\Feature_Code_Map_V1.0.csv,YES,101604,2026-07-28 18:50:03.060546,PENDING_REVIEW
E:\football_v\99_DOCUMENTATION\Legacy_Asset_Index\Phase_6_Feature_Registry\Feature_Data_Map_V1.0.csv,YES,250895,2026-07-28 18:50:03.070522,PENDING_REVIEW
E:\football_v\99_DOCUMENTATION\Legacy_Asset_Index\Phase_7_Runtime_Registry\Entry_Runtime_Flow_V1.0.csv,YES,19793,2026-07-24 23:49:13.846052,PENDING_REVIEW
E:\football_v\99_DOCUMENTATION\Legacy_Asset_Index\Phase_7_Runtime_Registry\Prediction_Decision_Map_V1.0.csv,YES,59087,2026-07-24 23:49:13.814755,PENDING_REVIEW
E:\football_v\99_DOCUMENTATION\Legacy_Asset_Index\Phase_7_Runtime_Registry\Runtime_Asset_Registry_V1.0.csv,YES,175250,2026-07-24 23:49:13.814755,PENDING_REVIEW
E:\football_v\99_DOCUMENTATION\Legacy_Asset_Index\Phase_8_Status_Registry\Asset_Status_Registry_V1.0.csv,YES,225700,2026-07-24 23:49:44.767895,PENDING_REVIEW
E:\football_v\99_DOCUMENTATION\Legacy_Asset_Index\Phase_8_Status_Registry\Migration_Precheck_Report_V1.0.csv,YES,216488,2026-07-24 23:49:44.799170,PENDING_REVIEW
E:\football_v\AI_RUNTIME\__pycache__\model_connector.cpython-312.pyc,YES,1413,2026-07-25 21:50:43.047693,PENDING_REVIEW
E:\football_v\AI_RUNTIME\__pycache__\model_fusion.cpython-312.pyc,YES,1249,2026-07-26 13:28:50.345767,PENDING_REVIEW
E:\football_v\AI_RUNTIME\__pycache__\model_outputs.cpython-312.pyc,YES,3567,2026-07-26 13:25:47.539390,PENDING_REVIEW
E:\football_v\AI_RUNTIME\__pycache__\model_runtime_connector.cpython-312.pyc,YES,1852,2026-07-26 13:16:22.550093,PENDING_REVIEW
E:\football_v\archive\V4_CLEANUP_ARCHIVE\deploy_MODEL_LAYER_V2.10_OPTIMIZATION_ALL.ps1,YES,4172,2026-07-23 20:33:34.851224,PENDING_REVIEW
E:\football_v\archive\V4_CLEANUP_ARCHIVE\deploy_MODEL_LAYER_V2.11_FEEDBACK_LOOP_ALL.ps1,YES,4263,2026-07-23 20:35:33.401958,PENDING_REVIEW
E:\football_v\LEGACY_IMPORT\03_SUPPORTING\dixon_coles_data.py,YES,2408,2026-07-25 22:44:38.268766,PENDING_REVIEW
E:\football_v\LEGACY_IMPORT\03_SUPPORTING\elo_engine_data.py,YES,3950,2026-07-25 22:44:38.235121,PENDING_REVIEW
E:\football_v\LEGACY_IMPORT\03_SUPPORTING\model_data_registry_engine.py,YES,2406,2026-07-25 22:44:38.151524,PENDING_REVIEW
E:\football_v\LEGACY_IMPORT\03_SUPPORTING\poisson_engine_data.py,YES,4180,2026-07-25 22:44:38.301710,PENDING_REVIEW
E:\football_v\LEGACY_IMPORT\01_PREDICTION_MODELS\Dixon_Coles\dixon_coles.py,YES,2408,2026-07-25 22:44:24.334316,PENDING_REVIEW
E:\football_v\LEGACY_IMPORT\01_PREDICTION_MODELS\Dixon_Coles\dixon_coles_history_engine.py,YES,1811,2026-07-25 22:44:24.362971,PENDING_REVIEW
E:\football_v\LEGACY_IMPORT\01_PREDICTION_MODELS\Elo\elo_engine.py,YES,3950,2026-07-25 22:44:24.287515,PENDING_REVIEW
E:\football_v\LEGACY_IMPORT\01_PREDICTION_MODELS\Poisson\poisson_engine.py,YES,4180,2026-07-25 22:44:24.411428,PENDING_REVIEW
E:\football_v\LEGACY_IMPORT\01_PREDICTION_MODELS\Poisson\poisson_history_engine.py,YES,2556,2026-07-25 22:44:24.556739,PENDING_REVIEW
E:\football_v\LEGACY_IMPORT\01_PREDICTION_MODELS\XGBoost\xgboost_engine.py,YES,2133,2026-07-25 22:44:24.583009,PENDING_REVIEW
E:\football_v\LEGACY_IMPORT\01_PREDICTION_MODELS\XGBoost\xgboost_fusion_engine.py,YES,6622,2026-07-25 22:44:24.627338,PENDING_REVIEW
E:\football_v\LEGACY_IMPORT\01_PREDICTION_MODELS\XGBoost\xgboost_fusion_v2_engine.py,YES,3167,2026-07-25 22:44:24.652948,PENDING_REVIEW
