file,keyword,entry_function
E:\football_v\.venv\Lib\site-packages\pip\__init__.py,main,main
E:\football_v\.venv\Lib\site-packages\pip\_internal\build_env.py,run,get_runnable_pip
E:\football_v\.venv\Lib\site-packages\pip\_internal\main.py,main,main
E:\football_v\.venv\Lib\site-packages\pip\_internal\__init__.py,main,main
E:\football_v\.venv\Lib\site-packages\pip\_internal\cli\base_command.py,run,run
E:\football_v\.venv\Lib\site-packages\pip\_internal\cli\base_command.py,run,_run_wrapper
E:\football_v\.venv\Lib\site-packages\pip\_internal\cli\base_command.py,main,main
E:\football_v\.venv\Lib\site-packages\pip\_internal\cli\base_command.py,main,_main
E:\football_v\.venv\Lib\site-packages\pip\_internal\cli\base_command.py,run,_inner_run
E:\football_v\.venv\Lib\site-packages\pip\_internal\cli\command_context.py,main,main_context
E:\football_v\.venv\Lib\site-packages\pip\_internal\cli\main.py,main,main
E:\football_v\.venv\Lib\site-packages\pip\_internal\cli\main_parser.py,main,create_main_parser
E:\football_v\.venv\Lib\site-packages\pip\_internal\commands\cache.py,run,run
E:\football_v\.venv\Lib\site-packages\pip\_internal\commands\check.py,run,run
E:\football_v\.venv\Lib\site-packages\pip\_internal\commands\completion.py,run,run
E:\football_v\.venv\Lib\site-packages\pip\_internal\commands\configuration.py,run,run
E:\football_v\.venv\Lib\site-packages\pip\_internal\commands\debug.py,run,run
E:\football_v\.venv\Lib\site-packages\pip\_internal\commands\download.py,run,run
E:\football_v\.venv\Lib\site-packages\pip\_internal\commands\freeze.py,run,run
E:\football_v\.venv\Lib\site-packages\pip\_internal\commands\hash.py,run,run
E:\football_v\.venv\Lib\site-packages\pip\_internal\commands\help.py,run,run
E:\football_v\.venv\Lib\site-packages\pip\_internal\commands\index.py,run,run
E:\football_v\.venv\Lib\site-packages\pip\_internal\commands\inspect.py,run,run
E:\football_v\.venv\Lib\site-packages\pip\_internal\commands\install.py,run,run
E:\football_v\.venv\Lib\site-packages\pip\_internal\commands\list.py,run,run
E:\football_v\.venv\Lib\site-packages\pip\_internal\commands\search.py,run,run
E:\football_v\.venv\Lib\site-packages\pip\_internal\commands\show.py,run,run
E:\football_v\.venv\Lib\site-packages\pip\_internal\commands\uninstall.py,run,run
E:\football_v\.venv\Lib\site-packages\pip\_internal\commands\wheel.py,run,run
E:\football_v\.venv\Lib\site-packages\pip\_internal\index\collector.py,start,handle_starttag
E:\football_v\.venv\Lib\site-packages\pip\_internal\metadata\pkg_resources.py,run,run_script
E:\football_v\.venv\Lib\site-packages\pip\_internal\network\lazy_wheel.py,run,truncate
E:\football_v\.venv\Lib\site-packages\pip\_internal\resolution\resolvelib\reporter.py,start,starting
E:\football_v\.venv\Lib\site-packages\pip\_internal\resolution\resolvelib\reporter.py,start,starting_round
E:\football_v\.venv\Lib\site-packages\pip\_internal\utils\logging.py,start,get_message_start
E:\football_v\.venv\Lib\site-packages\pip\_internal\utils\misc.py,run,warn_if_run_as_root
E:\football_v\.venv\Lib\site-packages\pip\_internal\utils\subprocess.py,run,runner_with_spinner_message
E:\football_v\.venv\Lib\site-packages\pip\_internal\utils\subprocess.py,run,runner
E:\football_v\.venv\Lib\site-packages\pip\_internal\utils\virtualenv.py,run,_running_under_venv
E:\football_v\.venv\Lib\site-packages\pip\_internal\utils\virtualenv.py,run,_running_under_legacy_virtualenv
E:\football_v\.venv\Lib\site-packages\pip\_internal\utils\virtualenv.py,run,running_under_virtualenv
E:\football_v\.venv\Lib\site-packages\pip\_internal\vcs\versioncontrol.py,run,run_command
E:\football_v\.venv\Lib\site-packages\pip\_vendor\typing_extensions.py,run,runtime_checkable
E:\football_v\.venv\Lib\site-packages\pip\_vendor\cachecontrol\_cmd.py,main,main
E:\football_v\.venv\Lib\site-packages\pip\_vendor\distlib\database.py,run,run_requires
E:\football_v\.venv\Lib\site-packages\pip\_vendor\distlib\index.py,run,run_command
E:\football_v\.venv\Lib\site-packages\pip\_vendor\distlib\scripts.py,run,dry_run
E:\football_v\.venv\Lib\site-packages\pip\_vendor\distlib\scripts.py,run,dry_run
E:\football_v\.venv\Lib\site-packages\pip\_vendor\distlib\util.py,start,start
E:\football_v\.venv\Lib\site-packages\pip\_vendor\distlib\util.py,run,run_command
E:\football_v\.venv\Lib\site-packages\pip\_vendor\distro\distro.py,main,main
E:\football_v\.venv\Lib\site-packages\pip\_vendor\pkg_resources\__init__.py,run,run_script
E:\football_v\.venv\Lib\site-packages\pip\_vendor\pkg_resources\__init__.py,run,run_script
E:\football_v\.venv\Lib\site-packages\pip\_vendor\pkg_resources\__init__.py,run,run_script
E:\football_v\.venv\Lib\site-packages\pip\_vendor\platformdirs\android.py,run,user_runtime_dir
E:\football_v\.venv\Lib\site-packages\pip\_vendor\platformdirs\android.py,run,site_runtime_dir
E:\football_v\.venv\Lib\site-packages\pip\_vendor\platformdirs\api.py,run,user_runtime_dir
E:\football_v\.venv\Lib\site-packages\pip\_vendor\platformdirs\api.py,run,site_runtime_dir
E:\football_v\.venv\Lib\site-packages\pip\_vendor\platformdirs\api.py,run,user_runtime_path
E:\football_v\.venv\Lib\site-packages\pip\_vendor\platformdirs\api.py,run,site_runtime_path
E:\football_v\.venv\Lib\site-packages\pip\_vendor\platformdirs\api.py,run,iter_runtime_dirs
E:\football_v\.venv\Lib\site-packages\pip\_vendor\platformdirs\api.py,run,iter_runtime_paths
E:\football_v\.venv\Lib\site-packages\pip\_vendor\platformdirs\macos.py,run,user_runtime_dir
E:\football_v\.venv\Lib\site-packages\pip\_vendor\platformdirs\macos.py,run,site_runtime_dir
E:\football_v\.venv\Lib\site-packages\pip\_vendor\platformdirs\unix.py,run,user_runtime_dir
E:\football_v\.venv\Lib\site-packages\pip\_vendor\platformdirs\unix.py,run,site_runtime_dir
E:\football_v\.venv\Lib\site-packages\pip\_vendor\platformdirs\windows.py,run,user_runtime_dir
E:\football_v\.venv\Lib\site-packages\pip\_vendor\platformdirs\windows.py,run,site_runtime_dir
E:\football_v\.venv\Lib\site-packages\pip\_vendor\platformdirs\__init__.py,run,user_runtime_dir
E:\football_v\.venv\Lib\site-packages\pip\_vendor\platformdirs\__init__.py,run,site_runtime_dir
E:\football_v\.venv\Lib\site-packages\pip\_vendor\platformdirs\__init__.py,run,user_runtime_path
E:\football_v\.venv\Lib\site-packages\pip\_vendor\platformdirs\__init__.py,run,site_runtime_path
E:\football_v\.venv\Lib\site-packages\pip\_vendor\platformdirs\__main__.py,main,main
E:\football_v\.venv\Lib\site-packages\pip\_vendor\pygments\cmdline.py,main,main_inner
E:\football_v\.venv\Lib\site-packages\pip\_vendor\pygments\cmdline.py,main,main
E:\football_v\.venv\Lib\site-packages\pip\_vendor\pygments\lexer.py,start,start
E:\football_v\.venv\Lib\site-packages\pip\_vendor\pygments\sphinxext.py,run,run
E:\football_v\.venv\Lib\site-packages\pip\_vendor\pygments\unistring.py,run,_handle_runs
E:\football_v\.venv\Lib\site-packages\pip\_vendor\pyproject_hooks\_impl.py,run,default_subprocess_runner
E:\football_v\.venv\Lib\site-packages\pip\_vendor\pyproject_hooks\_impl.py,run,quiet_subprocess_runner
E:\football_v\.venv\Lib\site-packages\pip\_vendor\pyproject_hooks\_impl.py,run,subprocess_runner
E:\football_v\.venv\Lib\site-packages\pip\_vendor\pyproject_hooks\_in_process\_in_process.py,main,main
E:\football_v\.venv\Lib\site-packages\pip\_vendor\requests\cookies.py,main,list_domains
E:\football_v\.venv\Lib\site-packages\pip\_vendor\requests\cookies.py,main,multiple_domains
E:\football_v\.venv\Lib\site-packages\pip\_vendor\requests\help.py,main,main
E:\football_v\.venv\Lib\site-packages\pip\_vendor\resolvelib\reporters.py,start,starting
E:\football_v\.venv\Lib\site-packages\pip\_vendor\resolvelib\reporters.py,start,starting_round
E:\football_v\.venv\Lib\site-packages\pip\_vendor\rich\live.py,run,run
E:\football_v\.venv\Lib\site-packages\pip\_vendor\rich\live.py,start,is_started
E:\football_v\.venv\Lib\site-packages\pip\_vendor\rich\live.py,start,start
E:\football_v\.venv\Lib\site-packages\pip\_vendor\rich\progress.py,run,run
E:\football_v\.venv\Lib\site-packages\pip\_vendor\rich\progress.py,start,started
E:\football_v\.venv\Lib\site-packages\pip\_vendor\rich\progress.py,main,remaining
E:\football_v\.venv\Lib\site-packages\pip\_vendor\rich\progress.py,main,time_remaining
E:\football_v\.venv\Lib\site-packages\pip\_vendor\rich\progress.py,start,start
E:\football_v\.venv\Lib\site-packages\pip\_vendor\rich\progress.py,start,start_task
E:\football_v\.venv\Lib\site-packages\pip\_vendor\rich\status.py,start,start
E:\football_v\.venv\Lib\site-packages\pip\_vendor\rich\text.py,run,truncate
E:\football_v\.venv\Lib\site-packages\pip\_vendor\rich\_null_file.py,run,truncate
E:\football_v\.venv\Lib\site-packages\pip\_vendor\rich\_win32_console.py,start,erase_start_of_line
E:\football_v\.venv\Lib\site-packages\pip\_vendor\urllib3\contrib\_appengine_environ.py,engine,is_appengine
E:\football_v\.venv\Lib\site-packages\pip\_vendor\urllib3\contrib\_appengine_environ.py,engine,is_appengine_sandbox
E:\football_v\.venv\Lib\site-packages\pip\_vendor\urllib3\contrib\_appengine_environ.py,engine,is_local_appengine
E:\football_v\.venv\Lib\site-packages\pip\_vendor\urllib3\contrib\_appengine_environ.py,engine,is_prod_appengine
E:\football_v\.venv\Lib\site-packages\pip\_vendor\urllib3\contrib\_appengine_environ.py,engine,is_prod_appengine_mvms
E:\football_v\.venv\Lib\site-packages\pip\_vendor\urllib3\util\timeout.py,start,start_connect
E:\football_v\00_System_OS\01_DATA_LAYER\main.py,start,startup_check
E:\football_v\00_System_OS\01_DATA_LAYER\main.py,main,main
E:\football_v\00_System_OS\01_DATA_LAYER\quality\quality_checker.py,run,run_basic_check
E:\football_v\00_System_OS\01_DATA_LAYER\scripts\test_registry_flow.py,run,run_test
E:\football_v\00_System_OS\01_DATA_LAYER\scripts\test_retry_logger.py,run,run_test
E:\football_v\00_System_OS\01_DATA_LAYER\scripts\test_scheduler_reliability.py,run,run_test
E:\football_v\00_System_OS\01_DATA_LAYER\scripts\test_task_history.py,run,run_test
E:\football_v\00_System_OS\01_DATA_LAYER\scripts\test_task_reliability_full.py,run,run_test
E:\football_v\00_System_OS\01_DATA_LAYER\task_queue\scheduler.py,start,start_task
E:\football_v\00_System_OS\Automation\scheduler\scheduler_manager.py,run,run
E:\football_v\00_System_OS\Bootstrap\bootstrap.py,main,main
E:\football_v\00_System_OS\Bootstrap\deploy_system.py,run,run
E:\football_v\00_System_OS\Bootstrap\system_check.py,run,run_check
E:\football_v\00_System_OS\File_Manager\archive\archive_manager_v11.py,run,run
E:\football_v\00_System_OS\File_Manager\duplicate\duplicate_detector_v11.py,run,run
E:\football_v\00_System_OS\File_Manager\lifecycle\lifecycle_engine.py,run,run
E:\football_v\00_System_OS\File_Manager\version\version_manager.py,run,run
E:\football_v\00_System_OS\Recovery\recovery_controller.py,main,main
E:\football_v\00_System_OS\RELEASE_VALIDATION\dependency_checker\dependency_checker_V1.0.py,run,run
E:\football_v\00_System_OS\RELEASE_VALIDATION\integrity_checker\integrity_checker_V1.0.py,run,run
E:\football_v\00_System_OS\scripts\framework_initializer.py,main,main
E:\football_v\00_SYSTEM_TOOLS\deploy_scripts\deploy_phase3_2_memory_bridge.py,main,main
E:\football_v\00_SYSTEM_TOOLS\Module_Deployment_Tool\core\deployment_engine.py,run,run
E:\football_v\00_SYSTEM_TOOLS\Module_Deployment_Tool\modules\deploy_ai_autonomous_engine_HIL_V1.3_V1.4.py,start,deploy_start
E:\football_v\00_SYSTEM_TOOLS\Module_Deployment_Tool\modules\deploy_ai_autonomous_engine_HIL_V1.5_V1.6.py,start,deploy_start
E:\football_v\00_SYSTEM_TOOLS\Module_Deployment_Tool\modules\deploy_ai_autonomous_engine_HIL_V1.7_V1.8.py,start,deploy_start
E:\football_v\00_SYSTEM_TOOLS\Module_Deployment_Tool\modules\deploy_ai_autonomous_engine_HIL_V1.7_V1.8.py,engine,create_multi_cycle_learning_engine
E:\football_v\00_SYSTEM_TOOLS\Module_Deployment_Tool\modules\deploy_ai_autonomous_engine_HIL_V1.7_V1.8.py,engine,create_evolution_intelligence_engine
E:\football_v\00_SYSTEM_TOOLS\Module_Deployment_Tool\modules\deploy_ai_autonomous_engine_HIL_V2.1_V2.2_BATCH.py,start,deploy_start
E:\football_v\00_SYSTEM_TOOLS\Module_Deployment_Tool\modules\deploy_ai_autonomous_engine_HIL_V2.3_V2.4_BATCH.py,start,deploy_start
E:\football_v\00_SYSTEM_TOOLS\Module_Deployment_Tool\modules\deploy_ai_autonomous_engine_HIL_V2.5_V2.6_BATCH.py,start,deploy_start
E:\football_v\00_SYSTEM_TOOLS\Module_Deployment_Tool\modules\deploy_ai_autonomous_engine_HIL_V2.7_V2.8_BATCH.py,start,deploy_start
E:\football_v\00_SYSTEM_TOOLS\Module_Deployment_Tool\modules\deploy_ai_autonomous_engine_HIL_V2.7_V2.8_BATCH.py,run,run_test
E:\football_v\00_SYSTEM_TOOLS\Module_Deployment_Tool\modules\deploy_ai_autonomous_engine_HIL_V2.9_V3.0_BATCH.py,start,deploy_start
E:\football_v\00_SYSTEM_TOOLS\Module_Deployment_Tool\modules\deploy_ai_autonomous_engine_HIL_V2.9_V3.0_BATCH.py,run,run_test
E:\football_v\01_Data_Source\monitor\source_monitor.py,run,run
E:\football_v\02_Data_Platform\pipeline\data_pipeline.py,run,run
E:\football_v\02_Data_Platform\raw\raw_manager.py,execute,execute
E:\football_v\04_Data_Processing_AI\feature_store\feature_pipeline.py,run,run
E:\football_v\04_Data_Processing_AI\feature_store\feature_pipeline_runner.py,run,run
E:\football_v\05_MODEL_AI\MODEL_LAYER\model_runtime.py,start,start
E:\football_v\05_MODEL_AI\MODEL_LAYER\backtest\backtest_engine.py,run,run
E:\football_v\06_PREDICTION_ENGINE\prediction_runtime.py,start,start
E:\football_v\06_PREDICTION_INTELLIGENCE_ENGINE\real_probability_engine\probability_service.py,run,run
E:\football_v\06_PREDICTION_INTELLIGENCE_ENGINE\score_probability_engine\score_service.py,run,run
E:\football_v\07_AI_ORCHESTRATION_LAYER\orchestration_core\orchestrator.py,execute,execute
E:\football_v\07_AI_ORCHESTRATION_LAYER\orchestration_core\pipeline_manager.py,run,run
E:\football_v\07_BACKTEST_AI\backtest_engine.py,run,run
E:\football_v\07_BACKTEST_AI\backtest_runner.py,execute,execute
E:\football_v\07_BACKTEST_SYSTEM\backtest_engine\backtest_engine.py,run,run
E:\football_v\07_BACKTEST_SYSTEM\metrics\classification_metrics.py,run,run
E:\football_v\07_BACKTEST_SYSTEM\metrics\probability_metrics.py,run,run
E:\football_v\07_BACKTEST_SYSTEM\tests\backtest_system_test.py,run,run
E:\football_v\08_DECISION_ENGINE\decision_runtime.py,start,start
E:\football_v\08_DECISION_LAYER\service\decision_service.py,run,run
E:\football_v\09_AI_ORCHESTRATION_LAYER\orchestration_interface.py,execute,execute
E:\football_v\09_AI_ORCHESTRATION_LAYER\pipeline_controller.py,execute,execute
E:\football_v\09_AI_ORCHESTRATION_LAYER\workflow_engine.py,run,run
E:\football_v\09_APPLICATION_LAYER\service\football_ai_service.py,run,run
E:\football_v\09_Prediction_System\prediction_pipeline.py,run,run
E:\football_v\09_Prediction_System\prediction_service_adapter.py,execute,execute
E:\football_v\10_AI_AUTONOMOUS_ENGINE\autonomous_engine_v2.py,run,run
E:\football_v\10_AI_AUTONOMOUS_ENGINE\auto_experiment_engine.py,run,run
E:\football_v\10_AI_AUTONOMOUS_ENGINE\evolution_controller.py,start,start_evolution
E:\football_v\10_AI_AUTONOMOUS_ENGINE\safe_upgrade_executor.py,execute,execute
E:\football_v\10_AI_AUTONOMOUS_ENGINE\tests\autonomous_engine_hil_v1_0_full_test.py,run,run_test
E:\football_v\11_AI_ORCHESTRATION_LAYER\orchestrator_core\orchestrator.py,run,run
E:\football_v\11_AI_ORCHESTRATION_LAYER\pipeline_manager\pipeline.py,execute,execute
E:\football_v\11_AI_ORCHESTRATION_LAYER\workflow_engine\workflow.py,start,start
E:\football_v\11_System_Intelligence\agent_manager.py,run,run
E:\football_v\11_System_Intelligence\ai_prediction_os.py,run,run
E:\football_v\11_System_Intelligence\backtest_engine.py,run,run
E:\football_v\11_System_Intelligence\decision_api.py,execute,execute
E:\football_v\11_System_Intelligence\football_ai_runtime.py,start,start
E:\football_v\11_System_Intelligence\intelligence_scheduler.py,run,run
E:\football_v\11_System_Intelligence\learning_scheduler.py,run,run
E:\football_v\11_System_Intelligence\match_simulator.py,run,run
E:\football_v\11_System_Intelligence\parlay_strategy.py,run,run
E:\football_v\11_System_Intelligence\single_strategy.py,run,run
E:\football_v\11_System_Intelligence\tests\test_phase3_15_runtime.py,run,test_runtime
E:\football_v\11_System_Intelligence\tests\test_phase3_3_reasoning.py,engine,test_reasoning_engine
E:\football_v\11_System_Intelligence\tests\test_phase3_7_evolution.py,engine,test_evolution_engine
E:\football_v\11_System_Intelligence\tests\test_phase3_system_intelligence.py,execute,test_controller_execute
E:\football_v\15_API_INTEGRATION_LAYER\api_scheduler\scheduler.py,run,run
E:\football_v\16_DATABASE_GOVERNANCE_LAYER\backup_engine\backup_engine_V1.0.py,run,run
E:\football_v\16_DATABASE_GOVERNANCE_LAYER\database_initializer\database_initializer_V1.0.py,run,run
E:\football_v\16_DATABASE_GOVERNANCE_LAYER\restore_engine\restore_engine_V1.0.py,run,run
E:\football_v\16_DATABASE_GOVERNANCE_LAYER\version_control_engine\version_control_engine_V1.0.py,run,run
E:\football_v\17_MODEL_STORE_LAYER\model_registry\model_registry_V1.0.py,run,run
E:\football_v\23_MODEL_TRAINING_ENGINE\training_pipeline\training_pipeline_V2.0.py,run,run
E:\football_v\24_PREDICTION_INTELLIGENCE_LAYER\prediction_pipeline\prediction_pipeline.py,run,run
E:\football_v\25_BACKTEST_ENGINE\backtest_pipeline\backtest_pipeline_V2.0.py,run,run
E:\football_v\25_BACKTEST_ENGINE\historical_runner\historical_runner_V2.0.py,run,run
E:\football_v\26_AUTOMATION_LAYER\prediction_job\prediction_job_V2.0.py,execute,execute
E:\football_v\26_AUTOMATION_LAYER\scheduler\scheduler_V2.0.py,run,run
E:\football_v\27_MODEL_FUSION_ENGINE\fusion_engine_V2.1.py,run,run
E:\football_v\28_PROBABILITY_CALIBRATION_ENGINE\odds_calibrator.py,run,run
E:\football_v\32_PRODUCTION_ORCHESTRATOR\pipeline_controller.py,start,start
E:\football_v\32_PRODUCTION_ORCHESTRATOR\production_runner.py,run,run
E:\football_v\37_MODEL_INTELLIGENCE_CONNECTOR\dixon_coles_loader.py,run,run
E:\football_v\40_MODEL_TRAINING_PIPELINE\trainer\dixon_coles_trainer_V4.0.py,run,run
E:\football_v\40_MODEL_TRAINING_PIPELINE\trainer\fusion_trainer_V4.0.py,run,run
E:\football_v\40_MODEL_TRAINING_PIPELINE\trainer\poisson_trainer_V4.0.py,run,run
E:\football_v\40_MODEL_TRAINING_PIPELINE\trainer\xgboost_trainer_V4.0.py,run,run
E:\football_v\97_TESTS\integration_test\run_integration_test_V1.5.py,run,run_test
E:\football_v\99_DOCUMENTATION\architecture_cleanup\FINAL_CLEANUP_V3.0\DEPRECATED_ARCHIVE\capital_detector.py,run,run
E:\football_v\99_DOCUMENTATION\architecture_cleanup\FINAL_CLEANUP_V3.0\DEPRECATED_ARCHIVE\elo_loader.py,run,run
E:\football_v\99_DOCUMENTATION\architecture_cleanup\FINAL_CLEANUP_V3.0\DEPRECATED_ARCHIVE\handicap_value.py,run,run
E:\football_v\99_DOCUMENTATION\architecture_cleanup\FINAL_CLEANUP_V3.0\DEPRECATED_ARCHIVE\market_sentiment.py,run,run
E:\football_v\99_DOCUMENTATION\architecture_cleanup\FINAL_CLEANUP_V3.0\DEPRECATED_ARCHIVE\match_predictor.py,run,run
E:\football_v\99_DOCUMENTATION\architecture_cleanup\FINAL_CLEANUP_V3.0\DEPRECATED_ARCHIVE\model_connector.py,run,run
E:\football_v\99_DOCUMENTATION\architecture_cleanup\FINAL_CLEANUP_V3.0\DEPRECATED_ARCHIVE\poisson_loader.py,run,run
E:\football_v\99_DOCUMENTATION\architecture_cleanup\FINAL_CLEANUP_V3.0\DEPRECATED_ARCHIVE\risk_detector.py,run,run
E:\football_v\99_DOCUMENTATION\architecture_cleanup\FINAL_CLEANUP_V3.0\DEPRECATED_ARCHIVE\score_predictor.py,run,run
E:\football_v\99_DOCUMENTATION\architecture_cleanup\FINAL_CLEANUP_V3.0\DEPRECATED_ARCHIVE\value_calculator.py,run,run
E:\football_v\99_DOCUMENTATION\architecture_cleanup\FINAL_CLEANUP_V3.0\DEPRECATED_ARCHIVE\xgboost_loader.py,run,run
E:\football_v\AI_RUNTIME\runtime.py,run,run
