Layer,Dependency_Check,Status
01_DATA_LAYER,Architecture_Registry,PASS
02_FEATURE_LAYER,Architecture_Registry,PASS
03_MODEL_LAYER,Architecture_Registry,PASS
04_PREDICTION_LAYER,Architecture_Registry,PASS
05_MARKET_LAYER,Architecture_Registry,PASS
06_RISK_LAYER,Architecture_Registry,PASS
07_LEARNING_LAYER,Architecture_Registry,PASS
08_DECISION_LAYER,Architecture_Registry,PASS
09_APPLICATION_LAYER,Architecture_Registry,PASS
10_GOVERNANCE_LAYER,Architecture_Registry,PASS
11_SIMULATION_LAYER,Architecture_Registry,PASS
12_API_LAYER,Architecture_Registry,PASS
13_TEST_LAYER,Architecture_Registry,PASS
99_DOCUMENTATION,Architecture_Registry,PASS
